codigo_ibge,uf,mes_ano,status,valor,beneficiarios,coletado_em
1100015,RO,202512,ok,1023078.0,1477.0,2026-09-20T15:49:30.775612+00:00
1100023,RO,202512,ok,4843979.0,7004.0,2026-09-20T15:49:32.942781+00:00
1100031,RO,202512,ok,224434.0,321.0,2026-09-20T15:49:35.048008+00:00
1100049,RO,202512,ok,3648594.0,5400.0,2026-09-20T15:49:37.157441+00:00
1100056,RO,202512,ok,755319.0,1084.0,2026-09-20T15:49:39.260821+00:00
1100064,RO,202512,ok,277913.0,408.0,2026-09-20T15:49:41.363912+00:00
1100072,RO,202512,ok,173522.0,252.0,2026-09-20T15:49:43.468673+00:00
1100080,RO,202512,ok,1281628.0,1812.0,2026-09-20T15:49:45.601246+00:00
1100098,RO,202512,ok,752957.0,1183.0,2026-09-20T15:49:49.674602+00:00
1100106,RO,202512,ok,3741890.0,4884.0,2026-09-20T15:49:51.823205+00:00
1100114,RO,202512,ok,2001659.0,3088.0,2026-09-20T15:49:53.966841+00:00
1100122,RO,202512,ok,4894943.0,7095.0,2026-09-20T15:49:56.073885+00:00
1100130,RO,202512,ok,1542387.0,2299.0,2026-09-20T15:49:58.179135+00:00
1100148,RO,202512,ok,837470.0,1303.0,2026-09-20T15:50:00.301112+00:00
1100155,RO,202512,ok,1480590.0,2237.0,2026-09-20T15:50:02.405081+00:00
1100189,RO,202512,ok,714886.0,1060.0,2026-09-20T15:50:04.518513+00:00
1100205,RO,202512,ok,32591471.0,47138.0,2026-09-20T15:50:06.628774+00:00
1100254,RO,202512,ok,1062944.0,1624.0,2026-09-20T15:50:08.731382+00:00
1100262,RO,202512,ok,121944.0,186.0,2026-09-20T15:50:10.845770+00:00
1100288,RO,202512,ok,1243980.0,1872.0,2026-09-20T15:50:12.961648+00:00
1100296,RO,202512,ok,327663.0,502.0,2026-09-20T15:52:08.304392+00:00
1100304,RO,202512,ok,2883037.0,4305.0,2026-09-20T15:52:09.907065+00:00
1100320,RO,202512,ok,669670.0,1000.0,2026-09-20T15:52:11.509943+00:00
1100338,RO,202512,ok,1799501.0,2467.0,2026-09-20T15:52:13.114318+00:00
1100346,RO,202512,ok,796058.0,1186.0,2026-09-20T15:52:14.723027+00:00
1100379,RO,202512,ok,232828.0,360.0,2026-09-20T15:52:16.334254+00:00
1100403,RO,202512,ok,786162.0,1139.0,2026-09-20T15:52:17.951264+00:00
1100452,RO,202512,ok,1214654.0,1765.0,2026-09-20T15:52:19.562374+00:00
1100502,RO,202512,ok,288677.0,438.0,2026-09-20T15:52:21.199226+00:00
1100601,RO,202512,ok,182396.0,276.0,2026-09-20T15:52:22.804486+00:00
1100700,RO,202512,ok,312964.0,466.0,2026-09-20T15:52:24.415273+00:00
1100809,RO,202512,ok,2413120.0,3497.0,2026-09-20T15:52:26.022260+00:00
1100908,RO,202512,ok,137321.0,200.0,2026-09-20T15:52:27.630165+00:00
1100924,RO,202512,ok,606494.0,854.0,2026-09-20T15:52:29.236312+00:00
1100940,RO,202512,ok,891914.0,1238.0,2026-09-20T15:52:30.840227+00:00
1101005,RO,202512,ok,485998.0,769.0,2026-09-20T15:52:32.450340+00:00
1101104,RO,202512,ok,541747.0,771.0,2026-09-20T15:52:34.057321+00:00
1101203,RO,202512,ok,429139.0,617.0,2026-09-20T15:52:35.674771+00:00
1101302,RO,202512,ok,449709.0,689.0,2026-09-20T15:52:39.248804+00:00
1101401,RO,202512,ok,852294.0,1243.0,2026-09-20T15:52:40.857978+00:00
1101435,RO,202512,ok,435519.0,644.0,2026-09-20T15:52:42.463884+00:00
1101450,RO,202512,ok,210182.0,322.0,2026-09-20T15:52:44.071323+00:00
1101468,RO,202512,ok,177396.0,253.0,2026-09-20T15:52:45.684386+00:00
1101476,RO,202512,ok,164709.0,250.0,2026-09-20T15:52:47.296889+00:00
1101484,RO,202512,ok,117453.0,182.0,2026-09-20T15:52:48.900636+00:00
1101492,RO,202512,ok,843918.0,1257.0,2026-09-20T15:52:50.509063+00:00
1101500,RO,202512,ok,525293.0,778.0,2026-09-20T15:52:52.139974+00:00
1101559,RO,202512,ok,238946.0,355.0,2026-09-20T15:52:53.747455+00:00
1101609,RO,202512,ok,307799.0,450.0,2026-09-20T15:52:55.352957+00:00
1101708,RO,202512,ok,611362.0,895.0,2026-09-20T15:52:56.958033+00:00
1101757,RO,202512,ok,672977.0,980.0,2026-09-20T15:52:58.562944+00:00
1101807,RO,202512,ok,292522.0,436.0,2026-09-20T15:53:00.159274+00:00
1200013,AC,202512,ok,1433559.0,2075.0,2026-09-20T15:53:01.769798+00:00
1200054,AC,202512,ok,1444487.0,1753.0,2026-09-20T15:53:03.375526+00:00
1200104,AC,202512,ok,3138362.0,4362.0,2026-09-20T15:53:04.979172+00:00
1200138,AC,202512,ok,1398298.0,1931.0,2026-09-20T15:53:06.632365+00:00
1200179,AC,202512,ok,1300236.0,1802.0,2026-09-20T15:53:08.249742+00:00
1200203,AC,202512,ok,10439675.0,14089.0,2026-09-20T15:53:09.854376+00:00
1200252,AC,202512,ok,1636103.0,2343.0,2026-09-20T15:53:13.428564+00:00
1200302,AC,202512,ok,4480209.0,5679.0,2026-09-20T15:53:15.032764+00:00
1200328,AC,202512,ok,1514097.0,1712.0,2026-09-20T15:53:16.641618+00:00
1200336,AC,202512,ok,3223589.0,4379.0,2026-09-20T15:53:18.248470+00:00
1200344,AC,202512,ok,1933906.0,2527.0,2026-09-20T15:53:19.866734+00:00
1200351,AC,202512,ok,2863608.0,3622.0,2026-09-20T15:53:21.476519+00:00
1200385,AC,202512,ok,1496363.0,2187.0,2026-09-20T15:53:23.109457+00:00
1200393,AC,202512,ok,1665913.0,2054.0,2026-09-20T15:53:24.725144+00:00
1200401,AC,202512,ok,28175704.0,40998.0,2026-09-20T15:53:26.342638+00:00
1200427,AC,202512,ok,2283517.0,3041.0,2026-09-20T15:53:27.949189+00:00
1200435,AC,202512,ok,1039355.0,1154.0,2026-09-20T15:53:29.572301+00:00
1200450,AC,202512,ok,2222984.0,3131.0,2026-09-20T15:53:31.186014+00:00
1200500,AC,202512,ok,6425793.0,8882.0,2026-09-20T15:53:32.794927+00:00
1200609,AC,202512,ok,6930455.0,8691.0,2026-09-20T15:53:34.406522+00:00
1200708,AC,202512,ok,1912825.0,2690.0,2026-09-20T15:53:36.011960+00:00
1200807,AC,202512,ok,2716027.0,3793.0,2026-09-20T15:53:37.638630+00:00
1300029,AM,202512,ok,2492584.0,3270.0,2026-09-20T15:53:39.251502+00:00
1300060,AM,202512,ok,2142938.0,2792.0,2026-09-20T15:53:40.861292+00:00
1300086,AM,202512,ok,1753544.0,2275.0,2026-09-20T15:53:42.490091+00:00
1300102,AM,202512,ok,2657885.0,3749.0,2026-09-20T15:53:44.109775+00:00
1300144,AM,202512,ok,1515714.0,2148.0,2026-09-20T15:53:47.691442+00:00
1300201,AM,202512,ok,1745403.0,2079.0,2026-09-20T15:53:49.310536+00:00
1300300,AM,202512,ok,10156713.0,14534.0,2026-09-20T15:53:50.915907+00:00
1300409,AM,202512,ok,2619622.0,3346.0,2026-09-20T15:53:52.528333+00:00
1300508,AM,202512,ok,4636736.0,5694.0,2026-09-20T15:53:54.154359+00:00
1300607,AM,202512,ok,5966671.0,7251.0,2026-09-20T15:53:55.802195+00:00
1300631,AM,202512,ok,3992316.0,5006.0,2026-09-20T15:53:57.415450+00:00
1300680,AM,202512,ok,2777021.0,3720.0,2026-09-20T15:53:59.030306+00:00
1300706,AM,202512,ok,4313287.0,5953.0,2026-09-20T15:54:00.635495+00:00
1300805,AM,202512,ok,4963291.0,6542.0,2026-09-20T15:54:02.300635+00:00
1300839,AM,202512,ok,1946295.0,2609.0,2026-09-20T15:54:03.912026+00:00
1300904,AM,202512,ok,2323693.0,3428.0,2026-09-20T15:54:05.523809+00:00
1301001,AM,202512,ok,4260534.0,5732.0,2026-09-20T15:54:07.140657+00:00
1301100,AM,202512,ok,3775992.0,5180.0,2026-09-20T15:54:08.781439+00:00
1301159,AM,202512,ok,2937235.0,4069.0,2026-09-20T15:54:10.411170+00:00
1301209,AM,202512,ok,11102652.0,14714.0,2026-09-20T15:54:12.027051+00:00
1301308,AM,202512,ok,2984066.0,3908.0,2026-09-20T15:54:13.644509+00:00
1301407,AM,202512,ok,4930691.0,6387.0,2026-09-20T15:54:15.257047+00:00
1301506,AM,202512,ok,2907165.0,3985.0,2026-09-20T15:54:16.869327+00:00
1301605,AM,202512,ok,4644666.0,6537.0,2026-09-20T15:54:18.488695+00:00
1301654,AM,202512,ok,2327173.0,3033.0,2026-09-20T15:54:22.057331+00:00
1301704,AM,202512,ok,7889507.0,11066.0,2026-09-20T15:54:23.663492+00:00
1301803,AM,202512,ok,3431316.0,4593.0,2026-09-20T15:54:25.297085+00:00
1301852,AM,202512,ok,9854165.0,13963.0,2026-09-20T15:54:26.900252+00:00
1301902,AM,202512,ok,11514119.0,15595.0,2026-09-20T15:54:28.583449+00:00
1301951,AM,202512,ok,1739870.0,2026.0,2026-09-20T15:54:30.199068+00:00
1302009,AM,202512,ok,1336227.0,1878.0,2026-09-20T15:54:31.798171+00:00
1302108,AM,202512,ok,1125798.0,1461.0,2026-09-20T15:54:33.410765+00:00
1302207,AM,202512,ok,1822989.0,2448.0,2026-09-20T15:54:35.014505+00:00
1302306,AM,202512,ok,3932855.0,4548.0,2026-09-20T15:54:36.618989+00:00
1302405,AM,202512,ok,8628080.0,12161.0,2026-09-20T15:54:38.222555+00:00
1302504,AM,202512,ok,14520487.0,19668.0,2026-09-20T15:54:39.854381+00:00
1302553,AM,202512,ok,2716733.0,3719.0,2026-09-20T15:54:41.465764+00:00
1302603,AM,202512,ok,161491717.0,228543.0,2026-09-20T15:54:43.098979+00:00
1302702,AM,202512,ok,6315616.0,8221.0,2026-09-20T15:54:44.764324+00:00
1302801,AM,202512,ok,2518420.0,3004.0,2026-09-20T15:54:46.382147+00:00
1302900,AM,202512,ok,10252236.0,13433.0,2026-09-20T15:54:47.998412+00:00
1303007,AM,202512,ok,3013584.0,4115.0,2026-09-20T15:54:49.609495+00:00
1303106,AM,202512,ok,4346510.0,5871.0,2026-09-20T15:54:51.232354+00:00
1303205,AM,202512,ok,1733520.0,2319.0,2026-09-20T15:54:52.844998+00:00
1303304,AM,202512,ok,2839002.0,3811.0,2026-09-20T15:54:56.447346+00:00
1303403,AM,202512,ok,15278417.0,20486.0,2026-09-20T15:54:58.050656+00:00
1303502,AM,202512,ok,2656927.0,3352.0,2026-09-20T15:54:59.660324+00:00
1303536,AM,202512,ok,3615414.0,5043.0,2026-09-20T15:55:01.273061+00:00
1303569,AM,202512,ok,2210372.0,3001.0,2026-09-20T15:55:02.883267+00:00
1303601,AM,202512,ok,2001771.0,2524.0,2026-09-20T15:55:04.592583+00:00
1303700,AM,202512,ok,3481793.0,3953.0,2026-09-20T15:55:06.205657+00:00
1303809,AM,202512,ok,6941898.0,8160.0,2026-09-20T15:55:07.813846+00:00
1303908,AM,202512,ok,6207986.0,7386.0,2026-09-20T15:55:09.438998+00:00
1303957,AM,202512,ok,1623378.0,2230.0,2026-09-20T15:55:11.061350+00:00
1304005,AM,202512,ok,1704070.0,2273.0,2026-09-20T15:55:12.670868+00:00
1304062,AM,202512,ok,8427630.0,10616.0,2026-09-20T15:55:14.272231+00:00
1304104,AM,202512,ok,3097982.0,4061.0,2026-09-20T15:55:15.888470+00:00
1304203,AM,202512,ok,10720786.0,13645.0,2026-09-20T15:55:17.498119+00:00
1304237,AM,202512,ok,3092215.0,3839.0,2026-09-20T15:55:19.132079+00:00
1304260,AM,202512,ok,2360414.0,3133.0,2026-09-20T15:55:20.797015+00:00
1304302,AM,202512,ok,2524956.0,3577.0,2026-09-20T15:55:22.394672+00:00
1304401,AM,202512,ok,3415786.0,4626.0,2026-09-20T15:55:24.001916+00:00
1400027,RR,202512,ok,1403683.0,1804.0,2026-09-20T15:55:25.687368+00:00
1400050,RR,202512,ok,1875549.0,2452.0,2026-09-20T15:55:27.312786+00:00
1400100,RR,202512,ok,24806870.0,34544.0,2026-09-20T15:55:30.938592+00:00
1400159,RR,202512,ok,2945178.0,3505.0,2026-09-20T15:55:32.547173+00:00
1400175,RR,202512,ok,2897013.0,3886.0,2026-09-20T15:55:34.159283+00:00
1400209,RR,202512,ok,2509283.0,3406.0,2026-09-20T15:55:35.772250+00:00
1400233,RR,202512,ok,1447904.0,1972.0,2026-09-20T15:55:37.376940+00:00
1400282,RR,202512,ok,870201.0,1227.0,2026-09-20T15:55:39.007667+00:00
1400308,RR,202512,ok,3014281.0,4249.0,2026-09-20T15:55:40.617728+00:00
1400407,RR,202512,ok,2460749.0,2771.0,2026-09-20T15:55:42.241040+00:00
1400456,RR,202512,ok,2987013.0,3708.0,2026-09-20T15:55:43.854195+00:00
1400472,RR,202512,ok,2770729.0,3843.0,2026-09-20T15:55:45.468583+00:00
1400506,RR,202512,ok,937784.0,1294.0,2026-09-20T15:55:47.076353+00:00
1400605,RR,202512,ok,1003171.0,1439.0,2026-09-20T15:55:48.688589+00:00
1400704,RR,202512,ok,2281799.0,2204.0,2026-09-20T15:55:50.299942+00:00
1500107,PA,202512,ok,25961215.0,38060.0,2026-09-20T15:55:51.902804+00:00
1500131,PA,202512,ok,929545.0,1330.0,2026-09-20T15:55:53.512037+00:00
1500206,PA,202512,ok,9450970.0,13136.0,2026-09-20T15:55:55.124215+00:00
1500305,PA,202512,ok,6742528.0,8250.0,2026-09-20T15:55:56.743216+00:00
1500347,PA,202512,ok,1696224.0,2447.0,2026-09-20T15:55:58.351576+00:00
1500404,PA,202512,ok,8836213.0,11793.0,2026-09-20T15:55:59.953951+00:00
1500503,PA,202512,ok,4442984.0,6048.0,2026-09-20T15:56:01.599499+00:00
1500602,PA,202512,ok,9189314.0,12738.0,2026-09-20T15:56:05.417341+00:00
1500701,PA,202512,ok,5113063.0,6088.0,2026-09-20T15:56:07.027840+00:00
1500800,PA,202512,ok,31202887.0,46777.0,2026-09-20T15:56:08.640385+00:00
1500859,PA,202512,ok,4228102.0,5765.0,2026-09-20T15:56:10.252810+00:00
1500909,PA,202512,ok,7358090.0,10363.0,2026-09-20T15:56:11.861654+00:00
1500958,PA,202512,ok,4070034.0,5788.0,2026-09-20T15:56:13.484160+00:00
1501006,PA,202512,ok,1981795.0,2621.0,2026-09-20T15:56:15.095447+00:00
1501105,PA,202512,ok,4736180.0,5925.0,2026-09-20T15:56:16.714796+00:00
1501204,PA,202512,ok,5613226.0,7969.0,2026-09-20T15:56:18.329925+00:00
1501253,PA,202512,ok,398844.0,583.0,2026-09-20T15:56:19.956003+00:00
1501303,PA,202512,ok,12223898.0,17466.0,2026-09-20T15:56:21.571677+00:00
1501402,PA,202512,ok,96942973.0,145543.0,2026-09-20T15:56:23.188301+00:00
1501451,PA,202512,ok,1879391.0,2546.0,2026-09-20T15:59:37.410018+00:00
1501501,PA,202512,ok,7247084.0,10745.0,2026-09-20T15:59:39.026875+00:00
1501576,PA,202512,ok,1631460.0,2274.0,2026-09-20T15:59:40.781897+00:00
1501600,PA,202512,ok,2031815.0,3051.0,2026-09-20T15:59:42.394983+00:00
1501709,PA,202512,ok,16567837.0,23803.0,2026-09-20T15:59:44.006397+00:00
1501725,PA,202512,ok,1937286.0,2819.0,2026-09-20T15:59:45.635271+00:00
1501758,PA,202512,ok,1022880.0,1431.0,2026-09-20T15:59:47.251272+00:00
1501782,PA,202512,ok,6042727.0,8518.0,2026-09-20T15:59:48.856391+00:00
1501808,PA,202512,ok,18706897.0,23787.0,2026-09-20T15:59:50.481934+00:00
1501907,PA,202512,ok,4286720.0,6066.0,2026-09-20T15:59:52.101389+00:00
1501956,PA,202512,ok,3034186.0,4276.0,2026-09-20T15:59:53.712891+00:00
1502004,PA,202512,ok,3640141.0,5187.0,2026-09-20T15:59:55.321825+00:00
1502103,PA,202512,ok,23002712.0,32489.0,2026-09-20T15:59:56.933441+00:00
1502152,PA,202512,ok,6667885.0,9423.0,2026-09-20T15:59:58.539654+00:00
1502202,PA,202512,ok,7554290.0,11170.0,2026-09-20T16:00:00.153100+00:00
1502301,PA,202512,ok,8567831.0,12546.0,2026-09-20T16:00:01.763811+00:00
1502400,PA,202512,ok,14277912.0,21339.0,2026-09-20T16:00:05.359287+00:00
1502509,PA,202512,ok,3510714.0,4394.0,2026-09-20T16:00:06.968197+00:00
1502608,PA,202512,ok,1833647.0,2676.0,2026-09-20T16:00:08.594402+00:00
1502707,PA,202512,ok,2594838.0,3683.0,2026-09-20T16:00:10.235305+00:00
1502756,PA,202512,ok,5113656.0,7193.0,2026-09-20T16:00:11.845146+00:00
1502764,PA,202512,ok,1180790.0,1634.0,2026-09-20T16:00:13.901723+00:00
1502772,PA,202512,ok,2295524.0,3176.0,2026-09-20T16:00:15.676772+00:00
1502806,PA,202512,ok,5706395.0,7307.0,2026-09-20T16:00:17.287149+00:00
1502855,PA,202512,ok,2069781.0,2763.0,2026-09-20T16:00:18.897457+00:00
1502905,PA,202512,ok,6928785.0,10133.0,2026-09-20T16:00:20.512923+00:00
1502939,PA,202512,ok,4016959.0,5772.0,2026-09-20T16:00:22.119521+00:00
1502954,PA,202512,ok,3008924.0,4128.0,2026-09-20T16:00:23.754042+00:00
1503002,PA,202512,ok,1528433.0,2147.0,2026-09-20T16:00:25.361446+00:00
1503044,PA,202512,ok,2219141.0,3097.0,2026-09-20T16:00:26.969596+00:00
1503077,PA,202512,ok,3711296.0,5260.0,2026-09-20T16:00:28.581967+00:00
1503093,PA,202512,ok,2534632.0,3711.0,2026-09-20T16:00:30.195205+00:00
1503101,PA,202512,ok,5323898.0,6767.0,2026-09-20T16:00:31.803587+00:00
1503200,PA,202512,ok,4590002.0,6760.0,2026-09-20T16:00:33.415212+00:00
1503309,PA,202512,ok,10145299.0,14069.0,2026-09-20T16:00:35.036108+00:00
1503408,PA,202512,ok,1263023.0,1849.0,2026-09-20T16:00:38.691811+00:00
1503457,PA,202512,ok,5321984.0,7485.0,2026-09-20T16:00:40.334172+00:00
1503507,PA,202512,ok,5064287.0,7393.0,2026-09-20T16:00:41.950054+00:00
1503606,PA,202512,ok,10730081.0,14681.0,2026-09-20T16:00:43.566699+00:00
1503705,PA,202512,ok,6334845.0,8809.0,2026-09-20T16:00:45.178138+00:00
1503754,PA,202512,ok,3340675.0,3726.0,2026-09-20T16:00:46.790948+00:00
1503804,PA,202512,ok,4504670.0,6552.0,2026-09-20T16:00:48.402812+00:00
1503903,PA,202512,ok,5715447.0,6872.0,2026-09-20T16:00:50.013799+00:00
1504000,PA,202512,ok,4521283.0,6302.0,2026-09-20T16:00:51.627037+00:00
1504059,PA,202512,ok,4733086.0,6822.0,2026-09-20T16:00:53.243597+00:00
1504109,PA,202512,ok,1007572.0,1475.0,2026-09-20T16:00:54.866938+00:00
1504208,PA,202512,ok,19350500.0,27131.0,2026-09-20T16:00:56.469099+00:00
1504307,PA,202512,ok,4689822.0,6723.0,2026-09-20T16:00:58.077031+00:00
1504406,PA,202512,ok,4136009.0,5979.0,2026-09-20T16:00:59.687226+00:00
1504422,PA,202512,ok,12744966.0,18936.0,2026-09-20T16:01:01.368959+00:00
1504455,PA,202512,ok,4088984.0,5621.0,2026-09-20T16:01:02.979544+00:00
1504505,PA,202512,ok,5149485.0,6244.0,2026-09-20T16:01:04.588844+00:00
1504604,PA,202512,ok,6256326.0,8760.0,2026-09-20T16:01:06.195233+00:00
1504703,PA,202512,ok,10933151.0,15523.0,2026-09-20T16:01:07.806390+00:00
1504752,PA,202512,ok,2637005.0,3662.0,2026-09-20T16:01:09.439552+00:00
1504802,PA,202512,ok,8297459.0,11649.0,2026-09-20T16:01:13.087405+00:00
1504901,PA,202512,ok,5417569.0,7373.0,2026-09-20T16:01:14.698742+00:00
1504950,PA,202512,ok,3546035.0,5085.0,2026-09-20T16:01:16.320124+00:00
1504976,PA,202512,ok,1378823.0,1894.0,2026-09-20T16:01:17.956830+00:00
1505007,PA,202512,ok,1631049.0,2412.0,2026-09-20T16:01:19.590861+00:00
1505031,PA,202512,ok,1993456.0,2763.0,2026-09-20T16:01:21.199483+00:00
1505064,PA,202512,ok,8091262.0,11281.0,2026-09-20T16:01:22.806087+00:00
1505106,PA,202512,ok,7126367.0,9579.0,2026-09-20T16:01:24.427303+00:00
1505205,PA,202512,ok,6792672.0,9094.0,2026-09-20T16:01:26.046064+00:00
1505304,PA,202512,ok,7917660.0,10479.0,2026-09-20T16:01:27.655728+00:00
1505403,PA,202512,ok,2706889.0,3975.0,2026-09-20T16:01:29.306665+00:00
1505437,PA,202512,ok,2927439.0,4110.0,2026-09-20T16:01:30.915198+00:00
1505486,PA,202512,ok,5836056.0,8022.0,2026-09-20T16:01:32.531955+00:00
1505494,PA,202512,ok,916594.0,1289.0,2026-09-20T16:01:34.141912+00:00
1505502,PA,202512,ok,7560564.0,10931.0,2026-09-20T16:01:35.752504+00:00
1505536,PA,202512,ok,14801284.0,21326.0,2026-09-20T16:01:37.397789+00:00
1505551,PA,202512,ok,976441.0,1428.0,2026-09-20T16:01:39.023153+00:00
1505601,PA,202512,ok,1045169.0,1557.0,2026-09-20T16:01:40.647922+00:00
1505635,PA,202512,ok,1269885.0,1805.0,2026-09-20T16:01:42.256818+00:00
1505650,PA,202512,ok,2483407.0,3506.0,2026-09-20T16:01:43.871198+00:00
1505700,PA,202512,ok,4793394.0,6791.0,2026-09-20T16:01:47.407812+00:00
1505809,PA,202512,ok,8923939.0,10652.0,2026-09-20T16:01:49.021463+00:00
1505908,PA,202512,ok,5187234.0,6868.0,2026-09-20T16:01:50.639255+00:00
1506005,PA,202512,ok,6612456.0,8826.0,2026-09-20T16:01:52.254556+00:00
1506104,PA,202512,ok,1604818.0,2361.0,2026-09-20T16:01:53.863814+00:00
1506112,PA,202512,ok,1685018.0,2484.0,2026-09-20T16:01:55.476758+00:00
1506138,PA,202512,ok,5458490.0,7960.0,2026-09-20T16:01:57.115614+00:00
1506161,PA,202512,ok,1541552.0,2253.0,2026-09-20T16:01:58.746792+00:00
1506187,PA,202512,ok,3326888.0,4792.0,2026-09-20T16:02:00.356127+00:00
1506195,PA,202512,ok,2835638.0,3928.0,2026-09-20T16:02:01.965823+00:00
1506203,PA,202512,ok,4389834.0,6306.0,2026-09-20T16:02:03.572634+00:00
1506302,PA,202512,ok,4216064.0,6125.0,2026-09-20T16:02:05.174983+00:00
1506351,PA,202512,ok,2246137.0,3288.0,2026-09-20T16:02:06.780656+00:00
1506401,PA,202512,ok,1188935.0,1711.0,2026-09-20T16:02:08.387267+00:00
1506500,PA,202512,ok,5750598.0,8482.0,2026-09-20T16:02:10.012807+00:00
1506559,PA,202512,ok,3348726.0,4837.0,2026-09-20T16:02:11.654167+00:00
1506583,PA,202512,ok,1489870.0,2213.0,2026-09-20T16:02:13.265778+00:00
1506609,PA,202512,ok,3025750.0,4426.0,2026-09-20T16:02:14.877700+00:00
1506708,PA,202512,ok,3898649.0,5426.0,2026-09-20T16:02:16.484548+00:00
1506807,PA,202512,ok,33034574.0,45134.0,2026-09-20T16:02:18.137200+00:00
1506906,PA,202512,ok,1215130.0,1760.0,2026-09-20T16:02:21.861085+00:00
1507003,PA,202512,ok,4184247.0,6094.0,2026-09-20T16:02:23.501743+00:00
1507102,PA,202512,ok,1933564.0,2786.0,2026-09-20T16:02:25.114077+00:00
1507151,PA,202512,ok,2697878.0,3799.0,2026-09-20T16:02:26.727436+00:00
1507201,PA,202512,ok,5198089.0,7301.0,2026-09-20T16:02:28.359454+00:00
1507300,PA,202512,ok,7138640.0,9879.0,2026-09-20T16:02:29.966937+00:00
1507409,PA,202512,ok,2112091.0,3202.0,2026-09-20T16:02:31.584975+00:00
1507458,PA,202512,ok,2867177.0,4082.0,2026-09-20T16:02:33.189972+00:00
1507466,PA,202512,ok,871878.0,1198.0,2026-09-20T16:02:34.796394+00:00
1507474,PA,202512,ok,3170680.0,4600.0,2026-09-20T16:02:36.404502+00:00
1507508,PA,202512,ok,1974955.0,2713.0,2026-09-20T16:02:38.021455+00:00
1507607,PA,202512,ok,5885510.0,8363.0,2026-09-20T16:02:39.644096+00:00
1507706,PA,202512,ok,4447348.0,5952.0,2026-09-20T16:02:41.264141+00:00
1507755,PA,202512,ok,634227.0,882.0,2026-09-20T16:02:42.873302+00:00
1507805,PA,202512,ok,3129631.0,4165.0,2026-09-20T16:02:44.483809+00:00
1507904,PA,202512,ok,3691136.0,5068.0,2026-09-20T16:02:46.096745+00:00
1507953,PA,202512,ok,8938603.0,12439.0,2026-09-20T16:02:47.716867+00:00
1507961,PA,202512,ok,1853386.0,2723.0,2026-09-20T16:02:49.329909+00:00
1507979,PA,202512,ok,2427037.0,3364.0,2026-09-20T16:02:50.942703+00:00
1508001,PA,202512,ok,8437759.0,11432.0,2026-09-20T16:02:52.553765+00:00
1508035,PA,202512,ok,5439928.0,7938.0,2026-09-20T16:02:56.462019+00:00
1508050,PA,202512,ok,1710052.0,2393.0,2026-09-20T16:02:58.031233+00:00
1508084,PA,202512,ok,1720025.0,2701.0,2026-09-20T16:02:59.596814+00:00
1508100,PA,202512,ok,7455203.0,10661.0,2026-09-20T16:03:01.196655+00:00
1508126,PA,202512,ok,3171301.0,4588.0,2026-09-20T16:03:02.795822+00:00
1508159,PA,202512,ok,4913081.0,6756.0,2026-09-20T16:03:04.391541+00:00
1508209,PA,202512,ok,7140126.0,10435.0,2026-09-20T16:03:05.956486+00:00
1508308,PA,202512,ok,8440089.0,11767.0,2026-09-20T16:03:08.014494+00:00
1508357,PA,202512,ok,1775424.0,2534.0,2026-09-20T16:03:09.690833+00:00
1508407,PA,202512,ok,3753695.0,5376.0,2026-09-20T16:03:11.278193+00:00
1600055,AP,202512,ok,554066.0,788.0,2026-09-20T16:03:12.887012+00:00
1600105,AP,202512,ok,1322711.0,1802.0,2026-09-20T16:03:14.520745+00:00
1600154,AP,202512,ok,1849936.0,2519.0,2026-09-20T16:03:16.130696+00:00
1600204,AP,202512,ok,1453536.0,1872.0,2026-09-20T16:03:17.742482+00:00
1600212,AP,202512,ok,761456.0,892.0,2026-09-20T16:03:19.356475+00:00
1600238,AP,202512,ok,769905.0,1002.0,2026-09-20T16:03:20.967167+00:00
1600253,AP,202512,ok,1453906.0,1971.0,2026-09-20T16:03:22.578830+00:00
1600279,AP,202512,ok,4660791.0,6685.0,2026-09-20T16:03:24.194422+00:00
1600303,AP,202512,ok,42473931.0,58628.0,2026-09-20T16:03:25.834357+00:00
1600402,AP,202512,ok,3335223.0,4156.0,2026-09-20T16:03:27.452235+00:00
1600501,AP,202512,ok,4298399.0,6054.0,2026-09-20T16:03:31.231695+00:00
1600535,AP,202512,ok,2471501.0,3335.0,2026-09-20T16:03:32.873686+00:00
1600550,AP,202512,ok,792444.0,1061.0,2026-09-20T16:03:34.508080+00:00
1600600,AP,202512,ok,11083051.0,15554.0,2026-09-20T16:03:36.120250+00:00
1600709,AP,202512,ok,2028254.0,2517.0,2026-09-20T16:03:37.760818+00:00
1600808,AP,202512,ok,1812739.0,2457.0,2026-09-20T16:03:39.374974+00:00
1700251,TO,202512,ok,149736.0,224.0,2026-09-20T16:03:41.007602+00:00
1700301,TO,202512,ok,306925.0,452.0,2026-09-20T16:03:42.616372+00:00
1700350,TO,202512,ok,408044.0,580.0,2026-09-20T16:03:44.223439+00:00
1700400,TO,202512,ok,722823.0,1044.0,2026-09-20T16:03:45.843769+00:00
1700707,TO,202512,ok,611707.0,878.0,2026-09-20T16:03:47.468102+00:00
1701002,TO,202512,ok,1096723.0,1541.0,2026-09-20T16:03:49.100991+00:00
1701051,TO,202512,ok,150366.0,223.0,2026-09-20T16:03:50.712986+00:00
1701101,TO,202512,ok,406519.0,556.0,2026-09-20T16:03:52.325935+00:00
1701309,TO,202512,ok,502234.0,740.0,2026-09-20T16:03:53.935289+00:00
1701903,TO,202512,ok,548133.0,768.0,2026-09-20T16:07:10.267833+00:00
1702000,TO,202512,ok,371840.0,558.0,2026-09-20T16:07:11.881279+00:00
1702109,TO,202512,ok,7500337.0,10982.0,2026-09-20T16:07:13.486857+00:00
1702158,TO,202512,ok,445622.0,624.0,2026-09-20T16:07:15.084920+00:00
1702208,TO,202512,ok,2366891.0,3368.0,2026-09-20T16:07:16.687418+00:00
1702307,TO,202512,ok,485791.0,683.0,2026-09-20T16:07:18.297383+00:00
1702406,TO,202512,ok,1156768.0,1693.0,2026-09-20T16:07:19.914658+00:00
1702554,TO,202512,ok,1414819.0,1958.0,2026-09-20T16:07:21.539912+00:00
1702703,TO,202512,ok,260158.0,389.0,2026-09-20T16:07:23.164288+00:00
1702901,TO,202512,ok,1462166.0,2032.0,2026-09-20T16:07:24.783207+00:00
1703008,TO,202512,ok,780670.0,1144.0,2026-09-20T16:07:26.401003+00:00
1703057,TO,202512,ok,271501.0,388.0,2026-09-20T16:07:28.030220+00:00
1703073,TO,202512,ok,509772.0,707.0,2026-09-20T16:07:31.694709+00:00
1703107,TO,202512,ok,431936.0,628.0,2026-09-20T16:07:33.332734+00:00
1703206,TO,202512,ok,327790.0,476.0,2026-09-20T16:07:34.945480+00:00
1703305,TO,202512,ok,586790.0,822.0,2026-09-20T16:07:36.557663+00:00
1703602,TO,202512,ok,195363.0,289.0,2026-09-20T16:07:38.155417+00:00
1703701,TO,202512,ok,434463.0,637.0,2026-09-20T16:07:39.768868+00:00
1703800,TO,202512,ok,692553.0,954.0,2026-09-20T16:07:41.377911+00:00
1703826,TO,202512,ok,219227.0,309.0,2026-09-20T16:07:42.984853+00:00
1703842,TO,202512,ok,682884.0,908.0,2026-09-20T16:07:44.585949+00:00
1703867,TO,202512,ok,168386.0,239.0,2026-09-20T16:07:46.224920+00:00
1703883,TO,202512,ok,259952.0,370.0,2026-09-20T16:07:47.829718+00:00
1703891,TO,202512,ok,320329.0,436.0,2026-09-20T16:07:49.439262+00:00
1703909,TO,202512,ok,532750.0,778.0,2026-09-20T16:07:51.041691+00:00
1704105,TO,202512,ok,192676.0,285.0,2026-09-20T16:07:52.653393+00:00
1704600,TO,202512,ok,160576.0,220.0,2026-09-20T16:07:54.269866+00:00
1705102,TO,202512,ok,316022.0,444.0,2026-09-20T16:07:55.878802+00:00
1705508,TO,202512,ok,2544252.0,3642.0,2026-09-20T16:07:57.486256+00:00
1705557,TO,202512,ok,417311.0,622.0,2026-09-20T16:07:59.102563+00:00
1705607,TO,202512,ok,339879.0,497.0,2026-09-20T16:08:00.706573+00:00
1706001,TO,202512,ok,538804.0,791.0,2026-09-20T16:08:02.319810+00:00
1706100,TO,202512,ok,546793.0,790.0,2026-09-20T16:08:06.451269+00:00
1706258,TO,202512,ok,108058.0,160.0,2026-09-20T16:08:08.061993+00:00
1706506,TO,202512,ok,658319.0,940.0,2026-09-20T16:08:09.666828+00:00
1707009,TO,202512,ok,1048472.0,1551.0,2026-09-20T16:08:11.352019+00:00
1707108,TO,202512,ok,588504.0,847.0,2026-09-20T16:08:12.979570+00:00
1707207,TO,202512,ok,624405.0,921.0,2026-09-20T16:08:14.592916+00:00
1707306,TO,202512,ok,396372.0,556.0,2026-09-20T16:08:16.203928+00:00
1707405,TO,202512,ok,1064421.0,1489.0,2026-09-20T16:08:17.819843+00:00
1707553,TO,202512,ok,260100.0,362.0,2026-09-20T16:08:19.432726+00:00
1707652,TO,202512,ok,340168.0,497.0,2026-09-20T16:08:21.044893+00:00
1707702,TO,202512,ok,782721.0,1105.0,2026-09-20T16:08:22.657494+00:00
1708205,TO,202512,ok,1435346.0,2049.0,2026-09-20T16:08:24.292807+00:00
1708254,TO,202512,ok,399652.0,573.0,2026-09-20T16:08:25.914532+00:00
1708304,TO,202512,ok,382839.0,556.0,2026-09-20T16:08:27.522753+00:00
1709005,TO,202512,ok,1601496.0,2136.0,2026-09-20T16:08:29.132008+00:00
1709302,TO,202512,ok,1368809.0,2042.0,2026-09-20T16:08:30.747142+00:00
1709500,TO,202512,ok,2499979.0,3608.0,2026-09-20T16:08:32.351597+00:00
1709807,TO,202512,ok,99798.0,152.0,2026-09-20T16:08:33.957416+00:00
1710508,TO,202512,ok,874213.0,1200.0,2026-09-20T16:08:35.571263+00:00
1710706,TO,202512,ok,669495.0,955.0,2026-09-20T16:08:37.185362+00:00
1710904,TO,202512,ok,298238.0,449.0,2026-09-20T16:08:40.899531+00:00
1711100,TO,202512,ok,180948.0,260.0,2026-09-20T16:08:42.530842+00:00
1711506,TO,202512,ok,182252.0,268.0,2026-09-20T16:08:44.142653+00:00
1711803,TO,202512,ok,179089.0,253.0,2026-09-20T16:08:45.746689+00:00
1711902,TO,202512,ok,1200884.0,1589.0,2026-09-20T16:08:47.353442+00:00
1711951,TO,202512,ok,318515.0,416.0,2026-09-20T16:08:48.964543+00:00
1712009,TO,202512,ok,147248.0,226.0,2026-09-20T16:08:50.576160+00:00
1712157,TO,202512,ok,143262.0,215.0,2026-09-20T16:08:52.208895+00:00
1712405,TO,202512,ok,329643.0,441.0,2026-09-20T16:08:53.821473+00:00
1712454,TO,202512,ok,203335.0,302.0,2026-09-20T16:08:55.435304+00:00
1712504,TO,202512,ok,301250.0,411.0,2026-09-20T16:08:57.071688+00:00
1712702,TO,202512,ok,226517.0,312.0,2026-09-20T16:08:58.674325+00:00
1712801,TO,202512,ok,349281.0,491.0,2026-09-20T16:09:00.285711+00:00
1713205,TO,202512,ok,991016.0,1458.0,2026-09-20T16:09:01.897303+00:00
1713304,TO,202512,ok,931476.0,1363.0,2026-09-20T16:09:03.510303+00:00
1713601,TO,202512,ok,538195.0,751.0,2026-09-20T16:09:05.123013+00:00
1713700,TO,202512,ok,194000.0,281.0,2026-09-20T16:09:06.733560+00:00
1713809,TO,202512,ok,533157.0,769.0,2026-09-20T16:09:08.343393+00:00
1713957,TO,202512,ok,358670.0,504.0,2026-09-20T16:09:09.963631+00:00
1714203,TO,202512,ok,706856.0,1033.0,2026-09-20T16:09:11.580489+00:00
1714302,TO,202512,ok,349934.0,510.0,2026-09-20T16:09:15.330962+00:00
1714880,TO,202512,ok,906540.0,1306.0,2026-09-20T16:09:16.945864+00:00
1715002,TO,202512,ok,202208.0,309.0,2026-09-20T16:09:18.616269+00:00
1715101,TO,202512,ok,424941.0,596.0,2026-09-20T16:09:20.228382+00:00
1715150,TO,202512,ok,145176.0,219.0,2026-09-20T16:09:21.906881+00:00
1715259,TO,202512,ok,248188.0,344.0,2026-09-20T16:09:23.516938+00:00
1715507,TO,202512,ok,81995.0,123.0,2026-09-20T16:09:25.129332+00:00
1715705,TO,202512,ok,422445.0,625.0,2026-09-20T16:09:26.744515+00:00
1715754,TO,202512,ok,429893.0,662.0,2026-09-20T16:09:28.387466+00:00
1716109,TO,202512,ok,1039459.0,1536.0,2026-09-20T16:09:30.067870+00:00
1716208,TO,202512,ok,1266612.0,1826.0,2026-09-20T16:09:31.678631+00:00
1716307,TO,202512,ok,368759.0,523.0,2026-09-20T16:09:33.286324+00:00
1716505,TO,202512,ok,753893.0,1049.0,2026-09-20T16:09:34.923028+00:00
1716604,TO,202512,ok,737866.0,1043.0,2026-09-20T16:09:36.541878+00:00
1716653,TO,202512,ok,330295.0,501.0,2026-09-20T16:09:38.156358+00:00
1716703,TO,202512,ok,617406.0,926.0,2026-09-20T16:09:39.761057+00:00
1717008,TO,202512,ok,406287.0,574.0,2026-09-20T16:09:41.372851+00:00
1717206,TO,202512,ok,247062.0,352.0,2026-09-20T16:09:42.993651+00:00
1717503,TO,202512,ok,390240.0,539.0,2026-09-20T16:09:44.605348+00:00
1717800,TO,202512,ok,378510.0,572.0,2026-09-20T16:09:46.230949+00:00
1717909,TO,202512,ok,502420.0,706.0,2026-09-20T16:09:49.964250+00:00
1718006,TO,202512,ok,237369.0,346.0,2026-09-20T16:09:51.577007+00:00
1718204,TO,202512,ok,3308741.0,4740.0,2026-09-20T16:09:53.187848+00:00
1718303,TO,202512,ok,676508.0,919.0,2026-09-20T16:09:54.801966+00:00
1718402,TO,202512,ok,216677.0,332.0,2026-09-20T16:09:56.411832+00:00
1718451,TO,202512,ok,231460.0,338.0,2026-09-20T16:09:58.019668+00:00
1718501,TO,202512,ok,571203.0,789.0,2026-09-20T16:09:59.638970+00:00
1718550,TO,202512,ok,327986.0,477.0,2026-09-20T16:10:01.250978+00:00
1718659,TO,202512,ok,190273.0,263.0,2026-09-20T16:10:02.861689+00:00
1718709,TO,202512,ok,234567.0,334.0,2026-09-20T16:10:04.489379+00:00
1718758,TO,202512,ok,626268.0,902.0,2026-09-20T16:10:06.097656+00:00
1718808,TO,202512,ok,698864.0,955.0,2026-09-20T16:10:07.706455+00:00
1718840,TO,202512,ok,435698.0,620.0,2026-09-20T16:10:09.318495+00:00
1718865,TO,202512,ok,435457.0,614.0,2026-09-20T16:10:10.942613+00:00
1718881,TO,202512,ok,159871.0,241.0,2026-09-20T16:10:12.554512+00:00
1718899,TO,202512,ok,116545.0,176.0,2026-09-20T16:10:14.220589+00:00
1718907,TO,202512,ok,430849.0,596.0,2026-09-20T16:10:15.862468+00:00
1719004,TO,202512,ok,212401.0,273.0,2026-09-20T16:10:17.473296+00:00
1720002,TO,202512,ok,126475.0,197.0,2026-09-20T16:10:19.092822+00:00
1720101,TO,202512,ok,694784.0,973.0,2026-09-20T16:10:20.704707+00:00
1720150,TO,202512,ok,118835.0,185.0,2026-09-20T16:10:24.437123+00:00
1720200,TO,202512,ok,1378002.0,1969.0,2026-09-20T16:10:26.047940+00:00
1720259,TO,202512,ok,226889.0,330.0,2026-09-20T16:10:27.660843+00:00
1720309,TO,202512,ok,498154.0,712.0,2026-09-20T16:10:29.270536+00:00
1720499,TO,202512,ok,390448.0,566.0,2026-09-20T16:10:30.899304+00:00
1720655,TO,202512,ok,530089.0,735.0,2026-09-20T16:10:32.512673+00:00
1720804,TO,202512,ok,984996.0,1382.0,2026-09-20T16:10:34.126814+00:00
1720853,TO,202512,ok,76786.0,114.0,2026-09-20T16:10:35.736458+00:00
1720903,TO,202512,ok,1627882.0,2402.0,2026-09-20T16:10:37.339105+00:00
1720937,TO,202512,ok,139598.0,204.0,2026-09-20T16:10:38.957664+00:00
1720978,TO,202512,ok,119342.0,179.0,2026-09-20T16:10:40.570960+00:00
1721000,TO,202512,ok,11428034.0,16326.0,2026-09-20T16:10:42.187457+00:00
1721109,TO,202512,ok,1024904.0,1312.0,2026-09-20T16:10:43.795639+00:00
1721208,TO,202512,ok,2004684.0,2824.0,2026-09-20T16:10:45.426420+00:00
1721257,TO,202512,ok,134692.0,187.0,2026-09-20T16:10:47.036763+00:00
1721307,TO,202512,ok,93170.0,144.0,2026-09-20T16:10:48.648996+00:00
1722081,TO,202512,ok,932637.0,1343.0,2026-09-20T16:10:50.259923+00:00
1722107,TO,202512,ok,1091842.0,1543.0,2026-09-20T16:10:51.872899+00:00
2100055,MA,202512,ok,7717911.0,11051.0,2026-09-20T16:10:53.488378+00:00
2100105,MA,202512,ok,1344343.0,1790.0,2026-09-20T16:10:55.114346+00:00
2100154,MA,202512,ok,1845465.0,2599.0,2026-09-20T16:10:58.839405+00:00
2100204,MA,202512,ok,3884205.0,5784.0,2026-09-20T16:11:00.450240+00:00
2100303,MA,202512,ok,2925100.0,3979.0,2026-09-20T16:11:02.095516+00:00
2100402,MA,202512,ok,1150441.0,1670.0,2026-09-20T16:11:03.707232+00:00
2100436,MA,202512,ok,3041682.0,4209.0,2026-09-20T16:11:05.318725+00:00
2100477,MA,202512,ok,3643132.0,5008.0,2026-09-20T16:11:06.931613+00:00
2100501,MA,202512,ok,1290566.0,1785.0,2026-09-20T16:11:08.547809+00:00
2100550,MA,202512,ok,1139667.0,1583.0,2026-09-20T16:11:10.158524+00:00
2100600,MA,202512,ok,4593148.0,5831.0,2026-09-20T16:11:11.774405+00:00
2100709,MA,202512,ok,4130800.0,6073.0,2026-09-20T16:11:13.388660+00:00
2100808,MA,202512,ok,2747474.0,3805.0,2026-09-20T16:11:14.999568+00:00
2100832,MA,202512,ok,3418259.0,4915.0,2026-09-20T16:11:16.640203+00:00
2100873,MA,202512,ok,1538996.0,2149.0,2026-09-20T16:11:18.273133+00:00
2100907,MA,202512,ok,5519884.0,7811.0,2026-09-20T16:11:19.890788+00:00
2100956,MA,202512,ok,3581723.0,4632.0,2026-09-20T16:11:21.500596+00:00
2101004,MA,202512,ok,3379667.0,4833.0,2026-09-20T16:11:23.111121+00:00
2101103,MA,202512,ok,2116259.0,3098.0,2026-09-20T16:11:24.729804+00:00
2101202,MA,202512,ok,11443771.0,16650.0,2026-09-20T16:11:26.360320+00:00
2101251,MA,202512,ok,2354961.0,3382.0,2026-09-20T16:14:41.289087+00:00
2101301,MA,202512,ok,2221157.0,3159.0,2026-09-20T16:14:42.880841+00:00
2101350,MA,202512,ok,902599.0,1312.0,2026-09-20T16:14:44.473178+00:00
2101400,MA,202512,ok,8363365.0,11888.0,2026-09-20T16:14:46.075415+00:00
2101509,MA,202512,ok,2505752.0,3653.0,2026-09-20T16:14:47.683331+00:00
2101608,MA,202512,ok,9587313.0,13725.0,2026-09-20T16:14:49.303622+00:00
2101707,MA,202512,ok,9498751.0,13135.0,2026-09-20T16:14:50.909781+00:00
2101731,MA,202512,ok,1619826.0,2034.0,2026-09-20T16:14:52.510548+00:00
2101772,MA,202512,ok,1824668.0,2538.0,2026-09-20T16:14:54.196167+00:00
2101806,MA,202512,ok,771317.0,1098.0,2026-09-20T16:14:57.912830+00:00
2101905,MA,202512,ok,2914944.0,4282.0,2026-09-20T16:14:59.536202+00:00
2101939,MA,202512,ok,639503.0,948.0,2026-09-20T16:15:01.144799+00:00
2101970,MA,202512,ok,1250683.0,1684.0,2026-09-20T16:15:02.755766+00:00
2102002,MA,202512,ok,4505785.0,6245.0,2026-09-20T16:15:04.402580+00:00
2102036,MA,202512,ok,3551175.0,4758.0,2026-09-20T16:15:06.010291+00:00
2102077,MA,202512,ok,1725970.0,2522.0,2026-09-20T16:15:07.621885+00:00
2102101,MA,202512,ok,4648791.0,6544.0,2026-09-20T16:15:09.233167+00:00
2102150,MA,202512,ok,1503383.0,2072.0,2026-09-20T16:15:10.849302+00:00
2102200,MA,202512,ok,5229335.0,7115.0,2026-09-20T16:15:12.461655+00:00
2102309,MA,202512,ok,3746058.0,5318.0,2026-09-20T16:15:14.066729+00:00
2102325,MA,202512,ok,6588760.0,9025.0,2026-09-20T16:15:15.676261+00:00
2102358,MA,202512,ok,1621118.0,2265.0,2026-09-20T16:15:17.287501+00:00
2102374,MA,202512,ok,2531037.0,3613.0,2026-09-20T16:15:18.940762+00:00
2102408,MA,202512,ok,1508563.0,2147.0,2026-09-20T16:15:20.554901+00:00
2102507,MA,202512,ok,3958003.0,5589.0,2026-09-20T16:15:22.185920+00:00
2102556,MA,202512,ok,1209382.0,1674.0,2026-09-20T16:15:23.798011+00:00
2102606,MA,202512,ok,3108520.0,4322.0,2026-09-20T16:15:25.422854+00:00
2102705,MA,202512,ok,2332608.0,3348.0,2026-09-20T16:15:27.036908+00:00
2102754,MA,202512,ok,1554597.0,2227.0,2026-09-20T16:15:28.648381+00:00
2102804,MA,202512,ok,2662286.0,3767.0,2026-09-20T16:15:32.324719+00:00
2102903,MA,202512,ok,4182251.0,6163.0,2026-09-20T16:15:33.934627+00:00
2103000,MA,202512,ok,9832737.0,14143.0,2026-09-20T16:15:35.554171+00:00
2103109,MA,202512,ok,1736073.0,2565.0,2026-09-20T16:15:37.163615+00:00
2103125,MA,202512,ok,1765477.0,2599.0,2026-09-20T16:15:38.776676+00:00
2103158,MA,202512,ok,2191719.0,2994.0,2026-09-20T16:15:40.383884+00:00
2103174,MA,202512,ok,2763535.0,3679.0,2026-09-20T16:15:42.012410+00:00
2103208,MA,202512,ok,15250239.0,22163.0,2026-09-20T16:15:43.625919+00:00
2103257,MA,202512,ok,1888966.0,2613.0,2026-09-20T16:15:45.249729+00:00
2103307,MA,202512,ok,13748702.0,19008.0,2026-09-20T16:15:46.858321+00:00
2103406,MA,202512,ok,5991347.0,8778.0,2026-09-20T16:15:48.470559+00:00
2103505,MA,202512,ok,5816548.0,8300.0,2026-09-20T16:15:50.089325+00:00
2103554,MA,202512,ok,2157232.0,2908.0,2026-09-20T16:15:51.703945+00:00
2103604,MA,202512,ok,7183917.0,10024.0,2026-09-20T16:15:53.316450+00:00
2103703,MA,202512,ok,5638883.0,8209.0,2026-09-20T16:15:54.928098+00:00
2103752,MA,202512,ok,1158502.0,1617.0,2026-09-20T16:15:56.534953+00:00
2103802,MA,202512,ok,3007246.0,4339.0,2026-09-20T16:15:58.146412+00:00
2103901,MA,202512,ok,2136778.0,2975.0,2026-09-20T16:15:59.757105+00:00
2104008,MA,202512,ok,2411143.0,3452.0,2026-09-20T16:16:01.363457+00:00
2104057,MA,202512,ok,2804287.0,4067.0,2026-09-20T16:16:02.972736+00:00
2104073,MA,202512,ok,994394.0,1383.0,2026-09-20T16:16:07.010276+00:00
2104081,MA,202512,ok,1854464.0,2374.0,2026-09-20T16:16:08.621881+00:00
2104099,MA,202512,ok,2279243.0,3164.0,2026-09-20T16:16:10.233295+00:00
2104107,MA,202512,ok,1748365.0,2509.0,2026-09-20T16:16:11.848036+00:00
2104206,MA,202512,ok,2409197.0,3299.0,2026-09-20T16:16:13.489724+00:00
2104305,MA,202512,ok,1439155.0,1985.0,2026-09-20T16:16:15.105082+00:00
2104404,MA,202512,ok,2482308.0,3486.0,2026-09-20T16:16:16.711852+00:00
2104503,MA,202512,ok,1257297.0,1765.0,2026-09-20T16:16:18.319144+00:00
2104552,MA,202512,ok,1845364.0,2629.0,2026-09-20T16:16:19.950084+00:00
2104602,MA,202512,ok,1666288.0,2329.0,2026-09-20T16:16:21.577788+00:00
2104628,MA,202512,ok,902261.0,1250.0,2026-09-20T16:16:23.188630+00:00
2104651,MA,202512,ok,1527931.0,2206.0,2026-09-20T16:16:24.800507+00:00
2104677,MA,202512,ok,3387362.0,4687.0,2026-09-20T16:16:26.404848+00:00
2104701,MA,202512,ok,802094.0,1118.0,2026-09-20T16:16:28.017001+00:00
2104800,MA,202512,ok,9818768.0,13147.0,2026-09-20T16:16:29.628077+00:00
2104909,MA,202512,ok,1441749.0,2125.0,2026-09-20T16:16:31.239742+00:00
2105005,MA,202512,ok,4069105.0,5357.0,2026-09-20T16:16:32.850979+00:00
2105104,MA,202512,ok,4611604.0,6569.0,2026-09-20T16:16:34.461590+00:00
2105153,MA,202512,ok,2029715.0,2753.0,2026-09-20T16:16:36.084732+00:00
2105203,MA,202512,ok,1357906.0,1984.0,2026-09-20T16:16:37.692241+00:00
2105302,MA,202512,ok,19654475.0,28200.0,2026-09-20T16:16:41.086946+00:00
2105351,MA,202512,ok,2441297.0,3279.0,2026-09-20T16:16:42.721888+00:00
2105401,MA,202512,ok,6693289.0,9279.0,2026-09-20T16:16:44.333753+00:00
2105427,MA,202512,ok,2746976.0,3881.0,2026-09-20T16:16:45.948556+00:00
2105450,MA,202512,ok,1251318.0,1735.0,2026-09-20T16:16:47.555201+00:00
2105476,MA,202512,ok,2417267.0,2968.0,2026-09-20T16:16:49.168647+00:00
2105500,MA,202512,ok,2575034.0,3575.0,2026-09-20T16:16:50.779525+00:00
2105609,MA,202512,ok,2127807.0,2956.0,2026-09-20T16:16:52.410342+00:00
2105658,MA,202512,ok,810173.0,1104.0,2026-09-20T16:16:54.020296+00:00
2105708,MA,202512,ok,6161176.0,8702.0,2026-09-20T16:16:55.630586+00:00
2105807,MA,202512,ok,1372658.0,1936.0,2026-09-20T16:16:57.240182+00:00
2105906,MA,202512,ok,2179918.0,3016.0,2026-09-20T16:16:58.853085+00:00
2105922,MA,202512,ok,1752282.0,2507.0,2026-09-20T16:17:00.461699+00:00
2105948,MA,202512,ok,1192036.0,1698.0,2026-09-20T16:17:02.071968+00:00
2105963,MA,202512,ok,1835468.0,2485.0,2026-09-20T16:17:03.683452+00:00
2105989,MA,202512,ok,1082924.0,1488.0,2026-09-20T16:17:05.294118+00:00
2106003,MA,202512,ok,1424400.0,2047.0,2026-09-20T16:17:06.912795+00:00
2106102,MA,202512,ok,1445259.0,2103.0,2026-09-20T16:17:08.519407+00:00
2106201,MA,202512,ok,1473269.0,2111.0,2026-09-20T16:17:10.139606+00:00
2106300,MA,202512,ok,1815991.0,2578.0,2026-09-20T16:17:11.748335+00:00
2106326,MA,202512,ok,3220843.0,4442.0,2026-09-20T16:17:15.508069+00:00
2106359,MA,202512,ok,1076229.0,1441.0,2026-09-20T16:17:17.121050+00:00
2106375,MA,202512,ok,1790023.0,2458.0,2026-09-20T16:17:18.738152+00:00
2106409,MA,202512,ok,2972443.0,4130.0,2026-09-20T16:17:20.347802+00:00
2106508,MA,202512,ok,3922169.0,5600.0,2026-09-20T16:17:21.976403+00:00
2106607,MA,202512,ok,4376461.0,6059.0,2026-09-20T16:17:23.612075+00:00
2106631,MA,202512,ok,1341509.0,1886.0,2026-09-20T16:17:25.233322+00:00
2106672,MA,202512,ok,1186665.0,1642.0,2026-09-20T16:17:26.842818+00:00
2106706,MA,202512,ok,3655444.0,5221.0,2026-09-20T16:17:28.453370+00:00
2106755,MA,202512,ok,3045227.0,4421.0,2026-09-20T16:17:30.068002+00:00
2106805,MA,202512,ok,3159894.0,4679.0,2026-09-20T16:17:31.678712+00:00
2106904,MA,202512,ok,4577013.0,6339.0,2026-09-20T16:17:33.292005+00:00
2107001,MA,202512,ok,1274014.0,1796.0,2026-09-20T16:17:34.898553+00:00
2107100,MA,202512,ok,3171814.0,4371.0,2026-09-20T16:17:36.506649+00:00
2107209,MA,202512,ok,1899411.0,2546.0,2026-09-20T16:17:38.126759+00:00
2107258,MA,202512,ok,602792.0,840.0,2026-09-20T16:17:39.738435+00:00
2107308,MA,202512,ok,747887.0,1099.0,2026-09-20T16:17:41.374863+00:00
2107357,MA,202512,ok,2402994.0,3339.0,2026-09-20T16:17:42.989166+00:00
2107407,MA,202512,ok,2597402.0,3813.0,2026-09-20T16:17:44.599670+00:00
2107456,MA,202512,ok,2322863.0,3353.0,2026-09-20T16:17:46.204604+00:00
2107506,MA,202512,ok,11466943.0,16550.0,2026-09-20T16:17:49.937050+00:00
2107605,MA,202512,ok,3774250.0,5644.0,2026-09-20T16:17:51.548225+00:00
2107704,MA,202512,ok,2967897.0,4285.0,2026-09-20T16:17:53.159916+00:00
2107803,MA,202512,ok,3838708.0,5348.0,2026-09-20T16:17:54.794335+00:00
2107902,MA,202512,ok,2615497.0,3727.0,2026-09-20T16:17:56.409805+00:00
2108009,MA,202512,ok,2647560.0,3779.0,2026-09-20T16:17:58.021279+00:00
2108058,MA,202512,ok,2768621.0,3685.0,2026-09-20T16:17:59.641077+00:00
2108108,MA,202512,ok,3114799.0,4376.0,2026-09-20T16:18:01.252751+00:00
2108207,MA,202512,ok,2918954.0,4347.0,2026-09-20T16:18:02.860867+00:00
2108256,MA,202512,ok,5097866.0,7239.0,2026-09-20T16:18:04.471050+00:00
2108306,MA,202512,ok,5368731.0,7438.0,2026-09-20T16:18:06.081785+00:00
2108405,MA,202512,ok,2618659.0,3956.0,2026-09-20T16:18:07.691647+00:00
2108454,MA,202512,ok,3065482.0,4316.0,2026-09-20T16:18:09.320384+00:00
2108504,MA,202512,ok,3834775.0,5332.0,2026-09-20T16:18:10.930690+00:00
2108603,MA,202512,ok,11958108.0,17741.0,2026-09-20T16:18:12.547660+00:00
2108702,MA,202512,ok,3377516.0,4767.0,2026-09-20T16:18:14.156376+00:00
2108801,MA,202512,ok,2304166.0,3228.0,2026-09-20T16:18:15.765769+00:00
2108900,MA,202512,ok,2481421.0,3659.0,2026-09-20T16:18:17.374440+00:00
2109007,MA,202512,ok,1733952.0,2535.0,2026-09-20T16:18:18.979046+00:00
2109056,MA,202512,ok,1366213.0,2046.0,2026-09-20T16:18:20.591388+00:00
2109106,MA,202512,ok,3437472.0,5025.0,2026-09-20T16:18:24.313455+00:00
2109205,MA,202512,ok,1989411.0,2718.0,2026-09-20T16:18:25.966446+00:00
2109239,MA,202512,ok,935392.0,1329.0,2026-09-20T16:18:27.576579+00:00
2109270,MA,202512,ok,2990326.0,4029.0,2026-09-20T16:18:29.187724+00:00
2109304,MA,202512,ok,1755969.0,2355.0,2026-09-20T16:18:30.800663+00:00
2109403,MA,202512,ok,1757727.0,2512.0,2026-09-20T16:18:32.407973+00:00
2109452,MA,202512,ok,4331107.0,6096.0,2026-09-20T16:18:34.017489+00:00
2109502,MA,202512,ok,2511272.0,3508.0,2026-09-20T16:18:35.627645+00:00
2109551,MA,202512,ok,700506.0,994.0,2026-09-20T16:18:37.236102+00:00
2109601,MA,202512,ok,4061452.0,5737.0,2026-09-20T16:18:38.846628+00:00
2109700,MA,202512,ok,779525.0,1095.0,2026-09-20T16:18:40.469755+00:00
2109759,MA,202512,ok,815076.0,1173.0,2026-09-20T16:18:42.103961+00:00
2109809,MA,202512,ok,5508440.0,8037.0,2026-09-20T16:18:43.713144+00:00
2109908,MA,202512,ok,8135174.0,11725.0,2026-09-20T16:18:45.324341+00:00
2110005,MA,202512,ok,7758739.0,10575.0,2026-09-20T16:18:46.938965+00:00
2110039,MA,202512,ok,3540110.0,5047.0,2026-09-20T16:18:48.553111+00:00
2110104,MA,202512,ok,4123537.0,5630.0,2026-09-20T16:18:50.184998+00:00
2110203,MA,202512,ok,5949591.0,8484.0,2026-09-20T16:18:51.795884+00:00
2110237,MA,202512,ok,1257573.0,1764.0,2026-09-20T16:18:53.411913+00:00
2110278,MA,202512,ok,2389140.0,3302.0,2026-09-20T16:18:55.036580+00:00
2110302,MA,202512,ok,2171725.0,3130.0,2026-09-20T16:18:58.769803+00:00
2110401,MA,202512,ok,3141683.0,4122.0,2026-09-20T16:22:11.624595+00:00
2110500,MA,202512,ok,4969670.0,7350.0,2026-09-20T16:22:13.237949+00:00
2110609,MA,202512,ok,4551615.0,6515.0,2026-09-20T16:22:14.851576+00:00
2110658,MA,202512,ok,1227148.0,1706.0,2026-09-20T16:22:16.460336+00:00
2110708,MA,202512,ok,5027289.0,7115.0,2026-09-20T16:22:18.074677+00:00
2110807,MA,202512,ok,541684.0,787.0,2026-09-20T16:22:19.684391+00:00
2110856,MA,202512,ok,1152343.0,1601.0,2026-09-20T16:22:21.295198+00:00
2110906,MA,202512,ok,1815053.0,2587.0,2026-09-20T16:22:25.021312+00:00
2111003,MA,202512,ok,4181855.0,6257.0,2026-09-20T16:22:26.637766+00:00
2111029,MA,202512,ok,1963373.0,2637.0,2026-09-20T16:22:28.272619+00:00
2111052,MA,202512,ok,1279133.0,1789.0,2026-09-20T16:22:29.886950+00:00
2111078,MA,202512,ok,2591009.0,3483.0,2026-09-20T16:22:31.496996+00:00
2111102,MA,202512,ok,3214851.0,4669.0,2026-09-20T16:22:33.108755+00:00
2111201,MA,202512,ok,16847523.0,24347.0,2026-09-20T16:22:34.718081+00:00
2111250,MA,202512,ok,868535.0,1219.0,2026-09-20T16:22:36.333043+00:00
2111300,MA,202512,ok,77740819.0,115024.0,2026-09-20T16:22:37.944564+00:00
2111409,MA,202512,ok,2572791.0,3645.0,2026-09-20T16:22:39.556993+00:00
2111508,MA,202512,ok,4625581.0,6532.0,2026-09-20T16:22:41.167407+00:00
2111532,MA,202512,ok,1315496.0,1768.0,2026-09-20T16:22:42.782159+00:00
2111573,MA,202512,ok,678926.0,956.0,2026-09-20T16:22:44.385518+00:00
2111607,MA,202512,ok,2120858.0,3044.0,2026-09-20T16:22:45.994196+00:00
2111631,MA,202512,ok,807772.0,1143.0,2026-09-20T16:22:47.608038+00:00
2111672,MA,202512,ok,777739.0,1102.0,2026-09-20T16:22:49.219567+00:00
2111706,MA,202512,ok,3545789.0,5265.0,2026-09-20T16:22:50.827421+00:00
2111722,MA,202512,ok,1219901.0,1755.0,2026-09-20T16:22:52.437025+00:00
2111748,MA,202512,ok,2096758.0,2801.0,2026-09-20T16:22:54.047783+00:00
2111763,MA,202512,ok,2094051.0,2927.0,2026-09-20T16:22:55.660918+00:00
2111789,MA,202512,ok,2699789.0,3888.0,2026-09-20T16:22:59.339043+00:00
2111805,MA,202512,ok,2275068.0,3159.0,2026-09-20T16:23:00.955343+00:00
2111904,MA,202512,ok,1775219.0,2543.0,2026-09-20T16:23:02.570623+00:00
2111953,MA,202512,ok,734266.0,1043.0,2026-09-20T16:23:04.189794+00:00
2112001,MA,202512,ok,878639.0,1196.0,2026-09-20T16:23:05.799153+00:00
2112100,MA,202512,ok,3425687.0,4709.0,2026-09-20T16:23:07.406563+00:00
2112209,MA,202512,ok,17302064.0,24764.0,2026-09-20T16:23:09.016926+00:00
2112233,MA,202512,ok,2018259.0,2975.0,2026-09-20T16:23:10.627916+00:00
2112274,MA,202512,ok,953189.0,1268.0,2026-09-20T16:23:12.252598+00:00
2112308,MA,202512,ok,4496737.0,6373.0,2026-09-20T16:23:13.906808+00:00
2112407,MA,202512,ok,6497230.0,9004.0,2026-09-20T16:23:15.518371+00:00
2112456,MA,202512,ok,3992634.0,5429.0,2026-09-20T16:23:17.123658+00:00
2112506,MA,202512,ok,8764255.0,12184.0,2026-09-20T16:23:18.725836+00:00
2112605,MA,202512,ok,5226671.0,6967.0,2026-09-20T16:23:20.336756+00:00
2112704,MA,202512,ok,5436665.0,7438.0,2026-09-20T16:23:21.948201+00:00
2112803,MA,202512,ok,7053390.0,10152.0,2026-09-20T16:23:23.558912+00:00
2112852,MA,202512,ok,1158401.0,1592.0,2026-09-20T16:23:25.169172+00:00
2112902,MA,202512,ok,4140555.0,5861.0,2026-09-20T16:23:26.780765+00:00
2113009,MA,202512,ok,3475462.0,5070.0,2026-09-20T16:23:28.412566+00:00
2114007,MA,202512,ok,5170721.0,7233.0,2026-09-20T16:23:30.026482+00:00
2200053,PI,202512,ok,922331.0,1383.0,2026-09-20T16:23:33.713291+00:00
2200103,PI,202512,ok,662000.0,952.0,2026-09-20T16:23:35.329892+00:00
2200202,PI,202512,ok,2329102.0,3417.0,2026-09-20T16:23:36.946614+00:00
2200251,PI,202512,ok,914631.0,1380.0,2026-09-20T16:23:38.563274+00:00
2200277,PI,202512,ok,628211.0,945.0,2026-09-20T16:23:40.182005+00:00
2200301,PI,202512,ok,1968299.0,2975.0,2026-09-20T16:23:41.794011+00:00
2200400,PI,202512,ok,3980358.0,5741.0,2026-09-20T16:23:43.393947+00:00
2200459,PI,202512,ok,798934.0,1153.0,2026-09-20T16:23:45.007609+00:00
2200509,PI,202512,ok,2270816.0,3245.0,2026-09-20T16:23:46.608533+00:00
2200608,PI,202512,ok,1108065.0,1614.0,2026-09-20T16:23:48.217311+00:00
2200707,PI,202512,ok,1151002.0,1715.0,2026-09-20T16:23:49.816521+00:00
2200806,PI,202512,ok,358782.0,527.0,2026-09-20T16:23:51.425181+00:00
2200905,PI,202512,ok,719443.0,1091.0,2026-09-20T16:23:53.029728+00:00
2200954,PI,202512,ok,474211.0,742.0,2026-09-20T16:23:54.655608+00:00
2201002,PI,202512,ok,631140.0,932.0,2026-09-20T16:23:56.261336+00:00
2201051,PI,202512,ok,1035508.0,1465.0,2026-09-20T16:23:57.875782+00:00
2201101,PI,202512,ok,1597592.0,2339.0,2026-09-20T16:23:59.489934+00:00
2201150,PI,202512,ok,1743982.0,2481.0,2026-09-20T16:24:01.101570+00:00
2201176,PI,202512,ok,536262.0,809.0,2026-09-20T16:24:02.714030+00:00
2201200,PI,202512,ok,8351944.0,12453.0,2026-09-20T16:24:04.326612+00:00
2201309,PI,202512,ok,497314.0,706.0,2026-09-20T16:24:08.181306+00:00
2201408,PI,202512,ok,868749.0,1270.0,2026-09-20T16:24:09.799683+00:00
2201507,PI,202512,ok,3435451.0,5062.0,2026-09-20T16:24:11.418072+00:00
2201556,PI,202512,ok,503788.0,760.0,2026-09-20T16:24:13.052459+00:00
2201572,PI,202512,ok,434448.0,669.0,2026-09-20T16:24:14.680515+00:00
2201606,PI,202512,ok,1314226.0,1940.0,2026-09-20T16:24:16.307251+00:00
2201705,PI,202512,ok,646122.0,952.0,2026-09-20T16:24:17.910680+00:00
2201739,PI,202512,ok,1023668.0,1462.0,2026-09-20T16:24:19.513301+00:00
2201770,PI,202512,ok,1315306.0,1931.0,2026-09-20T16:24:21.118302+00:00
2201804,PI,202512,ok,484087.0,743.0,2026-09-20T16:24:22.727074+00:00
2201903,PI,202512,ok,3128294.0,4486.0,2026-09-20T16:24:24.332278+00:00
2201919,PI,202512,ok,938098.0,1395.0,2026-09-20T16:24:25.941571+00:00
2201929,PI,202512,ok,890303.0,1310.0,2026-09-20T16:24:27.548055+00:00
2201945,PI,202512,ok,995785.0,1461.0,2026-09-20T16:24:29.156155+00:00
2201960,PI,202512,ok,1120964.0,1657.0,2026-09-20T16:24:30.762035+00:00
2201988,PI,202512,ok,672799.0,1002.0,2026-09-20T16:24:32.401112+00:00
2202000,PI,202512,ok,2700712.0,3949.0,2026-09-20T16:24:34.009572+00:00
2202026,PI,202512,ok,1060507.0,1555.0,2026-09-20T16:24:35.625045+00:00
2202059,PI,202512,ok,1326094.0,2017.0,2026-09-20T16:24:37.236141+00:00
2202075,PI,202512,ok,338107.0,498.0,2026-09-20T16:24:38.876208+00:00
2202083,PI,202512,ok,677840.0,982.0,2026-09-20T16:24:42.797540+00:00
2202091,PI,202512,ok,740745.0,1097.0,2026-09-20T16:24:44.416416+00:00
2202109,PI,202512,ok,713600.0,1109.0,2026-09-20T16:24:46.119267+00:00
2202117,PI,202512,ok,779548.0,1153.0,2026-09-20T16:24:47.725419+00:00
2202133,PI,202512,ok,748464.0,1127.0,2026-09-20T16:24:49.386340+00:00
2202174,PI,202512,ok,1424363.0,2026.0,2026-09-20T16:24:50.995980+00:00
2202208,PI,202512,ok,6018747.0,9247.0,2026-09-20T16:24:52.609467+00:00
2202251,PI,202512,ok,521086.0,739.0,2026-09-20T16:24:54.213776+00:00
2202307,PI,202512,ok,2787875.0,4156.0,2026-09-20T16:24:55.825408+00:00
2202406,PI,202512,ok,1759183.0,2591.0,2026-09-20T16:24:57.436387+00:00
2202455,PI,202512,ok,759248.0,1165.0,2026-09-20T16:24:59.046169+00:00
2202505,PI,202512,ok,1638873.0,2385.0,2026-09-20T16:25:00.671190+00:00
2202539,PI,202512,ok,810715.0,1180.0,2026-09-20T16:25:02.272317+00:00
2202554,PI,202512,ok,836839.0,1304.0,2026-09-20T16:25:03.879043+00:00
2202604,PI,202512,ok,2541120.0,3630.0,2026-09-20T16:25:05.488472+00:00
2202653,PI,202512,ok,874645.0,1272.0,2026-09-20T16:25:07.091005+00:00
2202703,PI,202512,ok,3891232.0,5677.0,2026-09-20T16:25:08.698961+00:00
2202711,PI,202512,ok,745130.0,1096.0,2026-09-20T16:25:10.305221+00:00
2202729,PI,202512,ok,806882.0,1184.0,2026-09-20T16:25:11.914057+00:00
2202737,PI,202512,ok,559164.0,811.0,2026-09-20T16:25:13.550393+00:00
2202752,PI,202512,ok,1136392.0,1674.0,2026-09-20T16:25:17.327252+00:00
2202778,PI,202512,ok,1011777.0,1516.0,2026-09-20T16:25:18.949321+00:00
2202802,PI,202512,ok,883555.0,1351.0,2026-09-20T16:25:20.569502+00:00
2202851,PI,202512,ok,855886.0,1253.0,2026-09-20T16:25:22.182001+00:00
2202901,PI,202512,ok,2814466.0,4010.0,2026-09-20T16:25:23.788177+00:00
2203008,PI,202512,ok,831625.0,1181.0,2026-09-20T16:25:25.394459+00:00
2203107,PI,202512,ok,1366411.0,2002.0,2026-09-20T16:25:27.004784+00:00
2203206,PI,202512,ok,1501148.0,2172.0,2026-09-20T16:25:28.612132+00:00
2203230,PI,202512,ok,739486.0,1074.0,2026-09-20T16:25:30.251462+00:00
2203255,PI,202512,ok,603235.0,850.0,2026-09-20T16:25:31.864154+00:00
2203271,PI,202512,ok,931466.0,1338.0,2026-09-20T16:25:33.471648+00:00
2203305,PI,202512,ok,2529032.0,3656.0,2026-09-20T16:25:35.076311+00:00
2203354,PI,202512,ok,1069066.0,1539.0,2026-09-20T16:25:36.679572+00:00
2203404,PI,202512,ok,684728.0,1013.0,2026-09-20T16:25:38.329034+00:00
2203420,PI,202512,ok,640810.0,928.0,2026-09-20T16:25:39.939677+00:00
2203453,PI,202512,ok,1352088.0,2050.0,2026-09-20T16:25:41.551991+00:00
2203503,PI,202512,ok,1229816.0,1860.0,2026-09-20T16:25:43.167092+00:00
2203602,PI,202512,ok,572751.0,838.0,2026-09-20T16:25:44.776620+00:00
2203701,PI,202512,ok,5082460.0,7358.0,2026-09-20T16:25:46.437730+00:00
2203750,PI,202512,ok,1112011.0,1595.0,2026-09-20T16:25:48.051369+00:00
2203800,PI,202512,ok,693673.0,1038.0,2026-09-20T16:25:51.826654+00:00
2203859,PI,202512,ok,348529.0,531.0,2026-09-20T16:25:53.446395+00:00
2203909,PI,202512,ok,5017462.0,7413.0,2026-09-20T16:25:55.055771+00:00
2204006,PI,202512,ok,553831.0,847.0,2026-09-20T16:25:56.668912+00:00
2204105,PI,202512,ok,555768.0,809.0,2026-09-20T16:25:58.282206+00:00
2204154,PI,202512,ok,334558.0,516.0,2026-09-20T16:25:59.881791+00:00
2204204,PI,202512,ok,717791.0,1071.0,2026-09-20T16:26:01.505313+00:00
2204303,PI,202512,ok,1323664.0,2054.0,2026-09-20T16:26:03.135879+00:00
2204352,PI,202512,ok,965388.0,1437.0,2026-09-20T16:26:04.740133+00:00
2204402,PI,202512,ok,1586007.0,2264.0,2026-09-20T16:26:06.346509+00:00
2204501,PI,202512,ok,1329953.0,1923.0,2026-09-20T16:26:07.956546+00:00
2204550,PI,202512,ok,898260.0,1273.0,2026-09-20T16:26:09.566460+00:00
2204600,PI,202512,ok,512936.0,752.0,2026-09-20T16:26:11.178534+00:00
2204659,PI,202512,ok,1327117.0,1931.0,2026-09-20T16:26:12.794684+00:00
2204709,PI,202512,ok,1724278.0,2585.0,2026-09-20T16:26:14.407204+00:00
2204808,PI,202512,ok,973891.0,1458.0,2026-09-20T16:26:16.025734+00:00
2204907,PI,202512,ok,1144142.0,1679.0,2026-09-20T16:26:17.667254+00:00
2205003,PI,202512,ok,1341220.0,2051.0,2026-09-20T16:26:19.281030+00:00
2205102,PI,202512,ok,1283403.0,1885.0,2026-09-20T16:26:20.895062+00:00
2205151,PI,202512,ok,958041.0,1459.0,2026-09-20T16:26:22.508176+00:00
2205201,PI,202512,ok,2532235.0,3754.0,2026-09-20T16:26:26.302246+00:00
2205250,PI,202512,ok,672388.0,989.0,2026-09-20T16:26:27.943128+00:00
2205276,PI,202512,ok,805139.0,1204.0,2026-09-20T16:26:29.552732+00:00
2205300,PI,202512,ok,630506.0,941.0,2026-09-20T16:29:42.404406+00:00
2205359,PI,202512,ok,417304.0,621.0,2026-09-20T16:29:44.017384+00:00
2205409,PI,202512,ok,1702348.0,2459.0,2026-09-20T16:29:45.631303+00:00
2205458,PI,202512,ok,923286.0,1327.0,2026-09-20T16:29:47.240812+00:00
2205508,PI,202512,ok,4332557.0,6260.0,2026-09-20T16:29:48.851642+00:00
2205516,PI,202512,ok,759269.0,1115.0,2026-09-20T16:29:52.948695+00:00
2205524,PI,202512,ok,682107.0,977.0,2026-09-20T16:29:54.559207+00:00
2205532,PI,202512,ok,954626.0,1417.0,2026-09-20T16:29:56.183995+00:00
2205540,PI,202512,ok,400431.0,578.0,2026-09-20T16:29:57.793504+00:00
2205557,PI,202512,ok,1654839.0,2439.0,2026-09-20T16:29:59.407763+00:00
2205565,PI,202512,ok,577688.0,859.0,2026-09-20T16:30:01.015739+00:00
2205573,PI,202512,ok,854041.0,1242.0,2026-09-20T16:30:02.625425+00:00
2205581,PI,202512,ok,638096.0,910.0,2026-09-20T16:30:04.241007+00:00
2205599,PI,202512,ok,819687.0,1220.0,2026-09-20T16:30:05.846675+00:00
2205607,PI,202512,ok,855146.0,1292.0,2026-09-20T16:30:07.454799+00:00
2205706,PI,202512,ok,3815705.0,5550.0,2026-09-20T16:30:09.066351+00:00
2205805,PI,202512,ok,3668092.0,5411.0,2026-09-20T16:30:10.681666+00:00
2205854,PI,202512,ok,1147911.0,1649.0,2026-09-20T16:30:12.287764+00:00
2205904,PI,202512,ok,727533.0,1100.0,2026-09-20T16:30:13.899877+00:00
2205953,PI,202512,ok,1459440.0,2080.0,2026-09-20T16:30:15.513245+00:00
2206001,PI,202512,ok,710145.0,1046.0,2026-09-20T16:30:17.121737+00:00
2206050,PI,202512,ok,680002.0,1032.0,2026-09-20T16:30:18.741080+00:00
2206100,PI,202512,ok,1934262.0,2786.0,2026-09-20T16:30:20.351766+00:00
2206209,PI,202512,ok,5524071.0,7734.0,2026-09-20T16:30:21.959203+00:00
2206308,PI,202512,ok,119074.0,184.0,2026-09-20T16:30:23.567748+00:00
2206357,PI,202512,ok,987126.0,1464.0,2026-09-20T16:30:27.299550+00:00
2206407,PI,202512,ok,1027363.0,1517.0,2026-09-20T16:30:28.904367+00:00
2206506,PI,202512,ok,1205520.0,1854.0,2026-09-20T16:30:30.550709+00:00
2206605,PI,202512,ok,1318963.0,1821.0,2026-09-20T16:30:32.155320+00:00
2206654,PI,202512,ok,755440.0,1090.0,2026-09-20T16:30:33.764642+00:00
2206670,PI,202512,ok,891106.0,1302.0,2026-09-20T16:30:35.385490+00:00
2206696,PI,202512,ok,1034910.0,1469.0,2026-09-20T16:30:36.997611+00:00
2206704,PI,202512,ok,1102815.0,1620.0,2026-09-20T16:30:38.604806+00:00
2206720,PI,202512,ok,1425973.0,2059.0,2026-09-20T16:30:40.215788+00:00
2206753,PI,202512,ok,646668.0,972.0,2026-09-20T16:30:41.885472+00:00
2206803,PI,202512,ok,1923762.0,2771.0,2026-09-20T16:30:43.516130+00:00
2206902,PI,202512,ok,678825.0,1020.0,2026-09-20T16:30:45.152347+00:00
2206951,PI,202512,ok,486381.0,719.0,2026-09-20T16:30:46.766835+00:00
2207009,PI,202512,ok,5041979.0,7766.0,2026-09-20T16:30:48.382839+00:00
2207108,PI,202512,ok,355466.0,508.0,2026-09-20T16:30:50.006288+00:00
2207207,PI,202512,ok,1054561.0,1597.0,2026-09-20T16:30:51.615238+00:00
2207306,PI,202512,ok,653829.0,982.0,2026-09-20T16:30:53.228393+00:00
2207355,PI,202512,ok,354874.0,553.0,2026-09-20T16:30:54.836849+00:00
2207405,PI,202512,ok,598795.0,866.0,2026-09-20T16:30:56.453291+00:00
2207504,PI,202512,ok,2364346.0,3423.0,2026-09-20T16:30:58.081851+00:00
2207553,PI,202512,ok,608667.0,926.0,2026-09-20T16:31:01.849484+00:00
2207603,PI,202512,ok,1745037.0,2481.0,2026-09-20T16:31:03.459308+00:00
2207702,PI,202512,ok,12662089.0,18460.0,2026-09-20T16:31:05.071612+00:00
2207751,PI,202512,ok,799544.0,1163.0,2026-09-20T16:31:06.694683+00:00
2207777,PI,202512,ok,609309.0,924.0,2026-09-20T16:31:08.305978+00:00
2207793,PI,202512,ok,634588.0,935.0,2026-09-20T16:31:09.911360+00:00
2207801,PI,202512,ok,3013946.0,4426.0,2026-09-20T16:31:11.520015+00:00
2207850,PI,202512,ok,818799.0,1220.0,2026-09-20T16:31:13.129919+00:00
2207900,PI,202512,ok,5793304.0,8609.0,2026-09-20T16:31:14.746104+00:00
2207934,PI,202512,ok,464735.0,688.0,2026-09-20T16:31:16.359200+00:00
2207959,PI,202512,ok,708331.0,1072.0,2026-09-20T16:31:17.968776+00:00
2208007,PI,202512,ok,7361972.0,11380.0,2026-09-20T16:31:19.576242+00:00
2208106,PI,202512,ok,1536026.0,2274.0,2026-09-20T16:31:21.198426+00:00
2208205,PI,202512,ok,2955564.0,4384.0,2026-09-20T16:31:22.810240+00:00
2208304,PI,202512,ok,3475167.0,5276.0,2026-09-20T16:31:24.417326+00:00
2208403,PI,202512,ok,6803924.0,10143.0,2026-09-20T16:31:26.028989+00:00
2208502,PI,202512,ok,2064110.0,2850.0,2026-09-20T16:31:27.642879+00:00
2208551,PI,202512,ok,515822.0,755.0,2026-09-20T16:31:29.253793+00:00
2208601,PI,202512,ok,573076.0,860.0,2026-09-20T16:31:30.864807+00:00
2208650,PI,202512,ok,1017911.0,1524.0,2026-09-20T16:31:32.474082+00:00
2208700,PI,202512,ok,1527832.0,2220.0,2026-09-20T16:31:36.241429+00:00
2208809,PI,202512,ok,3276868.0,4872.0,2026-09-20T16:31:37.870251+00:00
2208858,PI,202512,ok,672599.0,976.0,2026-09-20T16:31:39.482381+00:00
2208874,PI,202512,ok,821658.0,1235.0,2026-09-20T16:31:41.087927+00:00
2208908,PI,202512,ok,741807.0,1052.0,2026-09-20T16:31:42.699914+00:00
2209005,PI,202512,ok,1056933.0,1579.0,2026-09-20T16:31:44.446316+00:00
2209104,PI,202512,ok,847845.0,1277.0,2026-09-20T16:31:46.055764+00:00
2209153,PI,202512,ok,348766.0,520.0,2026-09-20T16:31:47.703965+00:00
2209203,PI,202512,ok,872545.0,1225.0,2026-09-20T16:31:49.311322+00:00
2209302,PI,202512,ok,940150.0,1428.0,2026-09-20T16:31:50.917448+00:00
2209351,PI,202512,ok,423611.0,631.0,2026-09-20T16:31:52.578586+00:00
2209377,PI,202512,ok,668206.0,984.0,2026-09-20T16:31:54.193410+00:00
2209401,PI,202512,ok,831245.0,1253.0,2026-09-20T16:31:55.807650+00:00
2209450,PI,202512,ok,203837.0,284.0,2026-09-20T16:31:57.422038+00:00
2209500,PI,202512,ok,482468.0,726.0,2026-09-20T16:31:59.036192+00:00
2209559,PI,202512,ok,737843.0,1116.0,2026-09-20T16:32:00.644683+00:00
2209609,PI,202512,ok,249893.0,381.0,2026-09-20T16:32:02.254057+00:00
2209658,PI,202512,ok,955841.0,1438.0,2026-09-20T16:32:03.893274+00:00
2209708,PI,202512,ok,886100.0,1331.0,2026-09-20T16:32:05.507067+00:00
2209757,PI,202512,ok,413757.0,591.0,2026-09-20T16:32:07.128215+00:00
2209807,PI,202512,ok,703913.0,1044.0,2026-09-20T16:32:10.896961+00:00
2209856,PI,202512,ok,645692.0,963.0,2026-09-20T16:32:12.525747+00:00
2209872,PI,202512,ok,876910.0,1258.0,2026-09-20T16:32:14.140504+00:00
2209906,PI,202512,ok,816010.0,1182.0,2026-09-20T16:32:15.749843+00:00
2209955,PI,202512,ok,674360.0,1003.0,2026-09-20T16:32:17.358222+00:00
2209971,PI,202512,ok,1374455.0,1971.0,2026-09-20T16:32:18.972370+00:00
2210003,PI,202512,ok,2306926.0,3414.0,2026-09-20T16:32:20.586845+00:00
2210052,PI,202512,ok,803006.0,1208.0,2026-09-20T16:32:22.196746+00:00
2210102,PI,202512,ok,456892.0,687.0,2026-09-20T16:32:23.872661+00:00
2210201,PI,202512,ok,818892.0,1191.0,2026-09-20T16:32:25.478588+00:00
2210300,PI,202512,ok,916687.0,1380.0,2026-09-20T16:32:27.113420+00:00
2210359,PI,202512,ok,684662.0,1035.0,2026-09-20T16:32:28.719309+00:00
2210375,PI,202512,ok,289901.0,436.0,2026-09-20T16:32:30.333716+00:00
2210383,PI,202512,ok,205353.0,319.0,2026-09-20T16:32:31.943900+00:00
2210391,PI,202512,ok,360526.0,544.0,2026-09-20T16:32:33.550532+00:00
2210409,PI,202512,ok,2092098.0,3124.0,2026-09-20T16:32:35.169327+00:00
2210508,PI,202512,ok,2208654.0,3220.0,2026-09-20T16:32:36.799214+00:00
2210607,PI,202512,ok,4679628.0,6980.0,2026-09-20T16:32:38.421122+00:00
2210623,PI,202512,ok,615841.0,884.0,2026-09-20T16:32:40.032657+00:00
2210631,PI,202512,ok,566598.0,822.0,2026-09-20T16:32:41.645927+00:00
2210656,PI,202512,ok,1371880.0,2046.0,2026-09-20T16:32:45.432402+00:00
2210706,PI,202512,ok,1593801.0,2298.0,2026-09-20T16:32:47.043937+00:00
2210805,PI,202512,ok,1517135.0,2297.0,2026-09-20T16:32:48.683524+00:00
2210904,PI,202512,ok,632641.0,939.0,2026-09-20T16:32:50.308566+00:00
2210938,PI,202512,ok,839003.0,1264.0,2026-09-20T16:32:51.919902+00:00
2210953,PI,202512,ok,452495.0,673.0,2026-09-20T16:32:53.527338+00:00
2210979,PI,202512,ok,294001.0,436.0,2026-09-20T16:32:55.154292+00:00
2211001,PI,202512,ok,55419853.0,82516.0,2026-09-20T16:32:56.759729+00:00
2211100,PI,202512,ok,6237984.0,8892.0,2026-09-20T16:32:58.367926+00:00
2211209,PI,202512,ok,2914709.0,4140.0,2026-09-20T16:33:00.039211+00:00
2211308,PI,202512,ok,1979754.0,2997.0,2026-09-20T16:33:01.648280+00:00
2211357,PI,202512,ok,929715.0,1373.0,2026-09-20T16:33:03.261106+00:00
2211407,PI,202512,ok,681257.0,1046.0,2026-09-20T16:33:04.868973+00:00
2211506,PI,202512,ok,412794.0,629.0,2026-09-20T16:33:06.482507+00:00
2211605,PI,202512,ok,333772.0,521.0,2026-09-20T16:33:08.092365+00:00
2211704,PI,202512,ok,637128.0,981.0,2026-09-20T16:33:09.725509+00:00
2300101,CE,202512,ok,1320002.0,1954.0,2026-09-20T16:33:11.332952+00:00
2300150,CE,202512,ok,1873203.0,2722.0,2026-09-20T16:33:12.948421+00:00
2300200,CE,202512,ok,9195775.0,13387.0,2026-09-20T16:33:14.561523+00:00
2300309,CE,202512,ok,5790350.0,8690.0,2026-09-20T16:33:16.174603+00:00
2300408,CE,202512,ok,2000720.0,3008.0,2026-09-20T16:33:19.948303+00:00
2300507,CE,202512,ok,903557.0,1320.0,2026-09-20T16:33:21.557568+00:00
2300606,CE,202512,ok,1071783.0,1590.0,2026-09-20T16:33:23.174634+00:00
2300705,CE,202512,ok,1637439.0,2470.0,2026-09-20T16:33:24.802034+00:00
2300754,CE,202512,ok,5860649.0,8372.0,2026-09-20T16:33:26.426312+00:00
2300804,CE,202512,ok,1304672.0,1973.0,2026-09-20T16:33:28.037153+00:00
2300903,CE,202512,ok,2001254.0,2987.0,2026-09-20T16:33:29.645749+00:00
2301000,CE,202512,ok,9637096.0,14395.0,2026-09-20T16:33:31.251594+00:00
2301109,CE,202512,ok,5882578.0,8921.0,2026-09-20T16:33:32.869819+00:00
2301208,CE,202512,ok,3102726.0,4745.0,2026-09-20T16:33:34.479940+00:00
2301257,CE,202512,ok,1439460.0,2177.0,2026-09-20T16:33:36.090827+00:00
2301307,CE,202512,ok,2852710.0,4129.0,2026-09-20T16:33:37.699438+00:00
2301406,CE,202512,ok,1473346.0,2199.0,2026-09-20T16:33:39.306454+00:00
2301505,CE,202512,ok,664282.0,967.0,2026-09-20T16:33:40.979157+00:00
2301604,CE,202512,ok,3043577.0,4637.0,2026-09-20T16:33:42.587410+00:00
2301703,CE,202512,ok,2641150.0,3975.0,2026-09-20T16:33:44.211142+00:00
2301802,CE,202512,ok,694880.0,1049.0,2026-09-20T16:33:45.822116+00:00
2301851,CE,202512,ok,2088683.0,3054.0,2026-09-20T16:33:47.432476+00:00
2301901,CE,202512,ok,5971868.0,8758.0,2026-09-20T16:33:49.063833+00:00
2301950,CE,202512,ok,2984339.0,4403.0,2026-09-20T16:33:50.676474+00:00
2302008,CE,202512,ok,2360613.0,3582.0,2026-09-20T16:33:54.448678+00:00
2302057,CE,202512,ok,2388010.0,3550.0,2026-09-20T16:33:56.060416+00:00
2302107,CE,202512,ok,4399182.0,6672.0,2026-09-20T16:33:57.679055+00:00
2302206,CE,202512,ok,6804381.0,10226.0,2026-09-20T16:33:59.289231+00:00
2302305,CE,202512,ok,3617206.0,5305.0,2026-09-20T16:34:00.901671+00:00
2302404,CE,202512,ok,5678529.0,8536.0,2026-09-20T16:37:13.839274+00:00
2302503,CE,202512,ok,4915376.0,7234.0,2026-09-20T16:37:15.449988+00:00
2302602,CE,202512,ok,7175949.0,10582.0,2026-09-20T16:37:17.064298+00:00
2302701,CE,202512,ok,2812249.0,4193.0,2026-09-20T16:37:20.810006+00:00
2302800,CE,202512,ok,10074302.0,14965.0,2026-09-20T16:37:22.420297+00:00
2302909,CE,202512,ok,2212870.0,3305.0,2026-09-20T16:37:24.029258+00:00
2303006,CE,202512,ok,2734388.0,4029.0,2026-09-20T16:37:25.640113+00:00
2303105,CE,202512,ok,1959816.0,2910.0,2026-09-20T16:37:27.251902+00:00
2303204,CE,202512,ok,3565777.0,5207.0,2026-09-20T16:37:28.858121+00:00
2303303,CE,202512,ok,2076941.0,3116.0,2026-09-20T16:37:30.471243+00:00
2303402,CE,202512,ok,1858120.0,2712.0,2026-09-20T16:37:32.077309+00:00
2303501,CE,202512,ok,8420751.0,12785.0,2026-09-20T16:37:33.678773+00:00
2303600,CE,202512,ok,1276104.0,1863.0,2026-09-20T16:37:35.330017+00:00
2303659,CE,202512,ok,1716216.0,2584.0,2026-09-20T16:37:36.939518+00:00
2303709,CE,202512,ok,37876589.0,54947.0,2026-09-20T16:37:38.552508+00:00
2303808,CE,202512,ok,2609192.0,3943.0,2026-09-20T16:37:40.163092+00:00
2303907,CE,202512,ok,1613911.0,2374.0,2026-09-20T16:37:41.774112+00:00
2303931,CE,202512,ok,1592034.0,2354.0,2026-09-20T16:37:43.389943+00:00
2303956,CE,202512,ok,2459051.0,3709.0,2026-09-20T16:37:45.001147+00:00
2304004,CE,202512,ok,2865540.0,4312.0,2026-09-20T16:37:46.616247+00:00
2304103,CE,202512,ok,6608712.0,9777.0,2026-09-20T16:37:48.227431+00:00
2304202,CE,202512,ok,12303830.0,18533.0,2026-09-20T16:37:49.841340+00:00
2304236,CE,202512,ok,2242608.0,3298.0,2026-09-20T16:37:51.449969+00:00
2304251,CE,202512,ok,3710397.0,5370.0,2026-09-20T16:37:55.438206+00:00
2304269,CE,202512,ok,1010946.0,1529.0,2026-09-20T16:37:57.052447+00:00
2304277,CE,202512,ok,643109.0,976.0,2026-09-20T16:37:58.658867+00:00
2304285,CE,202512,ok,4439638.0,6648.0,2026-09-20T16:38:00.270381+00:00
2304301,CE,202512,ok,2116624.0,3138.0,2026-09-20T16:38:01.886715+00:00
2304350,CE,202512,ok,2199605.0,3320.0,2026-09-20T16:38:03.499426+00:00
2304400,CE,202512,ok,183830443.0,277528.0,2026-09-20T16:38:05.115660+00:00
2304459,CE,202512,ok,1744261.0,2604.0,2026-09-20T16:38:06.737229+00:00
2304509,CE,202512,ok,1784826.0,2667.0,2026-09-20T16:38:08.348437+00:00
2304608,CE,202512,ok,1080712.0,1582.0,2026-09-20T16:38:09.961183+00:00
2304657,CE,202512,ok,1903728.0,2791.0,2026-09-20T16:38:11.575335+00:00
2304707,CE,202512,ok,6382175.0,9331.0,2026-09-20T16:38:13.183050+00:00
2304806,CE,202512,ok,664507.0,970.0,2026-09-20T16:38:14.837295+00:00
2304905,CE,202512,ok,960565.0,1503.0,2026-09-20T16:38:16.457582+00:00
2304954,CE,202512,ok,2615597.0,3921.0,2026-09-20T16:38:18.068968+00:00
2305001,CE,202512,ok,5609878.0,7975.0,2026-09-20T16:38:19.680043+00:00
2305100,CE,202512,ok,711564.0,1042.0,2026-09-20T16:38:21.298422+00:00
2305209,CE,202512,ok,2344157.0,3431.0,2026-09-20T16:38:22.905637+00:00
2305233,CE,202512,ok,4978101.0,7521.0,2026-09-20T16:38:24.520912+00:00
2305266,CE,202512,ok,1854594.0,2656.0,2026-09-20T16:38:26.134352+00:00
2305308,CE,202512,ok,2800605.0,3921.0,2026-09-20T16:38:29.657553+00:00
2305332,CE,202512,ok,1913311.0,2905.0,2026-09-20T16:38:31.268204+00:00
2305357,CE,202512,ok,1962288.0,2957.0,2026-09-20T16:38:32.876117+00:00
2305407,CE,202512,ok,7775695.0,11568.0,2026-09-20T16:38:34.486860+00:00
2305506,CE,202512,ok,9554890.0,14403.0,2026-09-20T16:38:36.096901+00:00
2305605,CE,202512,ok,3341666.0,5008.0,2026-09-20T16:38:37.724935+00:00
2305654,CE,202512,ok,1378612.0,2064.0,2026-09-20T16:38:39.333439+00:00
2305704,CE,202512,ok,1549055.0,2303.0,2026-09-20T16:38:40.942255+00:00
2305803,CE,202512,ok,6435083.0,9606.0,2026-09-20T16:38:42.557438+00:00
2305902,CE,202512,ok,4683716.0,6865.0,2026-09-20T16:38:44.161665+00:00
2306009,CE,202512,ok,1412921.0,2115.0,2026-09-20T16:38:45.776137+00:00
2306108,CE,202512,ok,3699192.0,5387.0,2026-09-20T16:38:47.373469+00:00
2306207,CE,202512,ok,784405.0,1209.0,2026-09-20T16:38:48.983769+00:00
2306256,CE,202512,ok,5048976.0,7529.0,2026-09-20T16:38:50.592357+00:00
2306306,CE,202512,ok,5731146.0,8514.0,2026-09-20T16:38:52.207809+00:00
2306405,CE,202512,ok,14345617.0,20600.0,2026-09-20T16:38:53.814392+00:00
2306504,CE,202512,ok,2518577.0,3789.0,2026-09-20T16:38:55.422101+00:00
2306553,CE,202512,ok,6482767.0,9284.0,2026-09-20T16:38:57.031776+00:00
2306603,CE,202512,ok,3028790.0,4407.0,2026-09-20T16:38:58.640670+00:00
2306702,CE,202512,ok,2214620.0,3302.0,2026-09-20T16:39:00.263719+00:00
2306801,CE,202512,ok,1176289.0,1738.0,2026-09-20T16:39:04.044937+00:00
2306900,CE,202512,ok,2777117.0,4144.0,2026-09-20T16:39:05.656468+00:00
2307007,CE,202512,ok,4334266.0,6725.0,2026-09-20T16:39:07.257227+00:00
2307106,CE,202512,ok,3472708.0,5076.0,2026-09-20T16:39:08.885626+00:00
2307205,CE,202512,ok,784461.0,1139.0,2026-09-20T16:39:10.494195+00:00
2307254,CE,202512,ok,2789081.0,4068.0,2026-09-20T16:39:12.100610+00:00
2307304,CE,202512,ok,22835670.0,33431.0,2026-09-20T16:39:13.715174+00:00
2307403,CE,202512,ok,2802782.0,4123.0,2026-09-20T16:39:15.334850+00:00
2307502,CE,202512,ok,3601075.0,5382.0,2026-09-20T16:39:16.951967+00:00
2307601,CE,202512,ok,5213745.0,7864.0,2026-09-20T16:39:18.587835+00:00
2307635,CE,202512,ok,2164264.0,3208.0,2026-09-20T16:39:20.194275+00:00
2307650,CE,202512,ok,21313759.0,31587.0,2026-09-20T16:39:21.805283+00:00
2307700,CE,202512,ok,11575298.0,17455.0,2026-09-20T16:39:23.446225+00:00
2307809,CE,202512,ok,3823407.0,5335.0,2026-09-20T16:39:25.056869+00:00
2307908,CE,202512,ok,1714963.0,2543.0,2026-09-20T16:39:26.669023+00:00
2308005,CE,202512,ok,4324003.0,6469.0,2026-09-20T16:39:28.282848+00:00
2308104,CE,202512,ok,5451702.0,7977.0,2026-09-20T16:39:29.899611+00:00
2308203,CE,202512,ok,1503895.0,2194.0,2026-09-20T16:39:31.510368+00:00
2308302,CE,202512,ok,3327149.0,4946.0,2026-09-20T16:39:33.136986+00:00
2308351,CE,202512,ok,1657763.0,2497.0,2026-09-20T16:39:34.746105+00:00
2308377,CE,202512,ok,2333790.0,3442.0,2026-09-20T16:39:38.484910+00:00
2308401,CE,202512,ok,5106401.0,7417.0,2026-09-20T16:39:40.120847+00:00
2308500,CE,202512,ok,5007528.0,7435.0,2026-09-20T16:39:41.734068+00:00
2308609,CE,202512,ok,2833991.0,4240.0,2026-09-20T16:39:43.342497+00:00
2308708,CE,202512,ok,6840823.0,10457.0,2026-09-20T16:39:44.950705+00:00
2308807,CE,202512,ok,1009275.0,1497.0,2026-09-20T16:39:46.567524+00:00
2308906,CE,202512,ok,2526741.0,3549.0,2026-09-20T16:39:48.177313+00:00
2309003,CE,202512,ok,1465169.0,2144.0,2026-09-20T16:39:49.788711+00:00
2309102,CE,202512,ok,1570052.0,2325.0,2026-09-20T16:39:51.395872+00:00
2309201,CE,202512,ok,2028559.0,2933.0,2026-09-20T16:39:53.004016+00:00
2309300,CE,202512,ok,3042580.0,4411.0,2026-09-20T16:39:54.621267+00:00
2309409,CE,202512,ok,4534018.0,6793.0,2026-09-20T16:39:56.226379+00:00
2309458,CE,202512,ok,2971543.0,4519.0,2026-09-20T16:39:57.839752+00:00
2309508,CE,202512,ok,3141802.0,4819.0,2026-09-20T16:39:59.622581+00:00
2309607,CE,202512,ok,5125375.0,7572.0,2026-09-20T16:40:01.264361+00:00
2309706,CE,202512,ok,7142295.0,10591.0,2026-09-20T16:40:02.875906+00:00
2309805,CE,202512,ok,1463647.0,2165.0,2026-09-20T16:40:04.489220+00:00
2309904,CE,202512,ok,812551.0,1206.0,2026-09-20T16:40:06.103008+00:00
2310001,CE,202512,ok,1174951.0,1781.0,2026-09-20T16:40:07.714231+00:00
2310100,CE,202512,ok,1378434.0,2092.0,2026-09-20T16:40:11.499325+00:00
2310209,CE,202512,ok,4559310.0,6659.0,2026-09-20T16:40:13.112112+00:00
2310258,CE,202512,ok,4486505.0,6598.0,2026-09-20T16:40:14.725358+00:00
2310308,CE,202512,ok,3003151.0,4392.0,2026-09-20T16:40:16.339663+00:00
2310407,CE,202512,ok,1594117.0,2381.0,2026-09-20T16:40:17.980823+00:00
2310506,CE,202512,ok,5269028.0,7909.0,2026-09-20T16:40:19.602177+00:00
2310605,CE,202512,ok,1479213.0,2130.0,2026-09-20T16:40:21.287427+00:00
2310704,CE,202512,ok,4021314.0,5910.0,2026-09-20T16:40:22.895092+00:00
2310803,CE,202512,ok,1545606.0,2251.0,2026-09-20T16:40:24.578136+00:00
2310852,CE,202512,ok,2985834.0,4402.0,2026-09-20T16:40:26.182233+00:00
2310902,CE,202512,ok,1597433.0,2446.0,2026-09-20T16:40:27.796027+00:00
2310951,CE,202512,ok,992883.0,1444.0,2026-09-20T16:40:29.406769+00:00
2311009,CE,202512,ok,1431575.0,2166.0,2026-09-20T16:40:31.021574+00:00
2311108,CE,202512,ok,2043168.0,2981.0,2026-09-20T16:40:32.669289+00:00
2311207,CE,202512,ok,1226490.0,1782.0,2026-09-20T16:40:34.282491+00:00
2311231,CE,202512,ok,735197.0,1109.0,2026-09-20T16:40:35.895483+00:00
2311264,CE,202512,ok,2552178.0,3773.0,2026-09-20T16:40:37.507230+00:00
2311306,CE,202512,ok,11097657.0,16690.0,2026-09-20T16:40:39.141057+00:00
2311355,CE,202512,ok,1926411.0,2876.0,2026-09-20T16:40:40.752718+00:00
2311405,CE,202512,ok,8382771.0,12518.0,2026-09-20T16:40:42.365601+00:00
2311504,CE,202512,ok,1670427.0,2530.0,2026-09-20T16:40:46.108037+00:00
2311603,CE,202512,ok,3316693.0,4864.0,2026-09-20T16:40:47.730492+00:00
2311702,CE,202512,ok,2103834.0,3070.0,2026-09-20T16:40:49.337277+00:00
2311801,CE,202512,ok,5906883.0,8955.0,2026-09-20T16:40:50.945816+00:00
2311900,CE,202512,ok,1857958.0,2781.0,2026-09-20T16:40:52.557668+00:00
2311959,CE,202512,ok,2448147.0,3533.0,2026-09-20T16:40:54.172953+00:00
2312007,CE,202512,ok,4230431.0,6245.0,2026-09-20T16:40:55.786379+00:00
2312106,CE,202512,ok,2486318.0,3590.0,2026-09-20T16:40:57.392693+00:00
2312205,CE,202512,ok,5602354.0,8420.0,2026-09-20T16:40:59.003621+00:00
2312304,CE,202512,ok,5020140.0,7094.0,2026-09-20T16:41:00.611612+00:00
2312403,CE,202512,ok,5755010.0,8383.0,2026-09-20T16:41:02.222993+00:00
2312502,CE,202512,ok,560574.0,868.0,2026-09-20T16:41:03.836253+00:00
2312601,CE,202512,ok,1493089.0,2270.0,2026-09-20T16:41:05.444688+00:00
2312700,CE,202512,ok,2557638.0,3851.0,2026-09-20T16:41:07.058194+00:00
2312809,CE,202512,ok,924987.0,1360.0,2026-09-20T16:41:08.676877+00:00
2312908,CE,202512,ok,14593742.0,21830.0,2026-09-20T16:41:10.285777+00:00
2313005,CE,202512,ok,1560440.0,2326.0,2026-09-20T16:41:11.905149+00:00
2313104,CE,202512,ok,3061718.0,4654.0,2026-09-20T16:41:13.516941+00:00
2313203,CE,202512,ok,3000847.0,4348.0,2026-09-20T16:41:15.142506+00:00
2313252,CE,202512,ok,928905.0,1388.0,2026-09-20T16:41:16.756699+00:00
2313302,CE,202512,ok,5159448.0,7610.0,2026-09-20T16:41:20.540168+00:00
2313351,CE,202512,ok,2809753.0,4101.0,2026-09-20T16:41:22.147411+00:00
2313401,CE,202512,ok,8536506.0,12302.0,2026-09-20T16:41:23.763973+00:00
2313500,CE,202512,ok,9054029.0,13128.0,2026-09-20T16:41:25.389035+00:00
2313559,CE,202512,ok,2523629.0,3735.0,2026-09-20T16:41:27.001185+00:00
2313609,CE,202512,ok,4311205.0,6213.0,2026-09-20T16:41:28.610037+00:00
2313708,CE,202512,ok,861678.0,1293.0,2026-09-20T16:41:30.221922+00:00
2313757,CE,202512,ok,2269903.0,3288.0,2026-09-20T16:41:31.817158+00:00
2313807,CE,202512,ok,3287770.0,4823.0,2026-09-20T16:44:46.986512+00:00
2313906,CE,202512,ok,1701634.0,2519.0,2026-09-20T16:44:48.602779+00:00
2313955,CE,202512,ok,2116216.0,3054.0,2026-09-20T16:44:50.217885+00:00
2314003,CE,202512,ok,4891666.0,7422.0,2026-09-20T16:44:51.851147+00:00
2314102,CE,202512,ok,9196918.0,13442.0,2026-09-20T16:44:53.471884+00:00
2400109,RN,202512,ok,752264.0,1161.0,2026-09-20T16:44:55.085080+00:00
2400208,RN,202512,ok,5695175.0,8733.0,2026-09-20T16:44:56.694545+00:00
2400307,RN,202512,ok,1804375.0,2823.0,2026-09-20T16:44:58.322365+00:00
2400406,RN,202512,ok,323949.0,487.0,2026-09-20T16:44:59.968200+00:00
2400505,RN,202512,ok,1415179.0,2124.0,2026-09-20T16:45:01.585611+00:00
2400604,RN,202512,ok,633282.0,950.0,2026-09-20T16:45:03.199966+00:00
2400703,RN,202512,ok,1333167.0,2018.0,2026-09-20T16:45:04.845875+00:00
2400802,RN,202512,ok,1103249.0,1679.0,2026-09-20T16:45:06.453541+00:00
2400901,RN,202512,ok,1114268.0,1706.0,2026-09-20T16:45:08.062591+00:00
2401008,RN,202512,ok,4394950.0,6817.0,2026-09-20T16:45:09.665537+00:00
2401107,RN,202512,ok,2100814.0,3264.0,2026-09-20T16:45:11.281754+00:00
2401206,RN,202512,ok,1482323.0,2156.0,2026-09-20T16:45:12.893047+00:00
2401305,RN,202512,ok,1828805.0,2827.0,2026-09-20T16:45:14.506560+00:00
2401404,RN,202512,ok,804481.0,1176.0,2026-09-20T16:45:16.133596+00:00
2401453,RN,202512,ok,3192306.0,4828.0,2026-09-20T16:45:17.745178+00:00
2401503,RN,202512,ok,453661.0,692.0,2026-09-20T16:45:21.493302+00:00
2401602,RN,202512,ok,654030.0,953.0,2026-09-20T16:45:23.107232+00:00
2401651,RN,202512,ok,389646.0,572.0,2026-09-20T16:45:24.718500+00:00
2401701,RN,202512,ok,1162520.0,1731.0,2026-09-20T16:45:26.333221+00:00
2401800,RN,202512,ok,1189376.0,1748.0,2026-09-20T16:45:27.947730+00:00
2401859,RN,202512,ok,812718.0,1198.0,2026-09-20T16:45:29.563522+00:00
2401909,RN,202512,ok,524469.0,778.0,2026-09-20T16:45:31.175138+00:00
2402006,RN,202512,ok,4583842.0,7021.0,2026-09-20T16:45:32.812972+00:00
2402105,RN,202512,ok,1379967.0,2078.0,2026-09-20T16:45:34.421876+00:00
2402204,RN,202512,ok,3869141.0,5439.0,2026-09-20T16:45:36.034237+00:00
2402303,RN,202512,ok,2338578.0,3568.0,2026-09-20T16:45:37.647930+00:00
2402402,RN,202512,ok,459554.0,709.0,2026-09-20T16:45:39.253485+00:00
2402501,RN,202512,ok,1291472.0,1959.0,2026-09-20T16:45:40.857670+00:00
2402600,RN,202512,ok,7064382.0,10127.0,2026-09-20T16:45:42.465662+00:00
2402709,RN,202512,ok,1148317.0,1669.0,2026-09-20T16:45:44.077549+00:00
2402808,RN,202512,ok,669514.0,999.0,2026-09-20T16:45:45.711877+00:00
2402907,RN,202512,ok,447927.0,686.0,2026-09-20T16:45:47.331674+00:00
2403004,RN,202512,ok,754364.0,1150.0,2026-09-20T16:45:48.945052+00:00
2403103,RN,202512,ok,3060152.0,4614.0,2026-09-20T16:45:50.556191+00:00
2403202,RN,202512,ok,673467.0,1009.0,2026-09-20T16:45:52.170309+00:00
2403251,RN,202512,ok,14358192.0,21302.0,2026-09-20T16:45:55.841713+00:00
2403301,RN,202512,ok,654334.0,982.0,2026-09-20T16:45:57.458486+00:00
2403400,RN,202512,ok,756073.0,1146.0,2026-09-20T16:45:59.123432+00:00
2403509,RN,202512,ok,1292968.0,1929.0,2026-09-20T16:46:00.737829+00:00
2403608,RN,202512,ok,6706309.0,9691.0,2026-09-20T16:46:02.354802+00:00
2403707,RN,202512,ok,753429.0,1166.0,2026-09-20T16:46:03.997136+00:00
2403756,RN,202512,ok,342210.0,518.0,2026-09-20T16:46:05.608185+00:00
2403806,RN,202512,ok,913028.0,1379.0,2026-09-20T16:46:07.215657+00:00
2403905,RN,202512,ok,261326.0,403.0,2026-09-20T16:46:08.826035+00:00
2404002,RN,202512,ok,480619.0,737.0,2026-09-20T16:46:10.435763+00:00
2404101,RN,202512,ok,178783.0,276.0,2026-09-20T16:46:12.043003+00:00
2404200,RN,202512,ok,2854917.0,4001.0,2026-09-20T16:46:13.641696+00:00
2404309,RN,202512,ok,1423180.0,2155.0,2026-09-20T16:46:15.247596+00:00
2404408,RN,202512,ok,1339612.0,2037.0,2026-09-20T16:46:16.860847+00:00
2404507,RN,202512,ok,1753662.0,2591.0,2026-09-20T16:46:18.481807+00:00
2404606,RN,202512,ok,1615001.0,2390.0,2026-09-20T16:46:20.092889+00:00
2404705,RN,202512,ok,1249966.0,1906.0,2026-09-20T16:46:21.707783+00:00
2404804,RN,202512,ok,137742.0,199.0,2026-09-20T16:46:23.313553+00:00
2404853,RN,202512,ok,769203.0,1154.0,2026-09-20T16:46:24.922289+00:00
2404903,RN,202512,ok,781779.0,1204.0,2026-09-20T16:46:26.532349+00:00
2405009,RN,202512,ok,1071085.0,1598.0,2026-09-20T16:46:30.215155+00:00
2405108,RN,202512,ok,821597.0,1192.0,2026-09-20T16:46:31.833191+00:00
2405207,RN,202512,ok,707052.0,1084.0,2026-09-20T16:46:33.451992+00:00
2405306,RN,202512,ok,1147741.0,1662.0,2026-09-20T16:46:35.076718+00:00
2405405,RN,202512,ok,1088927.0,1617.0,2026-09-20T16:46:36.690836+00:00
2405504,RN,202512,ok,427658.0,633.0,2026-09-20T16:46:38.294852+00:00
2405603,RN,202512,ok,1936410.0,2901.0,2026-09-20T16:46:39.901915+00:00
2405702,RN,202512,ok,624043.0,991.0,2026-09-20T16:46:41.504227+00:00
2405801,RN,202512,ok,4310102.0,6248.0,2026-09-20T16:46:43.100153+00:00
2405900,RN,202512,ok,365454.0,566.0,2026-09-20T16:46:44.717001+00:00
2406007,RN,202512,ok,645903.0,988.0,2026-09-20T16:46:46.335948+00:00
2406106,RN,202512,ok,1894648.0,2935.0,2026-09-20T16:46:47.952931+00:00
2406155,RN,202512,ok,522316.0,776.0,2026-09-20T16:46:49.576279+00:00
2406205,RN,202512,ok,907074.0,1352.0,2026-09-20T16:46:51.184644+00:00
2406304,RN,202512,ok,1147160.0,1723.0,2026-09-20T16:46:52.792042+00:00
2406403,RN,202512,ok,345688.0,502.0,2026-09-20T16:46:54.404514+00:00
2406502,RN,202512,ok,1648197.0,2439.0,2026-09-20T16:46:56.018265+00:00
2406601,RN,202512,ok,1858570.0,2798.0,2026-09-20T16:46:57.628299+00:00
2406700,RN,202512,ok,959167.0,1431.0,2026-09-20T16:46:59.245399+00:00
2406809,RN,202512,ok,591646.0,885.0,2026-09-20T16:47:00.876100+00:00
2406908,RN,202512,ok,538212.0,831.0,2026-09-20T16:47:04.752384+00:00
2407005,RN,202512,ok,977091.0,1431.0,2026-09-20T16:47:06.385645+00:00
2407104,RN,202512,ok,8834822.0,13237.0,2026-09-20T16:47:08.002911+00:00
2407203,RN,202512,ok,2300963.0,3425.0,2026-09-20T16:47:09.623064+00:00
2407252,RN,202512,ok,461771.0,679.0,2026-09-20T16:47:11.238422+00:00
2407302,RN,202512,ok,952803.0,1447.0,2026-09-20T16:47:12.843360+00:00
2407401,RN,202512,ok,880572.0,1318.0,2026-09-20T16:47:14.453020+00:00
2407500,RN,202512,ok,1124836.0,1661.0,2026-09-20T16:47:16.060563+00:00
2407609,RN,202512,ok,647904.0,970.0,2026-09-20T16:47:17.663231+00:00
2407708,RN,202512,ok,1515179.0,2219.0,2026-09-20T16:47:19.269065+00:00
2407807,RN,202512,ok,2476787.0,3666.0,2026-09-20T16:47:20.887431+00:00
2407906,RN,202512,ok,369471.0,545.0,2026-09-20T16:47:22.492796+00:00
2408003,RN,202512,ok,18541340.0,28578.0,2026-09-20T16:47:24.097694+00:00
2408102,RN,202512,ok,48261527.0,71296.0,2026-09-20T16:47:25.701382+00:00
2408201,RN,202512,ok,3378833.0,4982.0,2026-09-20T16:47:27.310903+00:00
2408300,RN,202512,ok,3973529.0,5878.0,2026-09-20T16:47:28.923787+00:00
2408409,RN,202512,ok,425165.0,666.0,2026-09-20T16:47:30.534476+00:00
2408508,RN,202512,ok,429686.0,635.0,2026-09-20T16:47:32.152312+00:00
2408607,RN,202512,ok,734578.0,1126.0,2026-09-20T16:47:33.764093+00:00
2408706,RN,202512,ok,404691.0,608.0,2026-09-20T16:47:35.439714+00:00
2408805,RN,202512,ok,686847.0,982.0,2026-09-20T16:47:39.373961+00:00
2408904,RN,202512,ok,2030053.0,3081.0,2026-09-20T16:47:41.002933+00:00
2408953,RN,202512,ok,1549703.0,2276.0,2026-09-20T16:47:42.617377+00:00
2409100,RN,202512,ok,1402987.0,2131.0,2026-09-20T16:47:44.239174+00:00
2409209,RN,202512,ok,410813.0,587.0,2026-09-20T16:47:45.863932+00:00
2409308,RN,202512,ok,1377611.0,2089.0,2026-09-20T16:47:47.501020+00:00
2409332,RN,202512,ok,747746.0,1105.0,2026-09-20T16:47:49.105884+00:00
2409407,RN,202512,ok,2751682.0,4138.0,2026-09-20T16:47:50.711023+00:00
2409506,RN,202512,ok,501749.0,753.0,2026-09-20T16:47:52.326355+00:00
2409605,RN,202512,ok,339979.0,500.0,2026-09-20T16:47:53.928379+00:00
2409704,RN,202512,ok,762221.0,1159.0,2026-09-20T16:47:55.541342+00:00
2409803,RN,202512,ok,2096783.0,3076.0,2026-09-20T16:47:57.142828+00:00
2409902,RN,202512,ok,1324130.0,2014.0,2026-09-20T16:47:58.754231+00:00
2410009,RN,202512,ok,515462.0,788.0,2026-09-20T16:48:00.369343+00:00
2410108,RN,202512,ok,1548246.0,2285.0,2026-09-20T16:48:01.978829+00:00
2410207,RN,202512,ok,820402.0,1239.0,2026-09-20T16:48:03.592234+00:00
2410256,RN,202512,ok,705885.0,1039.0,2026-09-20T16:48:05.200116+00:00
2410306,RN,202512,ok,1280145.0,1857.0,2026-09-20T16:48:06.840918+00:00
2410405,RN,202512,ok,1175419.0,1669.0,2026-09-20T16:48:08.444004+00:00
2410504,RN,202512,ok,611560.0,904.0,2026-09-20T16:48:10.055046+00:00
2410603,RN,202512,ok,331838.0,515.0,2026-09-20T16:48:13.918292+00:00
2410702,RN,202512,ok,342678.0,525.0,2026-09-20T16:48:15.541476+00:00
2410801,RN,202512,ok,422049.0,644.0,2026-09-20T16:48:17.158267+00:00
2410900,RN,202512,ok,902598.0,1332.0,2026-09-20T16:48:18.786542+00:00
2411007,RN,202512,ok,450508.0,685.0,2026-09-20T16:48:20.394890+00:00
2411056,RN,202512,ok,536653.0,812.0,2026-09-20T16:48:22.008290+00:00
2411106,RN,202512,ok,333028.0,506.0,2026-09-20T16:48:23.640017+00:00
2411205,RN,202512,ok,3855282.0,5706.0,2026-09-20T16:48:25.254013+00:00
2411403,RN,202512,ok,1243981.0,1890.0,2026-09-20T16:48:26.867250+00:00
2411429,RN,202512,ok,213119.0,328.0,2026-09-20T16:48:28.476462+00:00
2411502,RN,202512,ok,2767302.0,4109.0,2026-09-20T16:48:30.082405+00:00
2411601,RN,202512,ok,313833.0,454.0,2026-09-20T16:48:31.687515+00:00
2411700,RN,202512,ok,568089.0,847.0,2026-09-20T16:48:33.291395+00:00
2411809,RN,202512,ok,322238.0,488.0,2026-09-20T16:48:34.899613+00:00
2411908,RN,202512,ok,439507.0,681.0,2026-09-20T16:48:36.507598+00:00
2412005,RN,202512,ok,11135189.0,16665.0,2026-09-20T16:48:38.140736+00:00
2412104,RN,202512,ok,563744.0,861.0,2026-09-20T16:48:39.753816+00:00
2412203,RN,202512,ok,4966738.0,7216.0,2026-09-20T16:48:41.359084+00:00
2412302,RN,202512,ok,1479560.0,2186.0,2026-09-20T16:48:42.978249+00:00
2412401,RN,202512,ok,287157.0,429.0,2026-09-20T16:48:44.588659+00:00
2412500,RN,202512,ok,3070505.0,4560.0,2026-09-20T16:48:48.377114+00:00
2412559,RN,202512,ok,1255829.0,1887.0,2026-09-20T16:48:49.997498+00:00
2412609,RN,202512,ok,1861410.0,2802.0,2026-09-20T16:48:51.620706+00:00
2412708,RN,202512,ok,680196.0,1006.0,2026-09-20T16:48:53.226667+00:00
2412807,RN,202512,ok,1301398.0,2038.0,2026-09-20T16:48:54.870362+00:00
2412906,RN,202512,ok,1198432.0,1831.0,2026-09-20T16:48:56.477893+00:00
2413003,RN,202512,ok,638355.0,963.0,2026-09-20T16:48:58.078100+00:00
2413102,RN,202512,ok,1083009.0,1567.0,2026-09-20T16:48:59.687689+00:00
2413201,RN,202512,ok,390741.0,551.0,2026-09-20T16:49:01.297071+00:00
2413300,RN,202512,ok,866217.0,1277.0,2026-09-20T16:49:02.904608+00:00
2413359,RN,202512,ok,1901037.0,2807.0,2026-09-20T16:52:18.760446+00:00
2413409,RN,202512,ok,624374.0,958.0,2026-09-20T16:52:20.372706+00:00
2413508,RN,202512,ok,944218.0,1423.0,2026-09-20T16:52:21.982302+00:00
2413557,RN,202512,ok,639996.0,963.0,2026-09-20T16:52:23.589358+00:00
2413607,RN,202512,ok,774392.0,1198.0,2026-09-20T16:52:25.198612+00:00
2413706,RN,202512,ok,590223.0,879.0,2026-09-20T16:52:26.802213+00:00
2413805,RN,202512,ok,332477.0,509.0,2026-09-20T16:52:28.408443+00:00
2413904,RN,202512,ok,1343120.0,1957.0,2026-09-20T16:52:30.017788+00:00
2414001,RN,202512,ok,1831496.0,2727.0,2026-09-20T16:52:31.630336+00:00
2414100,RN,202512,ok,1174470.0,1758.0,2026-09-20T16:52:33.246409+00:00
2414159,RN,202512,ok,784890.0,1159.0,2026-09-20T16:52:34.851797+00:00
2414209,RN,202512,ok,1552899.0,2211.0,2026-09-20T16:52:36.467221+00:00
2414308,RN,202512,ok,210181.0,325.0,2026-09-20T16:52:38.080154+00:00
2414407,RN,202512,ok,4445711.0,6468.0,2026-09-20T16:52:39.691960+00:00
2414456,RN,202512,ok,657685.0,991.0,2026-09-20T16:52:41.297589+00:00
2414506,RN,202512,ok,1394041.0,2139.0,2026-09-20T16:52:42.908034+00:00
2414605,RN,202512,ok,1439281.0,2217.0,2026-09-20T16:52:44.518855+00:00
2414704,RN,202512,ok,691895.0,1019.0,2026-09-20T16:52:46.131805+00:00
2414753,RN,202512,ok,464611.0,677.0,2026-09-20T16:52:50.040344+00:00
2414803,RN,202512,ok,1480456.0,2136.0,2026-09-20T16:52:51.655021+00:00
2414902,RN,202512,ok,276430.0,424.0,2026-09-20T16:52:53.261876+00:00
2415008,RN,202512,ok,398496.0,579.0,2026-09-20T16:52:54.875451+00:00
2500106,PB,202512,ok,1218707.0,1780.0,2026-09-20T16:52:56.487095+00:00
2500205,PB,202512,ok,607218.0,918.0,2026-09-20T16:52:58.093485+00:00
2500304,PB,202512,ok,3498548.0,5086.0,2026-09-20T16:52:59.714972+00:00
2500403,PB,202512,ok,2234726.0,3176.0,2026-09-20T16:53:01.327815+00:00
2500502,PB,202512,ok,2100864.0,3045.0,2026-09-20T16:53:02.933643+00:00
2500536,PB,202512,ok,652245.0,941.0,2026-09-20T16:53:04.552654+00:00
2500577,PB,202512,ok,478547.0,691.0,2026-09-20T16:53:06.162100+00:00
2500601,PB,202512,ok,2566860.0,3703.0,2026-09-20T16:53:07.766713+00:00
2500700,PB,202512,ok,1819701.0,2865.0,2026-09-20T16:53:09.374061+00:00
2500734,PB,202512,ok,351827.0,522.0,2026-09-20T16:53:10.972039+00:00
2500775,PB,202512,ok,1239311.0,1846.0,2026-09-20T16:53:12.584569+00:00
2500809,PB,202512,ok,2994282.0,4433.0,2026-09-20T16:53:14.196864+00:00
2500908,PB,202512,ok,1798884.0,2716.0,2026-09-20T16:53:15.810809+00:00
2501005,PB,202512,ok,2058282.0,2972.0,2026-09-20T16:53:17.457336+00:00
2501104,PB,202512,ok,2536681.0,3701.0,2026-09-20T16:53:19.086239+00:00
2501153,PB,202512,ok,308782.0,463.0,2026-09-20T16:53:20.704662+00:00
2501203,PB,202512,ok,1041817.0,1537.0,2026-09-20T16:53:24.565452+00:00
2501302,PB,202512,ok,2888804.0,4268.0,2026-09-20T16:53:26.174122+00:00
2501351,PB,202512,ok,716179.0,1058.0,2026-09-20T16:53:27.786056+00:00
2501401,PB,202512,ok,1427715.0,1986.0,2026-09-20T16:53:29.397347+00:00
2501500,PB,202512,ok,2495335.0,3628.0,2026-09-20T16:53:31.001969+00:00
2501534,PB,202512,ok,633840.0,957.0,2026-09-20T16:53:32.608604+00:00
2501575,PB,202512,ok,1105713.0,1636.0,2026-09-20T16:53:34.216456+00:00
2501609,PB,202512,ok,1770610.0,2662.0,2026-09-20T16:53:35.867287+00:00
2501708,PB,202512,ok,837065.0,1246.0,2026-09-20T16:53:37.474109+00:00
2501807,PB,202512,ok,9373253.0,14243.0,2026-09-20T16:53:39.082707+00:00
2501906,PB,202512,ok,1964504.0,2925.0,2026-09-20T16:53:40.689027+00:00
2502003,PB,202512,ok,1107432.0,1674.0,2026-09-20T16:53:42.303958+00:00
2502052,PB,202512,ok,438045.0,639.0,2026-09-20T16:53:43.914642+00:00
2502102,PB,202512,ok,729095.0,1051.0,2026-09-20T16:53:45.533858+00:00
2502151,PB,202512,ok,537914.0,810.0,2026-09-20T16:53:47.137420+00:00
2502201,PB,202512,ok,324721.0,481.0,2026-09-20T16:53:48.747881+00:00
2502300,PB,202512,ok,602949.0,929.0,2026-09-20T16:53:50.379031+00:00
2502409,PB,202512,ok,1583803.0,2343.0,2026-09-20T16:53:51.990504+00:00
2502508,PB,202512,ok,2614487.0,3817.0,2026-09-20T16:53:53.599044+00:00
2502607,PB,202512,ok,699279.0,1026.0,2026-09-20T16:53:55.204136+00:00
2502706,PB,202512,ok,570857.0,801.0,2026-09-20T16:53:59.064888+00:00
2502805,PB,202512,ok,1836586.0,2778.0,2026-09-20T16:54:00.677399+00:00
2502904,PB,202512,ok,1023621.0,1503.0,2026-09-20T16:54:02.292902+00:00
2503001,PB,202512,ok,2525877.0,3687.0,2026-09-20T16:54:03.898901+00:00
2503100,PB,202512,ok,577886.0,848.0,2026-09-20T16:54:05.507947+00:00
2503209,PB,202512,ok,5728148.0,8473.0,2026-09-20T16:54:07.129614+00:00
2503308,PB,202512,ok,1199175.0,1766.0,2026-09-20T16:54:08.740027+00:00
2503407,PB,202512,ok,641500.0,967.0,2026-09-20T16:54:10.353388+00:00
2503506,PB,202512,ok,1933010.0,2789.0,2026-09-20T16:54:11.964937+00:00
2503555,PB,202512,ok,1452004.0,1984.0,2026-09-20T16:54:13.577025+00:00
2503605,PB,202512,ok,910965.0,1349.0,2026-09-20T16:54:15.187604+00:00
2503704,PB,202512,ok,8180349.0,12399.0,2026-09-20T16:54:16.799457+00:00
2503753,PB,202512,ok,552577.0,825.0,2026-09-20T16:54:18.429967+00:00
2503803,PB,202512,ok,950834.0,1417.0,2026-09-20T16:54:20.046179+00:00
2503902,PB,202512,ok,988977.0,1484.0,2026-09-20T16:54:21.696900+00:00
2504009,PB,202512,ok,23925886.0,35261.0,2026-09-20T16:54:23.309155+00:00
2504033,PB,202512,ok,1268049.0,1837.0,2026-09-20T16:54:24.915761+00:00
2504074,PB,202512,ok,593014.0,889.0,2026-09-20T16:54:26.519560+00:00
2504108,PB,202512,ok,321222.0,489.0,2026-09-20T16:54:28.127737+00:00
2504157,PB,202512,ok,1063817.0,1576.0,2026-09-20T16:54:29.739027+00:00
2504207,PB,202512,ok,730542.0,1095.0,2026-09-20T16:54:33.534327+00:00
2504306,PB,202512,ok,3276866.0,5034.0,2026-09-20T16:54:35.140404+00:00
2504355,PB,202512,ok,732103.0,1090.0,2026-09-20T16:54:36.749578+00:00
2504405,PB,202512,ok,2486196.0,3684.0,2026-09-20T16:54:38.387851+00:00
2504504,PB,202512,ok,820219.0,1218.0,2026-09-20T16:54:40.027028+00:00
2504603,PB,202512,ok,3423810.0,4871.0,2026-09-20T16:54:41.639925+00:00
2504702,PB,202512,ok,797697.0,1202.0,2026-09-20T16:54:43.251064+00:00
2504801,PB,202512,ok,2125175.0,3183.0,2026-09-20T16:54:44.872501+00:00
2504850,PB,202512,ok,246961.0,376.0,2026-09-20T16:54:46.480767+00:00
2504900,PB,202512,ok,2597047.0,3822.0,2026-09-20T16:54:48.089231+00:00
2505006,PB,202512,ok,1096888.0,1622.0,2026-09-20T16:54:49.697425+00:00
2505105,PB,202512,ok,2410270.0,3636.0,2026-09-20T16:54:51.307996+00:00
2505204,PB,202512,ok,896691.0,1307.0,2026-09-20T16:54:52.925919+00:00
2505238,PB,202512,ok,975826.0,1437.0,2026-09-20T16:54:54.538288+00:00
2505279,PB,202512,ok,1068803.0,1562.0,2026-09-20T16:54:56.172384+00:00
2505303,PB,202512,ok,322680.0,477.0,2026-09-20T16:54:57.786845+00:00
2505352,PB,202512,ok,807335.0,1195.0,2026-09-20T16:54:59.394653+00:00
2505402,PB,202512,ok,1444163.0,2133.0,2026-09-20T16:55:01.002878+00:00
2505501,PB,202512,ok,393994.0,576.0,2026-09-20T16:55:02.621701+00:00
2505600,PB,202512,ok,878002.0,1298.0,2026-09-20T16:55:04.234627+00:00
2505709,PB,202512,ok,1475646.0,2139.0,2026-09-20T16:55:08.043240+00:00
2505808,PB,202512,ok,465460.0,680.0,2026-09-20T16:55:09.700279+00:00
2505907,PB,202512,ok,532176.0,795.0,2026-09-20T16:55:11.310321+00:00
2506004,PB,202512,ok,3373882.0,4978.0,2026-09-20T16:55:12.917949+00:00
2506103,PB,202512,ok,1412432.0,2043.0,2026-09-20T16:55:14.529200+00:00
2506202,PB,202512,ok,411871.0,637.0,2026-09-20T16:55:16.144215+00:00
2506251,PB,202512,ok,1367723.0,1960.0,2026-09-20T16:55:17.765509+00:00
2506301,PB,202512,ok,5665487.0,8351.0,2026-09-20T16:55:19.386197+00:00
2506400,PB,202512,ok,1813833.0,2691.0,2026-09-20T16:55:21.006864+00:00
2506509,PB,202512,ok,443024.0,661.0,2026-09-20T16:55:22.629295+00:00
2506608,PB,202512,ok,686561.0,1014.0,2026-09-20T16:55:24.254179+00:00
2506707,PB,202512,ok,1446416.0,2135.0,2026-09-20T16:55:25.885049+00:00
2506806,PB,202512,ok,3092095.0,4682.0,2026-09-20T16:55:27.487604+00:00
2506905,PB,202512,ok,3216952.0,4873.0,2026-09-20T16:55:29.098790+00:00
2507002,PB,202512,ok,2384416.0,3549.0,2026-09-20T16:55:30.710376+00:00
2507101,PB,202512,ok,2250092.0,3234.0,2026-09-20T16:55:32.313193+00:00
2507200,PB,202512,ok,1459961.0,2133.0,2026-09-20T16:55:33.926332+00:00
2507309,PB,202512,ok,2338354.0,3440.0,2026-09-20T16:55:35.538270+00:00
2507408,PB,202512,ok,900383.0,1352.0,2026-09-20T16:55:37.160950+00:00
2507507,PB,202512,ok,52849422.0,77183.0,2026-09-20T16:55:38.799819+00:00
2507606,PB,202512,ok,1760245.0,2560.0,2026-09-20T16:55:42.615468+00:00
2507705,PB,202512,ok,2120022.0,2989.0,2026-09-20T16:55:44.227800+00:00
2507804,PB,202512,ok,869682.0,1271.0,2026-09-20T16:55:45.891228+00:00
2507903,PB,202512,ok,1283506.0,1929.0,2026-09-20T16:55:47.503163+00:00
2508000,PB,202512,ok,1128476.0,1676.0,2026-09-20T16:55:49.111066+00:00
2508109,PB,202512,ok,662634.0,989.0,2026-09-20T16:55:50.719419+00:00
2508208,PB,202512,ok,1131543.0,1652.0,2026-09-20T16:55:52.348402+00:00
2508307,PB,202512,ok,2932244.0,4302.0,2026-09-20T16:55:53.956913+00:00
2508406,PB,202512,ok,392700.0,576.0,2026-09-20T16:55:55.577481+00:00
2508505,PB,202512,ok,926832.0,1349.0,2026-09-20T16:55:57.186134+00:00
2508554,PB,202512,ok,717328.0,1042.0,2026-09-20T16:55:58.796013+00:00
2508604,PB,202512,ok,1449267.0,2103.0,2026-09-20T16:56:00.406172+00:00
2508703,PB,202512,ok,462703.0,693.0,2026-09-20T16:56:02.018415+00:00
2508802,PB,202512,ok,707040.0,1033.0,2026-09-20T16:56:03.697571+00:00
2508901,PB,202512,ok,5161534.0,7596.0,2026-09-20T16:56:05.304792+00:00
2509008,PB,202512,ok,1612800.0,2380.0,2026-09-20T16:56:06.918795+00:00
2509057,PB,202512,ok,1579554.0,2219.0,2026-09-20T16:56:08.528037+00:00
2509107,PB,202512,ok,3871879.0,5780.0,2026-09-20T16:56:10.151791+00:00
2509156,PB,202512,ok,983951.0,1498.0,2026-09-20T16:56:11.759478+00:00
2509206,PB,202512,ok,1746289.0,2569.0,2026-09-20T16:56:13.374457+00:00
2509305,PB,202512,ok,1247736.0,1752.0,2026-09-20T16:56:17.179092+00:00
2509339,PB,202512,ok,573934.0,830.0,2026-09-20T16:56:18.791199+00:00
2509370,PB,202512,ok,348740.0,535.0,2026-09-20T16:56:20.413769+00:00
2509396,PB,202512,ok,1099130.0,1601.0,2026-09-20T16:56:22.030790+00:00
2509404,PB,202512,ok,2094631.0,3125.0,2026-09-20T16:56:23.664520+00:00
2509503,PB,202512,ok,777136.0,1169.0,2026-09-20T16:56:25.278828+00:00
2509602,PB,202512,ok,629601.0,930.0,2026-09-20T16:56:26.901336+00:00
2509701,PB,202512,ok,4480155.0,6664.0,2026-09-20T16:56:28.513274+00:00
2509800,PB,202512,ok,1271906.0,1835.0,2026-09-20T16:56:30.123771+00:00
2509909,PB,202512,ok,987917.0,1431.0,2026-09-20T16:56:31.727234+00:00
2510006,PB,202512,ok,995414.0,1475.0,2026-09-20T16:56:33.335245+00:00
2510105,PB,202512,ok,1309599.0,1982.0,2026-09-20T16:56:34.948563+00:00
2510204,PB,202512,ok,836226.0,1239.0,2026-09-20T16:59:50.273774+00:00
2510303,PB,202512,ok,425425.0,661.0,2026-09-20T16:59:51.888392+00:00
2510402,PB,202512,ok,915579.0,1288.0,2026-09-20T16:59:53.502117+00:00
2510501,PB,202512,ok,377796.0,575.0,2026-09-20T16:59:55.128799+00:00
2510600,PB,202512,ok,347297.0,526.0,2026-09-20T16:59:56.742325+00:00
2510659,PB,202512,ok,166962.0,246.0,2026-09-20T16:59:58.353600+00:00
2510709,PB,202512,ok,349878.0,527.0,2026-09-20T16:59:59.964685+00:00
2510808,PB,202512,ok,9132923.0,13531.0,2026-09-20T17:00:01.577466+00:00
2510907,PB,202512,ok,1553920.0,2301.0,2026-09-20T17:00:03.184062+00:00
2511004,PB,202512,ok,381670.0,567.0,2026-09-20T17:00:04.803098+00:00
2511103,PB,202512,ok,824268.0,1236.0,2026-09-20T17:00:06.413575+00:00
2511202,PB,202512,ok,3461110.0,5157.0,2026-09-20T17:00:08.022519+00:00
2511301,PB,202512,ok,2596395.0,4014.0,2026-09-20T17:00:09.636963+00:00
2511400,PB,202512,ok,2049822.0,3080.0,2026-09-20T17:00:11.231650+00:00
2511509,PB,202512,ok,1592460.0,2325.0,2026-09-20T17:00:12.845621+00:00
2511608,PB,202512,ok,1180304.0,1681.0,2026-09-20T17:00:14.458251+00:00
2511707,PB,202512,ok,1005071.0,1454.0,2026-09-20T17:00:18.148405+00:00
2511806,PB,202512,ok,1234396.0,1778.0,2026-09-20T17:00:19.758838+00:00
2511905,PB,202512,ok,2476692.0,3707.0,2026-09-20T17:00:21.390930+00:00
2512002,PB,202512,ok,2607237.0,3734.0,2026-09-20T17:00:22.999959+00:00
2512036,PB,202512,ok,478874.0,717.0,2026-09-20T17:00:24.604497+00:00
2512077,PB,202512,ok,441212.0,672.0,2026-09-20T17:00:26.216732+00:00
2512101,PB,202512,ok,3220280.0,4871.0,2026-09-20T17:00:27.827978+00:00
2512200,PB,202512,ok,517416.0,769.0,2026-09-20T17:00:29.437925+00:00
2512309,PB,202512,ok,2411280.0,3582.0,2026-09-20T17:00:31.045813+00:00
2512408,PB,202512,ok,1588740.0,2285.0,2026-09-20T17:00:32.667812+00:00
2512507,PB,202512,ok,5286937.0,7805.0,2026-09-20T17:00:34.272985+00:00
2512606,PB,202512,ok,257407.0,385.0,2026-09-20T17:00:35.906211+00:00
2512705,PB,202512,ok,2451034.0,3486.0,2026-09-20T17:00:37.519806+00:00
2512721,PB,202512,ok,864855.0,1261.0,2026-09-20T17:00:39.128439+00:00
2512747,PB,202512,ok,371008.0,560.0,2026-09-20T17:00:40.730821+00:00
2512754,PB,202512,ok,731096.0,1088.0,2026-09-20T17:00:42.343101+00:00
2512762,PB,202512,ok,662927.0,973.0,2026-09-20T17:00:43.949537+00:00
2512788,PB,202512,ok,295488.0,436.0,2026-09-20T17:00:45.560934+00:00
2512804,PB,202512,ok,1279513.0,2001.0,2026-09-20T17:00:47.164153+00:00
2512903,PB,202512,ok,2786339.0,4102.0,2026-09-20T17:00:48.800219+00:00
2513000,PB,202512,ok,394921.0,579.0,2026-09-20T17:00:52.655075+00:00
2513109,PB,202512,ok,1373743.0,2023.0,2026-09-20T17:00:54.267537+00:00
2513158,PB,202512,ok,1075107.0,1556.0,2026-09-20T17:00:55.872679+00:00
2513208,PB,202512,ok,627546.0,933.0,2026-09-20T17:00:57.484227+00:00
2513307,PB,202512,ok,915215.0,1402.0,2026-09-20T17:00:59.096543+00:00
2513356,PB,202512,ok,579816.0,840.0,2026-09-20T17:01:00.708681+00:00
2513406,PB,202512,ok,1641815.0,2458.0,2026-09-20T17:01:02.323422+00:00
2513505,PB,202512,ok,607513.0,887.0,2026-09-20T17:01:03.930509+00:00
2513604,PB,202512,ok,766768.0,1143.0,2026-09-20T17:01:05.538399+00:00
2513653,PB,202512,ok,295418.0,441.0,2026-09-20T17:01:07.168929+00:00
2513703,PB,202512,ok,11594457.0,16725.0,2026-09-20T17:01:08.777913+00:00
2513802,PB,202512,ok,663558.0,990.0,2026-09-20T17:01:10.383999+00:00
2513851,PB,202512,ok,305291.0,462.0,2026-09-20T17:01:12.005967+00:00
2513901,PB,202512,ok,3915880.0,5825.0,2026-09-20T17:01:13.628745+00:00
2513927,PB,202512,ok,524762.0,774.0,2026-09-20T17:01:15.241523+00:00
2513943,PB,202512,ok,296859.0,440.0,2026-09-20T17:01:16.852441+00:00
2513968,PB,202512,ok,317366.0,494.0,2026-09-20T17:01:18.456449+00:00
2513984,PB,202512,ok,340318.0,510.0,2026-09-20T17:01:20.068537+00:00
2514008,PB,202512,ok,522173.0,774.0,2026-09-20T17:01:21.692609+00:00
2514107,PB,202512,ok,599870.0,879.0,2026-09-20T17:01:23.297564+00:00
2514206,PB,202512,ok,1073122.0,1610.0,2026-09-20T17:01:27.316509+00:00
2514305,PB,202512,ok,840168.0,1224.0,2026-09-20T17:01:28.926695+00:00
2514404,PB,202512,ok,498317.0,740.0,2026-09-20T17:01:30.533408+00:00
2514453,PB,202512,ok,774154.0,1144.0,2026-09-20T17:01:32.146228+00:00
2514503,PB,202512,ok,2454795.0,3668.0,2026-09-20T17:01:33.757969+00:00
2514552,PB,202512,ok,468911.0,676.0,2026-09-20T17:01:35.365333+00:00
2514602,PB,202512,ok,465685.0,691.0,2026-09-20T17:01:36.979437+00:00
2514651,PB,202512,ok,188114.0,284.0,2026-09-20T17:01:38.597572+00:00
2514701,PB,202512,ok,425699.0,648.0,2026-09-20T17:01:40.211212+00:00
2514800,PB,202512,ok,447209.0,678.0,2026-09-20T17:01:41.822062+00:00
2514909,PB,202512,ok,869859.0,1281.0,2026-09-20T17:01:43.433267+00:00
2515005,PB,202512,ok,1065591.0,1573.0,2026-09-20T17:01:45.042905+00:00
2515104,PB,202512,ok,1067739.0,1567.0,2026-09-20T17:01:46.651696+00:00
2515203,PB,202512,ok,377977.0,562.0,2026-09-20T17:01:48.260142+00:00
2515302,PB,202512,ok,7344329.0,10989.0,2026-09-20T17:01:49.890024+00:00
2515401,PB,202512,ok,1600863.0,2348.0,2026-09-20T17:01:51.499722+00:00
2515500,PB,202512,ok,1840692.0,2774.0,2026-09-20T17:01:53.117592+00:00
2515609,PB,202512,ok,304714.0,423.0,2026-09-20T17:01:54.727574+00:00
2515708,PB,202512,ok,392296.0,598.0,2026-09-20T17:01:56.341999+00:00
2515807,PB,202512,ok,1061445.0,1578.0,2026-09-20T17:01:57.954652+00:00
2515906,PB,202512,ok,727688.0,1074.0,2026-09-20T17:02:01.648708+00:00
2515930,PB,202512,ok,515230.0,752.0,2026-09-20T17:02:03.258078+00:00
2515971,PB,202512,ok,1381312.0,2043.0,2026-09-20T17:02:04.866116+00:00
2516003,PB,202512,ok,3309171.0,4844.0,2026-09-20T17:02:06.478539+00:00
2516102,PB,202512,ok,1619810.0,2375.0,2026-09-20T17:02:08.089201+00:00
2516151,PB,202512,ok,605901.0,889.0,2026-09-20T17:02:09.742877+00:00
2516201,PB,202512,ok,8404495.0,12810.0,2026-09-20T17:02:11.354998+00:00
2516300,PB,202512,ok,2067835.0,3158.0,2026-09-20T17:02:12.967621+00:00
2516409,PB,202512,ok,1208373.0,1797.0,2026-09-20T17:02:14.574574+00:00
2516508,PB,202512,ok,1990692.0,2910.0,2026-09-20T17:02:16.184471+00:00
2516607,PB,202512,ok,1956260.0,2867.0,2026-09-20T17:02:17.797038+00:00
2516706,PB,202512,ok,2564455.0,3726.0,2026-09-20T17:02:19.413172+00:00
2516755,PB,202512,ok,480958.0,705.0,2026-09-20T17:02:21.032945+00:00
2516805,PB,202512,ok,1161731.0,1722.0,2026-09-20T17:02:22.645744+00:00
2516904,PB,202512,ok,1574837.0,2342.0,2026-09-20T17:02:24.268874+00:00
2517001,PB,202512,ok,1186674.0,1776.0,2026-09-20T17:02:25.877896+00:00
2517100,PB,202512,ok,251872.0,383.0,2026-09-20T17:02:27.496698+00:00
2517209,PB,202512,ok,515379.0,782.0,2026-09-20T17:02:29.105098+00:00
2517407,PB,202512,ok,313023.0,459.0,2026-09-20T17:02:30.721208+00:00
2600054,PE,202512,ok,11217371.0,16814.0,2026-09-20T17:02:32.321452+00:00
2600104,PE,202512,ok,4191023.0,6112.0,2026-09-20T17:02:35.989176+00:00
2600203,PE,202512,ok,2558906.0,3889.0,2026-09-20T17:02:37.597769+00:00
2600302,PE,202512,ok,3872785.0,5813.0,2026-09-20T17:02:39.218465+00:00
2600401,PE,202512,ok,3580972.0,5312.0,2026-09-20T17:02:40.850454+00:00
2600500,PE,202512,ok,8048511.0,11546.0,2026-09-20T17:02:42.455842+00:00
2600609,PE,202512,ok,1955134.0,2855.0,2026-09-20T17:02:44.060429+00:00
2600708,PE,202512,ok,5091423.0,7568.0,2026-09-20T17:02:45.665839+00:00
2600807,PE,202512,ok,3191130.0,4853.0,2026-09-20T17:02:47.271628+00:00
2600906,PE,202512,ok,2737151.0,4039.0,2026-09-20T17:02:48.883288+00:00
2601003,PE,202512,ok,1736597.0,2520.0,2026-09-20T17:02:50.521257+00:00
2601052,PE,202512,ok,2714509.0,3922.0,2026-09-20T17:02:52.149081+00:00
2601102,PE,202512,ok,11204553.0,16165.0,2026-09-20T17:02:53.759772+00:00
2601201,PE,202512,ok,7610674.0,11175.0,2026-09-20T17:02:55.389781+00:00
2601300,PE,202512,ok,1437682.0,2130.0,2026-09-20T17:02:57.002571+00:00
2601409,PE,202512,ok,5764926.0,8587.0,2026-09-20T17:02:58.609879+00:00
2601508,PE,202512,ok,1709216.0,2637.0,2026-09-20T17:03:00.219671+00:00
2601607,PE,202512,ok,3707305.0,5469.0,2026-09-20T17:03:01.831830+00:00
2601706,PE,202512,ok,9042112.0,13249.0,2026-09-20T17:03:03.459248+00:00
2601805,PE,202512,ok,1761286.0,2665.0,2026-09-20T17:03:05.070560+00:00
2601904,PE,202512,ok,8941778.0,13737.0,2026-09-20T17:03:06.684836+00:00
2602001,PE,202512,ok,5209585.0,7622.0,2026-09-20T17:03:10.477188+00:00
2602100,PE,202512,ok,5827520.0,8442.0,2026-09-20T17:03:12.092067+00:00
2602209,PE,202512,ok,5752915.0,8707.0,2026-09-20T17:03:13.700786+00:00
2602308,PE,202512,ok,5925647.0,8820.0,2026-09-20T17:03:15.313699+00:00
2602407,PE,202512,ok,1507406.0,2164.0,2026-09-20T17:03:16.929191+00:00
2602506,PE,202512,ok,1103595.0,1630.0,2026-09-20T17:03:18.535878+00:00
2602605,PE,202512,ok,7252559.0,10503.0,2026-09-20T17:03:20.143890+00:00
2602704,PE,202512,ok,2295618.0,3423.0,2026-09-20T17:03:21.752608+00:00
2602803,PE,202512,ok,7321736.0,10367.0,2026-09-20T17:03:23.374322+00:00
2602902,PE,202512,ok,19549868.0,28951.0,2026-09-20T17:03:25.008788+00:00
2603009,PE,202512,ok,5602216.0,8370.0,2026-09-20T17:03:26.621334+00:00
2603108,PE,202512,ok,3107926.0,4629.0,2026-09-20T17:03:28.232590+00:00
2603207,PE,202512,ok,3859022.0,5424.0,2026-09-20T17:03:29.846377+00:00
2603306,PE,202512,ok,1233159.0,1790.0,2026-09-20T17:03:31.456652+00:00
2603405,PE,202512,ok,993994.0,1450.0,2026-09-20T17:03:33.072566+00:00
2603454,PE,202512,ok,13173775.0,19629.0,2026-09-20T17:03:34.695430+00:00
2603504,PE,202512,ok,3128256.0,4752.0,2026-09-20T17:03:36.310088+00:00
2603603,PE,202512,ok,1061893.0,1545.0,2026-09-20T17:03:37.921091+00:00
2603702,PE,202512,ok,3032945.0,4390.0,2026-09-20T17:03:39.531099+00:00
2603801,PE,202512,ok,2687354.0,3810.0,2026-09-20T17:03:41.151017+00:00
2603900,PE,202512,ok,1993568.0,2982.0,2026-09-20T17:03:44.934917+00:00
2603926,PE,202512,ok,2648018.0,3678.0,2026-09-20T17:03:46.565061+00:00
2604007,PE,202512,ok,9778486.0,14819.0,2026-09-20T17:03:48.172664+00:00
2604106,PE,202512,ok,33348363.0,48783.0,2026-09-20T17:03:49.786003+00:00
2604155,PE,202512,ok,2330118.0,3477.0,2026-09-20T17:03:51.405564+00:00
2604205,PE,202512,ok,5477453.0,8275.0,2026-09-20T17:03:53.016167+00:00
2604304,PE,202512,ok,1338583.0,1937.0,2026-09-20T17:03:54.634952+00:00
2604403,PE,202512,ok,2101707.0,3106.0,2026-09-20T17:03:56.242293+00:00
2604502,PE,202512,ok,3091545.0,4551.0,2026-09-20T17:03:57.868204+00:00
2604601,PE,202512,ok,2639329.0,3860.0,2026-09-20T17:03:59.478168+00:00
2604700,PE,202512,ok,2412067.0,3500.0,2026-09-20T17:04:01.081965+00:00
2604809,PE,202512,ok,1560590.0,2280.0,2026-09-20T17:04:02.698540+00:00
2604908,PE,202512,ok,2621981.0,4046.0,2026-09-20T17:04:04.312678+00:00
2605004,PE,202512,ok,2855128.0,4234.0,2026-09-20T17:04:05.924369+00:00
2605103,PE,202512,ok,5561864.0,8605.0,2026-09-20T17:07:21.129660+00:00
2605152,PE,202512,ok,1765267.0,2654.0,2026-09-20T17:07:22.737940+00:00
2605202,PE,202512,ok,6674754.0,9960.0,2026-09-20T17:07:24.342145+00:00
2605301,PE,202512,ok,5267041.0,7712.0,2026-09-20T17:07:25.952474+00:00
2605400,PE,202512,ok,4138620.0,6272.0,2026-09-20T17:07:27.563076+00:00
2605459,PE,202512,ok,44745.0,65.0,2026-09-20T17:07:29.176765+00:00
2605509,PE,202512,ok,1366041.0,2012.0,2026-09-20T17:07:30.792177+00:00
2605608,PE,202512,ok,2574950.0,3835.0,2026-09-20T17:07:32.401091+00:00
2605707,PE,202512,ok,4419265.0,6528.0,2026-09-20T17:07:34.011984+00:00
2605806,PE,202512,ok,2620524.0,4028.0,2026-09-20T17:07:35.636779+00:00
2605905,PE,202512,ok,3174936.0,4795.0,2026-09-20T17:07:37.250444+00:00
2606002,PE,202512,ok,15406210.0,22780.0,2026-09-20T17:07:38.885024+00:00
2606101,PE,202512,ok,4302547.0,6529.0,2026-09-20T17:07:40.518463+00:00
2606200,PE,202512,ok,9904231.0,14792.0,2026-09-20T17:07:42.133993+00:00
2606309,PE,202512,ok,1141567.0,1687.0,2026-09-20T17:07:45.910380+00:00
2606408,PE,202512,ok,11017019.0,16701.0,2026-09-20T17:07:47.524663+00:00
2606507,PE,202512,ok,2855444.0,4088.0,2026-09-20T17:07:49.140358+00:00
2606606,PE,202512,ok,3748463.0,5477.0,2026-09-20T17:07:50.757278+00:00
2606705,PE,202512,ok,960849.0,1415.0,2026-09-20T17:07:52.409747+00:00
2606804,PE,202512,ok,12881717.0,19146.0,2026-09-20T17:07:54.022248+00:00
2606903,PE,202512,ok,1497329.0,2248.0,2026-09-20T17:07:55.632149+00:00
2607000,PE,202512,ok,5248318.0,7721.0,2026-09-20T17:07:57.243406+00:00
2607109,PE,202512,ok,595042.0,878.0,2026-09-20T17:07:58.854601+00:00
2607208,PE,202512,ok,13408437.0,19877.0,2026-09-20T17:08:00.472809+00:00
2607307,PE,202512,ok,4827257.0,6769.0,2026-09-20T17:08:02.081660+00:00
2607406,PE,202512,ok,689618.0,1042.0,2026-09-20T17:08:03.687323+00:00
2607505,PE,202512,ok,4268068.0,6176.0,2026-09-20T17:08:05.297174+00:00
2607604,PE,202512,ok,3129625.0,4715.0,2026-09-20T17:08:06.914438+00:00
2607653,PE,202512,ok,4169946.0,6115.0,2026-09-20T17:08:08.527611+00:00
2607703,PE,202512,ok,1829302.0,2724.0,2026-09-20T17:08:10.133688+00:00
2607752,PE,202512,ok,3287713.0,4899.0,2026-09-20T17:08:11.743221+00:00
2607802,PE,202512,ok,1594104.0,2349.0,2026-09-20T17:08:13.354319+00:00
2607901,PE,202512,ok,56176220.0,82532.0,2026-09-20T17:08:14.960715+00:00
2607950,PE,202512,ok,1715879.0,2568.0,2026-09-20T17:08:16.574466+00:00
2608008,PE,202512,ok,3056025.0,4639.0,2026-09-20T17:08:20.249531+00:00
2608057,PE,202512,ok,1909819.0,2787.0,2026-09-20T17:08:21.891069+00:00
2608107,PE,202512,ok,3211056.0,4865.0,2026-09-20T17:08:23.545646+00:00
2608206,PE,202512,ok,2535439.0,3768.0,2026-09-20T17:08:25.163984+00:00
2608255,PE,202512,ok,1510651.0,2189.0,2026-09-20T17:08:26.778113+00:00
2608305,PE,202512,ok,2141531.0,3059.0,2026-09-20T17:08:28.384228+00:00
2608404,PE,202512,ok,2493080.0,3656.0,2026-09-20T17:08:29.991188+00:00
2608453,PE,202512,ok,2219112.0,3339.0,2026-09-20T17:08:31.634200+00:00
2608503,PE,202512,ok,2291154.0,3347.0,2026-09-20T17:08:33.244059+00:00
2608602,PE,202512,ok,1662379.0,2406.0,2026-09-20T17:08:34.851219+00:00
2608701,PE,202512,ok,2235909.0,3323.0,2026-09-20T17:08:36.456268+00:00
2608750,PE,202512,ok,3298156.0,4885.0,2026-09-20T17:08:38.106686+00:00
2608800,PE,202512,ok,5627691.0,8172.0,2026-09-20T17:08:39.713596+00:00
2608909,PE,202512,ok,5281200.0,8090.0,2026-09-20T17:08:41.316323+00:00
2609006,PE,202512,ok,2363772.0,3518.0,2026-09-20T17:08:42.923188+00:00
2609105,PE,202512,ok,1794294.0,2593.0,2026-09-20T17:08:44.534543+00:00
2609154,PE,202512,ok,3813537.0,5587.0,2026-09-20T17:08:46.150168+00:00
2609204,PE,202512,ok,1596488.0,2369.0,2026-09-20T17:08:47.765915+00:00
2609303,PE,202512,ok,2069995.0,3000.0,2026-09-20T17:08:49.394599+00:00
2609402,PE,202512,ok,6925235.0,10421.0,2026-09-20T17:08:53.272070+00:00
2609501,PE,202512,ok,2787176.0,4219.0,2026-09-20T17:08:54.896935+00:00
2609600,PE,202512,ok,32493151.0,48538.0,2026-09-20T17:08:56.517168+00:00
2609709,PE,202512,ok,2577405.0,3785.0,2026-09-20T17:08:58.134627+00:00
2609808,PE,202512,ok,2815872.0,4086.0,2026-09-20T17:08:59.743884+00:00
2609907,PE,202512,ok,7777142.0,11262.0,2026-09-20T17:09:01.366188+00:00
2610004,PE,202512,ok,7412529.0,11054.0,2026-09-20T17:09:02.978957+00:00
2610103,PE,202512,ok,1121198.0,1636.0,2026-09-20T17:09:04.603468+00:00
2610202,PE,202512,ok,3329319.0,4852.0,2026-09-20T17:09:06.208637+00:00
2610301,PE,202512,ok,2136140.0,3105.0,2026-09-20T17:09:07.822938+00:00
2610400,PE,202512,ok,2682206.0,3957.0,2026-09-20T17:09:09.438595+00:00
2610509,PE,202512,ok,3987924.0,5970.0,2026-09-20T17:09:11.043256+00:00
2610608,PE,202512,ok,7821750.0,11551.0,2026-09-20T17:09:12.647445+00:00
2610707,PE,202512,ok,28933681.0,43059.0,2026-09-20T17:09:14.258963+00:00
2610806,PE,202512,ok,3837204.0,5632.0,2026-09-20T17:09:15.865314+00:00
2610905,PE,202512,ok,9585392.0,14423.0,2026-09-20T17:09:17.471461+00:00
2611002,PE,202512,ok,4333493.0,6256.0,2026-09-20T17:09:19.096773+00:00
2611101,PE,202512,ok,32925285.0,47520.0,2026-09-20T17:09:20.701855+00:00
2611200,PE,202512,ok,1973096.0,2972.0,2026-09-20T17:09:22.325661+00:00
2611309,PE,202512,ok,3795702.0,5649.0,2026-09-20T17:09:23.947431+00:00
2611408,PE,202512,ok,1588066.0,2376.0,2026-09-20T17:09:27.865676+00:00
2611507,PE,202512,ok,2601916.0,3872.0,2026-09-20T17:09:29.477468+00:00
2611533,PE,202512,ok,855999.0,1263.0,2026-09-20T17:09:31.093346+00:00
2611606,PE,202512,ok,89028176.0,132779.0,2026-09-20T17:09:32.700254+00:00
2611705,PE,202512,ok,3707096.0,5622.0,2026-09-20T17:09:34.321768+00:00
2611804,PE,202512,ok,4084876.0,6038.0,2026-09-20T17:09:35.942157+00:00
2611903,PE,202512,ok,2538839.0,3653.0,2026-09-20T17:09:37.553371+00:00
2612000,PE,202512,ok,1565623.0,2370.0,2026-09-20T17:09:39.159686+00:00
2612109,PE,202512,ok,867985.0,1301.0,2026-09-20T17:09:40.770379+00:00
2612208,PE,202512,ok,6551159.0,9546.0,2026-09-20T17:09:42.374883+00:00
2612307,PE,202512,ok,1950002.0,2820.0,2026-09-20T17:09:43.982491+00:00
2612406,PE,202512,ok,3161414.0,4691.0,2026-09-20T17:09:45.588493+00:00
2612455,PE,202512,ok,1651062.0,2454.0,2026-09-20T17:09:47.192195+00:00
2612471,PE,202512,ok,1515502.0,2192.0,2026-09-20T17:09:48.792878+00:00
2612505,PE,202512,ok,11003948.0,17008.0,2026-09-20T17:09:50.397360+00:00
2612554,PE,202512,ok,1616945.0,2397.0,2026-09-20T17:09:52.003070+00:00
2612604,PE,202512,ok,8252979.0,12005.0,2026-09-20T17:09:53.618297+00:00
2612703,PE,202512,ok,2529947.0,3800.0,2026-09-20T17:09:55.252075+00:00
2612802,PE,202512,ok,1329828.0,1937.0,2026-09-20T17:09:56.857426+00:00
2612901,PE,202512,ok,1607682.0,2372.0,2026-09-20T17:09:58.474745+00:00
2613008,PE,202512,ok,6359051.0,9259.0,2026-09-20T17:10:02.369611+00:00
2613107,PE,202512,ok,4893315.0,7233.0,2026-09-20T17:10:03.987956+00:00
2613206,PE,202512,ok,3167452.0,4614.0,2026-09-20T17:10:05.610416+00:00
2613305,PE,202512,ok,3340548.0,5004.0,2026-09-20T17:10:07.228807+00:00
2613404,PE,202512,ok,3095002.0,4510.0,2026-09-20T17:10:08.842908+00:00
2613503,PE,202512,ok,4437801.0,6490.0,2026-09-20T17:10:10.453281+00:00
2613602,PE,202512,ok,3831381.0,5783.0,2026-09-20T17:10:12.075276+00:00
2613701,PE,202512,ok,11346897.0,16786.0,2026-09-20T17:10:13.725878+00:00
2613800,PE,202512,ok,2181080.0,3182.0,2026-09-20T17:10:15.333642+00:00
2613909,PE,202512,ok,8473885.0,12516.0,2026-09-20T17:10:16.944014+00:00
2614006,PE,202512,ok,2463652.0,3574.0,2026-09-20T17:10:18.548923+00:00
2614105,PE,202512,ok,4319291.0,6434.0,2026-09-20T17:10:20.163253+00:00
2614204,PE,202512,ok,4713087.0,6840.0,2026-09-20T17:10:21.768736+00:00
2614303,PE,202512,ok,2068435.0,3041.0,2026-09-20T17:10:23.394322+00:00
2614402,PE,202512,ok,673076.0,963.0,2026-09-20T17:10:24.998563+00:00
2614501,PE,202512,ok,7387505.0,10993.0,2026-09-20T17:10:26.614940+00:00
2614600,PE,202512,ok,3888614.0,5745.0,2026-09-20T17:10:28.245417+00:00
2614709,PE,202512,ok,1828695.0,2731.0,2026-09-20T17:10:29.849594+00:00
2614808,PE,202512,ok,2755600.0,3907.0,2026-09-20T17:10:31.456123+00:00
2614857,PE,202512,ok,3166966.0,4540.0,2026-09-20T17:10:33.068497+00:00
2615003,PE,202512,ok,3337436.0,4940.0,2026-09-20T17:10:36.834400+00:00
2615102,PE,202512,ok,1042145.0,1476.0,2026-09-20T17:10:38.474375+00:00
2615201,PE,202512,ok,1194107.0,1770.0,2026-09-20T17:10:40.091308+00:00
2615300,PE,202512,ok,4832376.0,7247.0,2026-09-20T17:10:41.704219+00:00
2615409,PE,202512,ok,4890298.0,7078.0,2026-09-20T17:10:43.338242+00:00
2615508,PE,202512,ok,1634180.0,2423.0,2026-09-20T17:10:44.937168+00:00
2615607,PE,202512,ok,5007959.0,7211.0,2026-09-20T17:10:46.531455+00:00
2615706,PE,202512,ok,1489618.0,2200.0,2026-09-20T17:10:48.140012+00:00
2615805,PE,202512,ok,4018107.0,5827.0,2026-09-20T17:10:49.742783+00:00
2615904,PE,202512,ok,1151912.0,1712.0,2026-09-20T17:10:51.351199+00:00
2616001,PE,202512,ok,2730946.0,4045.0,2026-09-20T17:10:52.959412+00:00
2616100,PE,202512,ok,969505.0,1443.0,2026-09-20T17:10:54.565655+00:00
2616183,PE,202512,ok,1285792.0,1937.0,2026-09-20T17:10:56.163922+00:00
2616209,PE,202512,ok,2714603.0,3986.0,2026-09-20T17:10:57.774049+00:00
2616308,PE,202512,ok,2607073.0,3778.0,2026-09-20T17:10:59.379610+00:00
2616407,PE,202512,ok,14011588.0,21133.0,2026-09-20T17:11:00.992974+00:00
2616506,PE,202512,ok,2317519.0,3408.0,2026-09-20T17:11:02.604148+00:00
2700102,AL,202512,ok,2168548.0,3039.0,2026-09-20T17:11:04.218030+00:00
2700201,AL,202512,ok,2354134.0,3434.0,2026-09-20T17:11:05.834473+00:00
2700300,AL,202512,ok,18948593.0,26471.0,2026-09-20T17:11:07.445296+00:00
2700409,AL,202512,ok,4417094.0,6305.0,2026-09-20T17:11:11.390874+00:00
2700508,AL,202512,ok,2397938.0,3378.0,2026-09-20T17:11:13.003935+00:00
2700607,AL,202512,ok,824357.0,1192.0,2026-09-20T17:11:14.697847+00:00
2700706,AL,202512,ok,3063359.0,4427.0,2026-09-20T17:11:16.311671+00:00
2700805,AL,202512,ok,528317.0,778.0,2026-09-20T17:11:17.996784+00:00
2700904,AL,202512,ok,1109486.0,1561.0,2026-09-20T17:11:19.701298+00:00
2701001,AL,202512,ok,3217004.0,4722.0,2026-09-20T17:11:21.374220+00:00
2701100,AL,202512,ok,1315167.0,1864.0,2026-09-20T17:11:22.986925+00:00
2701209,AL,202512,ok,1210907.0,1733.0,2026-09-20T17:11:24.615167+00:00
2701308,AL,202512,ok,2698443.0,3829.0,2026-09-20T17:11:26.223409+00:00
2701357,AL,202512,ok,1028287.0,1481.0,2026-09-20T17:11:27.842710+00:00
2701407,AL,202512,ok,3597024.0,5172.0,2026-09-20T17:11:29.461621+00:00
2701506,AL,202512,ok,1841496.0,2678.0,2026-09-20T17:11:31.069796+00:00
2701605,AL,202512,ok,2435531.0,3481.0,2026-09-20T17:11:32.683843+00:00
2701704,AL,202512,ok,1346551.0,1915.0,2026-09-20T17:11:34.319930+00:00
2701803,AL,202512,ok,1494463.0,2101.0,2026-09-20T17:11:35.997694+00:00
2701902,AL,202512,ok,1304321.0,1901.0,2026-09-20T17:11:37.614162+00:00
2702009,AL,202512,ok,1435580.0,2017.0,2026-09-20T17:14:55.026526+00:00
2702108,AL,202512,ok,2993473.0,4279.0,2026-09-20T17:14:56.632330+00:00
2702207,AL,202512,ok,595090.0,873.0,2026-09-20T17:14:58.248468+00:00
2702306,AL,202512,ok,5941658.0,8426.0,2026-09-20T17:14:59.881364+00:00
2702355,AL,202512,ok,3845606.0,5452.0,2026-09-20T17:15:01.502852+00:00
2702405,AL,202512,ok,5762449.0,8424.0,2026-09-20T17:15:03.114130+00:00
2702504,AL,202512,ok,1755703.0,2656.0,2026-09-20T17:15:04.725949+00:00
2702553,AL,202512,ok,2105417.0,3109.0,2026-09-20T17:15:06.332196+00:00
2702603,AL,202512,ok,3331770.0,4767.0,2026-09-20T17:15:07.949645+00:00
2702702,AL,202512,ok,484159.0,702.0,2026-09-20T17:15:09.555602+00:00
2702801,AL,202512,ok,1609716.0,2261.0,2026-09-20T17:15:13.482467+00:00
2702900,AL,202512,ok,5367263.0,7530.0,2026-09-20T17:15:15.092625+00:00
2703007,AL,202512,ok,1740462.0,2482.0,2026-09-20T17:15:16.704761+00:00
2703106,AL,202512,ok,3084784.0,4466.0,2026-09-20T17:15:18.320538+00:00
2703205,AL,202512,ok,2558004.0,3771.0,2026-09-20T17:15:19.924892+00:00
2703304,AL,202512,ok,2666144.0,3717.0,2026-09-20T17:15:21.533878+00:00
2703403,AL,202512,ok,906737.0,1285.0,2026-09-20T17:15:23.144137+00:00
2703502,AL,202512,ok,752941.0,1100.0,2026-09-20T17:15:24.749616+00:00
2703601,AL,202512,ok,1703821.0,2469.0,2026-09-20T17:15:26.358170+00:00
2703700,AL,202512,ok,736591.0,1046.0,2026-09-20T17:15:27.967133+00:00
2703759,AL,202512,ok,1909176.0,2851.0,2026-09-20T17:15:29.573647+00:00
2703809,AL,202512,ok,2966998.0,4281.0,2026-09-20T17:15:31.206446+00:00
2703908,AL,202512,ok,629337.0,908.0,2026-09-20T17:15:32.815265+00:00
2704005,AL,202512,ok,2687169.0,3986.0,2026-09-20T17:15:34.423225+00:00
2704104,AL,202512,ok,2628074.0,3920.0,2026-09-20T17:15:36.033184+00:00
2704203,AL,202512,ok,4060369.0,5898.0,2026-09-20T17:15:37.639526+00:00
2704302,AL,202512,ok,68147119.0,98789.0,2026-09-20T17:15:39.267749+00:00
2704401,AL,202512,ok,2139475.0,3077.0,2026-09-20T17:15:40.880560+00:00
2704500,AL,202512,ok,4578280.0,6567.0,2026-09-20T17:15:42.492126+00:00
2704609,AL,202512,ok,1689190.0,2445.0,2026-09-20T17:15:44.102599+00:00
2704708,AL,202512,ok,5732900.0,8132.0,2026-09-20T17:15:47.936291+00:00
2704807,AL,202512,ok,1427145.0,2094.0,2026-09-20T17:15:49.551895+00:00
2704906,AL,202512,ok,396923.0,600.0,2026-09-20T17:15:51.163420+00:00
2705002,AL,202512,ok,2908294.0,4099.0,2026-09-20T17:15:52.771541+00:00
2705101,AL,202512,ok,3040349.0,4325.0,2026-09-20T17:15:54.384191+00:00
2705200,AL,202512,ok,1378964.0,1961.0,2026-09-20T17:15:56.039424+00:00
2705309,AL,202512,ok,704216.0,1023.0,2026-09-20T17:15:57.669098+00:00
2705408,AL,202512,ok,1166813.0,1693.0,2026-09-20T17:15:59.301280+00:00
2705507,AL,202512,ok,2983431.0,4150.0,2026-09-20T17:16:00.913543+00:00
2705606,AL,202512,ok,1486897.0,2195.0,2026-09-20T17:16:02.520992+00:00
2705705,AL,202512,ok,2685437.0,3867.0,2026-09-20T17:16:04.130688+00:00
2705804,AL,202512,ok,1429460.0,2018.0,2026-09-20T17:16:05.737670+00:00
2705903,AL,202512,ok,776307.0,1125.0,2026-09-20T17:16:07.354275+00:00
2706000,AL,202512,ok,1718239.0,2437.0,2026-09-20T17:16:08.965652+00:00
2706109,AL,202512,ok,1854591.0,2641.0,2026-09-20T17:16:10.591198+00:00
2706208,AL,202512,ok,711166.0,1007.0,2026-09-20T17:16:12.205451+00:00
2706307,AL,202512,ok,9320085.0,13809.0,2026-09-20T17:16:13.816039+00:00
2706406,AL,202512,ok,2840298.0,4054.0,2026-09-20T17:16:15.426764+00:00
2706422,AL,202512,ok,1543490.0,2231.0,2026-09-20T17:16:17.032637+00:00
2706448,AL,202512,ok,1558172.0,2290.0,2026-09-20T17:16:18.640546+00:00
2706505,AL,202512,ok,1776351.0,2587.0,2026-09-20T17:16:22.471321+00:00
2706604,AL,202512,ok,955349.0,1419.0,2026-09-20T17:16:24.082536+00:00
2706703,AL,202512,ok,8258595.0,12234.0,2026-09-20T17:16:25.706255+00:00
2706802,AL,202512,ok,3381978.0,4976.0,2026-09-20T17:16:27.325362+00:00
2706901,AL,202512,ok,4362781.0,6414.0,2026-09-20T17:16:28.932328+00:00
2707008,AL,202512,ok,295484.0,423.0,2026-09-20T17:16:30.539859+00:00
2707107,AL,202512,ok,3325621.0,4661.0,2026-09-20T17:16:32.153671+00:00
2707206,AL,202512,ok,1999071.0,2801.0,2026-09-20T17:16:33.761455+00:00
2707305,AL,202512,ok,3260209.0,4744.0,2026-09-20T17:16:35.365072+00:00
2707404,AL,202512,ok,1222772.0,1769.0,2026-09-20T17:16:36.970592+00:00
2707503,AL,202512,ok,3572273.0,5291.0,2026-09-20T17:16:38.577765+00:00
2707602,AL,202512,ok,1491562.0,2168.0,2026-09-20T17:16:40.190532+00:00
2707701,AL,202512,ok,8308952.0,11843.0,2026-09-20T17:16:41.853932+00:00
2707800,AL,202512,ok,1133667.0,1694.0,2026-09-20T17:16:43.457763+00:00
2707909,AL,202512,ok,868208.0,1224.0,2026-09-20T17:16:45.066530+00:00
2708006,AL,202512,ok,5682728.0,8219.0,2026-09-20T17:16:46.680307+00:00
2708105,AL,202512,ok,1492195.0,2181.0,2026-09-20T17:16:48.310290+00:00
2708204,AL,202512,ok,898617.0,1290.0,2026-09-20T17:16:49.919183+00:00
2708303,AL,202512,ok,2148532.0,2937.0,2026-09-20T17:16:51.528975+00:00
2708402,AL,202512,ok,4087536.0,5726.0,2026-09-20T17:16:53.134952+00:00
2708501,AL,202512,ok,4214562.0,5963.0,2026-09-20T17:16:56.990992+00:00
2708600,AL,202512,ok,6064188.0,8945.0,2026-09-20T17:16:58.602462+00:00
2708709,AL,202512,ok,1096523.0,1575.0,2026-09-20T17:17:00.229379+00:00
2708808,AL,202512,ok,4447593.0,6450.0,2026-09-20T17:17:01.879751+00:00
2708907,AL,202512,ok,1418634.0,2033.0,2026-09-20T17:17:03.491611+00:00
2708956,AL,202512,ok,2021093.0,2880.0,2026-09-20T17:17:05.117346+00:00
2709004,AL,202512,ok,679473.0,1015.0,2026-09-20T17:17:06.724254+00:00
2709103,AL,202512,ok,2556696.0,3751.0,2026-09-20T17:17:08.327368+00:00
2709152,AL,202512,ok,4117603.0,5956.0,2026-09-20T17:17:09.937922+00:00
2709202,AL,202512,ok,3052007.0,4334.0,2026-09-20T17:17:11.550150+00:00
2709301,AL,202512,ok,6891678.0,9928.0,2026-09-20T17:17:13.187095+00:00
2709400,AL,202512,ok,3099200.0,4457.0,2026-09-20T17:17:14.797867+00:00
2800100,SE,202512,ok,221404.0,336.0,2026-09-20T17:17:16.405155+00:00
2800209,SE,202512,ok,2309981.0,3468.0,2026-09-20T17:17:18.018768+00:00
2800308,SE,202512,ok,36687524.0,54793.0,2026-09-20T17:17:19.630636+00:00
2800407,SE,202512,ok,1477933.0,2218.0,2026-09-20T17:17:21.244367+00:00
2800506,SE,202512,ok,1839301.0,2726.0,2026-09-20T17:17:22.846512+00:00
2800605,SE,202512,ok,3376532.0,5017.0,2026-09-20T17:17:24.463246+00:00
2800670,SE,202512,ok,3144750.0,4756.0,2026-09-20T17:17:26.070678+00:00
2800704,SE,202512,ok,977876.0,1365.0,2026-09-20T17:17:27.692760+00:00
2801009,SE,202512,ok,1940029.0,2879.0,2026-09-20T17:17:31.539292+00:00
2801108,SE,202512,ok,752861.0,1128.0,2026-09-20T17:17:33.149572+00:00
2801207,SE,202512,ok,4197425.0,5984.0,2026-09-20T17:17:34.755937+00:00
2801306,SE,202512,ok,3833344.0,5400.0,2026-09-20T17:17:36.363477+00:00
2801405,SE,202512,ok,2941149.0,4387.0,2026-09-20T17:17:38.019568+00:00
2801504,SE,202512,ok,1551736.0,2281.0,2026-09-20T17:17:39.632572+00:00
2801603,SE,202512,ok,600535.0,888.0,2026-09-20T17:17:41.249380+00:00
2801702,SE,202512,ok,2542807.0,3697.0,2026-09-20T17:17:42.858104+00:00
2801900,SE,202512,ok,537769.0,850.0,2026-09-20T17:17:44.475193+00:00
2802007,SE,202512,ok,509129.0,771.0,2026-09-20T17:17:46.083002+00:00
2802106,SE,202512,ok,7304459.0,10715.0,2026-09-20T17:17:47.695365+00:00
2802205,SE,202512,ok,855216.0,1236.0,2026-09-20T17:17:49.329094+00:00
2802304,SE,202512,ok,1778085.0,2612.0,2026-09-20T17:17:50.940636+00:00
2802403,SE,202512,ok,1719582.0,2548.0,2026-09-20T17:17:52.554138+00:00
2802502,SE,202512,ok,463808.0,699.0,2026-09-20T17:17:54.162277+00:00
2802601,SE,202512,ok,1226337.0,1842.0,2026-09-20T17:17:55.797539+00:00
2802700,SE,202512,ok,1458542.0,2095.0,2026-09-20T17:17:57.399336+00:00
2802809,SE,202512,ok,2139771.0,3013.0,2026-09-20T17:17:59.030363+00:00
2802908,SE,202512,ok,8043471.0,12141.0,2026-09-20T17:18:00.642794+00:00
2803005,SE,202512,ok,6710182.0,9927.0,2026-09-20T17:18:02.253610+00:00
2803104,SE,202512,ok,571774.0,843.0,2026-09-20T17:18:06.085898+00:00
2803203,SE,202512,ok,4084312.0,5999.0,2026-09-20T17:18:07.695522+00:00
2803302,SE,202512,ok,1821871.0,2704.0,2026-09-20T17:18:09.293556+00:00
2803401,SE,202512,ok,2145565.0,3154.0,2026-09-20T17:18:10.901161+00:00
2803500,SE,202512,ok,12945138.0,19545.0,2026-09-20T17:18:12.522790+00:00
2803609,SE,202512,ok,2634282.0,3807.0,2026-09-20T17:18:14.133979+00:00
2803708,SE,202512,ok,945572.0,1421.0,2026-09-20T17:18:15.740928+00:00
2803807,SE,202512,ok,466364.0,689.0,2026-09-20T17:18:17.354223+00:00
2803906,SE,202512,ok,1674557.0,2463.0,2026-09-20T17:18:18.967699+00:00
2804003,SE,202512,ok,1831588.0,2656.0,2026-09-20T17:18:20.580953+00:00
2804102,SE,202512,ok,1172858.0,1801.0,2026-09-20T17:18:22.189649+00:00
2804201,SE,202512,ok,2597050.0,3783.0,2026-09-20T17:18:23.803808+00:00
2804300,SE,202512,ok,1162555.0,1730.0,2026-09-20T17:18:25.416375+00:00
2804409,SE,202512,ok,2116968.0,3083.0,2026-09-20T17:18:27.028296+00:00
2804458,SE,202512,ok,1151094.0,1756.0,2026-09-20T17:18:28.640648+00:00
2804508,SE,202512,ok,4951638.0,7333.0,2026-09-20T17:18:30.273060+00:00
2804607,SE,202512,ok,3563840.0,5388.0,2026-09-20T17:18:31.883524+00:00
2804706,SE,202512,ok,755556.0,1126.0,2026-09-20T17:18:33.494234+00:00
2804805,SE,202512,ok,20269862.0,29944.0,2026-09-20T17:18:35.105125+00:00
2804904,SE,202512,ok,1667917.0,2406.0,2026-09-20T17:18:36.718387+00:00
2805000,SE,202512,ok,483312.0,716.0,2026-09-20T17:18:40.542342+00:00
2805109,SE,202512,ok,1803027.0,2795.0,2026-09-20T17:18:42.150638+00:00
2805208,SE,202512,ok,867446.0,1307.0,2026-09-20T17:18:43.809476+00:00
2805307,SE,202512,ok,1105338.0,1638.0,2026-09-20T17:18:45.414282+00:00
2805406,SE,202512,ok,5145426.0,7359.0,2026-09-20T17:18:47.061622+00:00
2805505,SE,202512,ok,3325200.0,5055.0,2026-09-20T17:18:48.678699+00:00
2805604,SE,202512,ok,4896213.0,7169.0,2026-09-20T17:18:50.291302+00:00
2805703,SE,202512,ok,3086265.0,4576.0,2026-09-20T17:18:51.903675+00:00
2805802,SE,202512,ok,3086699.0,4623.0,2026-09-20T17:18:53.516417+00:00
2805901,SE,202512,ok,1046800.0,1527.0,2026-09-20T17:18:55.126909+00:00
2806008,SE,202512,ok,1967673.0,3009.0,2026-09-20T17:18:56.757222+00:00
2806107,SE,202512,ok,1363630.0,2008.0,2026-09-20T17:18:58.383544+00:00
2806206,SE,202512,ok,2811307.0,4199.0,2026-09-20T17:18:59.987982+00:00
2806305,SE,202512,ok,1911443.0,2825.0,2026-09-20T17:19:01.610270+00:00
2806404,SE,202512,ok,1314144.0,1897.0,2026-09-20T17:19:03.221496+00:00
2806503,SE,202512,ok,400221.0,584.0,2026-09-20T17:19:04.832756+00:00
2806602,SE,202512,ok,1448214.0,2140.0,2026-09-20T17:19:06.455695+00:00
2806701,SE,202512,ok,7448292.0,11070.0,2026-09-20T17:19:08.069933+00:00
2806800,SE,202512,ok,1324474.0,1967.0,2026-09-20T17:19:09.682493+00:00
2806909,SE,202512,ok,507880.0,768.0,2026-09-20T17:19:11.285324+00:00
2807006,SE,202512,ok,587496.0,881.0,2026-09-20T17:22:27.057198+00:00
2807105,SE,202512,ok,6049774.0,9130.0,2026-09-20T17:22:28.671449+00:00
2807204,SE,202512,ok,992490.0,1446.0,2026-09-20T17:22:30.285825+00:00
2807303,SE,202512,ok,501653.0,725.0,2026-09-20T17:22:31.889378+00:00
2807402,SE,202512,ok,7667031.0,11665.0,2026-09-20T17:22:33.498010+00:00
2807501,SE,202512,ok,1704179.0,2514.0,2026-09-20T17:22:35.099291+00:00
2807600,SE,202512,ok,3665214.0,5354.0,2026-09-20T17:22:36.737056+00:00
2900108,BA,202512,ok,1045259.0,1631.0,2026-09-20T17:22:38.353944+00:00
2900207,BA,202512,ok,2827916.0,4230.0,2026-09-20T17:22:41.968619+00:00
2900306,BA,202512,ok,2083585.0,3104.0,2026-09-20T17:22:43.581942+00:00
2900355,BA,202512,ok,2093147.0,3238.0,2026-09-20T17:22:45.184366+00:00
2900405,BA,202512,ok,2932587.0,4464.0,2026-09-20T17:22:46.794441+00:00
2900504,BA,202512,ok,918424.0,1363.0,2026-09-20T17:22:48.410482+00:00
2900603,BA,202512,ok,570270.0,875.0,2026-09-20T17:22:50.017811+00:00
2900702,BA,202512,ok,15200266.0,22987.0,2026-09-20T17:22:51.617322+00:00
2900801,BA,202512,ok,3079399.0,4426.0,2026-09-20T17:22:53.242334+00:00
2900900,BA,202512,ok,814030.0,1257.0,2026-09-20T17:22:54.854053+00:00
2901007,BA,202512,ok,3277780.0,4935.0,2026-09-20T17:22:56.469904+00:00
2901106,BA,202512,ok,2011097.0,3134.0,2026-09-20T17:22:58.078410+00:00
2901155,BA,202512,ok,2131227.0,3146.0,2026-09-20T17:22:59.689755+00:00
2901205,BA,202512,ok,3574740.0,5451.0,2026-09-20T17:23:01.300892+00:00
2901304,BA,202512,ok,1712610.0,2552.0,2026-09-20T17:23:02.909001+00:00
2901353,BA,202512,ok,1831622.0,2788.0,2026-09-20T17:23:04.519466+00:00
2901403,BA,202512,ok,1835850.0,2639.0,2026-09-20T17:23:06.129781+00:00
2901502,BA,202512,ok,1405962.0,2126.0,2026-09-20T17:23:07.757439+00:00
2901601,BA,202512,ok,1780200.0,2738.0,2026-09-20T17:23:09.367650+00:00
2901700,BA,202512,ok,1741890.0,2578.0,2026-09-20T17:23:10.969471+00:00
2901809,BA,202512,ok,1456692.0,2117.0,2026-09-20T17:23:12.580241+00:00
2901908,BA,202512,ok,2687590.0,3992.0,2026-09-20T17:23:16.404922+00:00
2901957,BA,202512,ok,1125470.0,1690.0,2026-09-20T17:23:18.016138+00:00
2902005,BA,202512,ok,1611086.0,2397.0,2026-09-20T17:23:19.643004+00:00
2902054,BA,202512,ok,2047303.0,3122.0,2026-09-20T17:23:21.255130+00:00
2902104,BA,202512,ok,7461234.0,11184.0,2026-09-20T17:23:22.864589+00:00
2902203,BA,202512,ok,1633243.0,2540.0,2026-09-20T17:23:24.502195+00:00
2902252,BA,202512,ok,1232890.0,1812.0,2026-09-20T17:23:26.116347+00:00
2902302,BA,202512,ok,1708705.0,2590.0,2026-09-20T17:23:27.746551+00:00
2902401,BA,202512,ok,1842155.0,2758.0,2026-09-20T17:23:29.372465+00:00
2902500,BA,202512,ok,1739797.0,2509.0,2026-09-20T17:23:30.982509+00:00
2902609,BA,202512,ok,2572781.0,3825.0,2026-09-20T17:23:32.591826+00:00
2902658,BA,202512,ok,1333352.0,1948.0,2026-09-20T17:23:34.205555+00:00
2902708,BA,202512,ok,6615952.0,9112.0,2026-09-20T17:23:35.816961+00:00
2902807,BA,202512,ok,2882737.0,4224.0,2026-09-20T17:23:37.450368+00:00
2902906,BA,202512,ok,3323517.0,4984.0,2026-09-20T17:23:39.083486+00:00
2903003,BA,202512,ok,1798387.0,2631.0,2026-09-20T17:23:40.691528+00:00
2903102,BA,202512,ok,1180380.0,1771.0,2026-09-20T17:23:42.294520+00:00
2903201,BA,202512,ok,10432305.0,15265.0,2026-09-20T17:23:43.908300+00:00
2903235,BA,202512,ok,1903328.0,2804.0,2026-09-20T17:23:45.518606+00:00
2903276,BA,202512,ok,2073547.0,3080.0,2026-09-20T17:23:47.129865+00:00
2903300,BA,202512,ok,1204687.0,1755.0,2026-09-20T17:23:50.936705+00:00
2903409,BA,202512,ok,2738349.0,4007.0,2026-09-20T17:23:52.542717+00:00
2903508,BA,202512,ok,2295845.0,3371.0,2026-09-20T17:23:54.153713+00:00
2903607,BA,202512,ok,2592184.0,3901.0,2026-09-20T17:23:55.784670+00:00
2903706,BA,202512,ok,1886993.0,2763.0,2026-09-20T17:23:57.394975+00:00
2903805,BA,202512,ok,2702187.0,3944.0,2026-09-20T17:23:59.005191+00:00
2903904,BA,202512,ok,6992343.0,9889.0,2026-09-20T17:24:00.635970+00:00
2903953,BA,202512,ok,1412605.0,2077.0,2026-09-20T17:24:02.247034+00:00
2904001,BA,202512,ok,1586548.0,2335.0,2026-09-20T17:24:03.859666+00:00
2904050,BA,202512,ok,2080479.0,3045.0,2026-09-20T17:24:05.488723+00:00
2904100,BA,202512,ok,2472133.0,3678.0,2026-09-20T17:24:07.095770+00:00
2904209,BA,202512,ok,1329665.0,1957.0,2026-09-20T17:24:08.707372+00:00
2904308,BA,202512,ok,1805719.0,2721.0,2026-09-20T17:24:10.324513+00:00
2904407,BA,202512,ok,953895.0,1395.0,2026-09-20T17:24:11.939174+00:00
2904506,BA,202512,ok,1514581.0,2219.0,2026-09-20T17:24:13.556044+00:00
2904605,BA,202512,ok,3749151.0,5869.0,2026-09-20T17:24:15.161971+00:00
2904704,BA,202512,ok,1834355.0,2681.0,2026-09-20T17:24:16.773343+00:00
2904753,BA,202512,ok,3429535.0,4957.0,2026-09-20T17:24:18.376583+00:00
2904803,BA,202512,ok,793225.0,1202.0,2026-09-20T17:24:19.984517+00:00
2904852,BA,202512,ok,2549471.0,3711.0,2026-09-20T17:24:21.587242+00:00
2904902,BA,202512,ok,4588785.0,6993.0,2026-09-20T17:24:25.487022+00:00
2905008,BA,202512,ok,1449162.0,2152.0,2026-09-20T17:24:27.096136+00:00
2905107,BA,202512,ok,1780341.0,2637.0,2026-09-20T17:24:28.720453+00:00
2905156,BA,202512,ok,1738186.0,2588.0,2026-09-20T17:24:30.345766+00:00
2905206,BA,202512,ok,5198202.0,7782.0,2026-09-20T17:24:31.960335+00:00
2905305,BA,202512,ok,2554781.0,3740.0,2026-09-20T17:24:33.569971+00:00
2905404,BA,202512,ok,2565502.0,3822.0,2026-09-20T17:24:35.181876+00:00
2905503,BA,202512,ok,2609605.0,3666.0,2026-09-20T17:24:36.792420+00:00
2905602,BA,202512,ok,2231053.0,3284.0,2026-09-20T17:24:38.402040+00:00
2905701,BA,202512,ok,28333364.0,41916.0,2026-09-20T17:24:40.031789+00:00
2905800,BA,202512,ok,4378511.0,6268.0,2026-09-20T17:24:41.641932+00:00
2905909,BA,202512,ok,3876406.0,5435.0,2026-09-20T17:24:43.254056+00:00
2906006,BA,202512,ok,9815309.0,14316.0,2026-09-20T17:24:44.868966+00:00
2906105,BA,202512,ok,1035261.0,1460.0,2026-09-20T17:24:46.483326+00:00
2906204,BA,202512,ok,3369905.0,4957.0,2026-09-20T17:24:48.089194+00:00
2906303,BA,202512,ok,4267651.0,6314.0,2026-09-20T17:24:49.698947+00:00
2906402,BA,202512,ok,1119578.0,1673.0,2026-09-20T17:24:51.312588+00:00
2906501,BA,202512,ok,8509952.0,12653.0,2026-09-20T17:24:52.923977+00:00
2906600,BA,202512,ok,1448959.0,2186.0,2026-09-20T17:24:54.549590+00:00
2906709,BA,202512,ok,4103543.0,6143.0,2026-09-20T17:24:56.159532+00:00
2906808,BA,202512,ok,5544395.0,8302.0,2026-09-20T17:24:59.985591+00:00
2906824,BA,202512,ok,2621944.0,3839.0,2026-09-20T17:25:01.621356+00:00
2906857,BA,202512,ok,1280636.0,1921.0,2026-09-20T17:25:03.233614+00:00
2906873,BA,202512,ok,3431379.0,5151.0,2026-09-20T17:25:04.844032+00:00
2906899,BA,202512,ok,1077682.0,1642.0,2026-09-20T17:25:06.452655+00:00
2906907,BA,202512,ok,2342920.0,3475.0,2026-09-20T17:25:08.065858+00:00
2907004,BA,202512,ok,1565856.0,2305.0,2026-09-20T17:25:09.679520+00:00
2907103,BA,202512,ok,4759904.0,6920.0,2026-09-20T17:25:11.304659+00:00
2907202,BA,202512,ok,10503243.0,15061.0,2026-09-20T17:25:12.914049+00:00
2907301,BA,202512,ok,3054790.0,4639.0,2026-09-20T17:25:14.521564+00:00
2907400,BA,202512,ok,448648.0,637.0,2026-09-20T17:25:16.133040+00:00
2907509,BA,202512,ok,6022554.0,9330.0,2026-09-20T17:25:17.739339+00:00
2907558,BA,202512,ok,818515.0,1215.0,2026-09-20T17:25:19.383835+00:00
2907608,BA,202512,ok,2029291.0,2975.0,2026-09-20T17:25:20.990196+00:00
2907707,BA,202512,ok,1853839.0,2629.0,2026-09-20T17:25:22.610510+00:00
2907806,BA,202512,ok,3287490.0,4932.0,2026-09-20T17:25:24.223662+00:00
2907905,BA,202512,ok,2400393.0,3556.0,2026-09-20T17:25:25.846367+00:00
2908002,BA,202512,ok,2373196.0,3662.0,2026-09-20T17:25:27.461403+00:00
2908101,BA,202512,ok,2204796.0,3254.0,2026-09-20T17:25:29.074392+00:00
2908200,BA,202512,ok,2354116.0,3532.0,2026-09-20T17:25:30.701094+00:00
2908309,BA,202512,ok,1707640.0,2639.0,2026-09-20T17:25:34.516377+00:00
2908408,BA,202512,ok,7645853.0,11346.0,2026-09-20T17:25:36.126023+00:00
2908507,BA,202512,ok,3755954.0,5841.0,2026-09-20T17:25:37.738021+00:00
2908606,BA,202512,ok,3800620.0,5545.0,2026-09-20T17:25:39.340750+00:00
2908705,BA,202512,ok,1912449.0,2860.0,2026-09-20T17:25:40.956707+00:00
2908804,BA,202512,ok,550258.0,804.0,2026-09-20T17:25:42.657135+00:00
2908903,BA,202512,ok,4112771.0,6280.0,2026-09-20T17:25:44.269067+00:00
2909000,BA,202512,ok,844607.0,1288.0,2026-09-20T17:25:45.880603+00:00
2909109,BA,202512,ok,2240208.0,3318.0,2026-09-20T17:25:47.490599+00:00
2909208,BA,202512,ok,2528178.0,3816.0,2026-09-20T17:25:49.101863+00:00
2909307,BA,202512,ok,2895618.0,4182.0,2026-09-20T17:25:50.712489+00:00
2909406,BA,202512,ok,1644069.0,2315.0,2026-09-20T17:25:52.324196+00:00
2909505,BA,202512,ok,586127.0,848.0,2026-09-20T17:25:53.931062+00:00
2909604,BA,202512,ok,3058730.0,4590.0,2026-09-20T17:25:55.542223+00:00
2909703,BA,202512,ok,1398890.0,2024.0,2026-09-20T17:25:57.159626+00:00
2909802,BA,202512,ok,6651081.0,10199.0,2026-09-20T17:25:58.770779+00:00
2909901,BA,202512,ok,5087042.0,7503.0,2026-09-20T17:26:00.375840+00:00
2910008,BA,202512,ok,1397879.0,2022.0,2026-09-20T17:26:01.985881+00:00
2910057,BA,202512,ok,8045055.0,12059.0,2026-09-20T17:26:03.594662+00:00
2910107,BA,202512,ok,1217144.0,1816.0,2026-09-20T17:26:05.207774+00:00
2910206,BA,202512,ok,541871.0,850.0,2026-09-20T17:26:09.024462+00:00
2910305,BA,202512,ok,822374.0,1252.0,2026-09-20T17:26:10.636095+00:00
2910404,BA,202512,ok,2607414.0,3784.0,2026-09-20T17:26:12.274575+00:00
2910503,BA,202512,ok,5194961.0,7748.0,2026-09-20T17:26:13.902489+00:00
2910602,BA,202512,ok,4184923.0,6149.0,2026-09-20T17:26:15.510319+00:00
2910701,BA,202512,ok,8589598.0,12820.0,2026-09-20T17:26:17.121456+00:00
2910727,BA,202512,ok,8979854.0,13303.0,2026-09-20T17:26:18.726119+00:00
2910750,BA,202512,ok,2496321.0,3821.0,2026-09-20T17:26:20.336707+00:00
2910776,BA,202512,ok,621379.0,911.0,2026-09-20T17:26:21.949331+00:00
2910800,BA,202512,ok,48565749.0,72413.0,2026-09-20T17:26:23.557164+00:00
2910859,BA,202512,ok,2839430.0,4247.0,2026-09-20T17:26:25.164471+00:00
2910909,BA,202512,ok,751611.0,1136.0,2026-09-20T17:26:26.779419+00:00
2911006,BA,202512,ok,1199520.0,1842.0,2026-09-20T17:26:28.412049+00:00
2911105,BA,202512,ok,2683980.0,3728.0,2026-09-20T17:26:30.017253+00:00
2911204,BA,202512,ok,3355394.0,5057.0,2026-09-20T17:26:31.634223+00:00
2911253,BA,202512,ok,841885.0,1305.0,2026-09-20T17:26:33.250332+00:00
2911303,BA,202512,ok,1289099.0,1884.0,2026-09-20T17:26:34.862277+00:00
2911402,BA,202512,ok,1661784.0,2462.0,2026-09-20T17:26:36.471916+00:00
2911501,BA,202512,ok,1182492.0,1788.0,2026-09-20T17:26:38.081080+00:00
2911600,BA,202512,ok,1963201.0,2943.0,2026-09-20T17:26:39.719097+00:00
2911659,BA,202512,ok,724552.0,1097.0,2026-09-20T17:26:43.538818+00:00
2911709,BA,202512,ok,8002544.0,12322.0,2026-09-20T17:26:45.149835+00:00
2911808,BA,202512,ok,3174974.0,4737.0,2026-09-20T17:29:58.365709+00:00
2911857,BA,202512,ok,1781175.0,2679.0,2026-09-20T17:29:59.980568+00:00
2911907,BA,202512,ok,3059242.0,4607.0,2026-09-20T17:30:01.591536+00:00
2912004,BA,202512,ok,880407.0,1360.0,2026-09-20T17:30:03.204157+00:00
2912103,BA,202512,ok,3158430.0,4750.0,2026-09-20T17:30:04.819970+00:00
2912202,BA,202512,ok,2267103.0,3392.0,2026-09-20T17:30:06.434006+00:00
2912301,BA,202512,ok,1923180.0,2888.0,2026-09-20T17:30:10.238642+00:00
2912400,BA,202512,ok,2060933.0,3097.0,2026-09-20T17:30:11.848889+00:00
2912509,BA,202512,ok,1212162.0,1827.0,2026-09-20T17:30:13.479929+00:00
2912608,BA,202512,ok,752305.0,1140.0,2026-09-20T17:30:15.105066+00:00
2912707,BA,202512,ok,2469215.0,3578.0,2026-09-20T17:30:16.717085+00:00
2912806,BA,202512,ok,1010353.0,1508.0,2026-09-20T17:30:18.326816+00:00
2912905,BA,202512,ok,2042768.0,3027.0,2026-09-20T17:30:19.933755+00:00
2913002,BA,202512,ok,1605735.0,2378.0,2026-09-20T17:30:21.535768+00:00
2913101,BA,202512,ok,2800233.0,4235.0,2026-09-20T17:30:23.141450+00:00
2913200,BA,202512,ok,2929605.0,4184.0,2026-09-20T17:30:24.758316+00:00
2913309,BA,202512,ok,872485.0,1282.0,2026-09-20T17:30:26.365445+00:00
2913408,BA,202512,ok,1667808.0,2506.0,2026-09-20T17:30:27.975213+00:00
2913457,BA,202512,ok,1610848.0,2386.0,2026-09-20T17:30:29.625900+00:00
2913507,BA,202512,ok,2768304.0,4105.0,2026-09-20T17:30:31.232296+00:00
2913606,BA,202512,ok,14185862.0,21162.0,2026-09-20T17:30:32.840085+00:00
2913705,BA,202512,ok,4132011.0,6177.0,2026-09-20T17:30:34.454473+00:00
2913804,BA,202512,ok,2401222.0,3560.0,2026-09-20T17:30:36.058735+00:00
2913903,BA,202512,ok,5151682.0,7749.0,2026-09-20T17:30:37.669624+00:00
2914000,BA,202512,ok,7034729.0,10616.0,2026-09-20T17:30:39.283380+00:00
2914109,BA,202512,ok,1330614.0,1955.0,2026-09-20T17:30:40.899130+00:00
2914208,BA,202512,ok,848606.0,1239.0,2026-09-20T17:30:44.590634+00:00
2914307,BA,202512,ok,1214033.0,1815.0,2026-09-20T17:30:46.217664+00:00
2914406,BA,202512,ok,3249340.0,4735.0,2026-09-20T17:30:47.833265+00:00
2914505,BA,202512,ok,5098001.0,7946.0,2026-09-20T17:30:49.448109+00:00
2914604,BA,202512,ok,8395571.0,12505.0,2026-09-20T17:30:51.066416+00:00
2914653,BA,202512,ok,3577609.0,5085.0,2026-09-20T17:30:52.674703+00:00
2914703,BA,202512,ok,7982975.0,12141.0,2026-09-20T17:30:54.283955+00:00
2914802,BA,202512,ok,13984313.0,21068.0,2026-09-20T17:30:55.888466+00:00
2914901,BA,202512,ok,3641234.0,5331.0,2026-09-20T17:30:57.478308+00:00
2915007,BA,202512,ok,2669026.0,3983.0,2026-09-20T17:30:59.116050+00:00
2915106,BA,202512,ok,2169757.0,3303.0,2026-09-20T17:31:00.729513+00:00
2915205,BA,202512,ok,1888338.0,2789.0,2026-09-20T17:31:02.335880+00:00
2915304,BA,202512,ok,750541.0,1098.0,2026-09-20T17:31:03.942543+00:00
2915353,BA,202512,ok,2076649.0,2968.0,2026-09-20T17:31:05.553042+00:00
2915403,BA,202512,ok,952991.0,1416.0,2026-09-20T17:31:07.155045+00:00
2915502,BA,202512,ok,2581695.0,3852.0,2026-09-20T17:31:08.770504+00:00
2915601,BA,202512,ok,5287988.0,7703.0,2026-09-20T17:31:10.388075+00:00
2915700,BA,202512,ok,1019795.0,1497.0,2026-09-20T17:31:12.003738+00:00
2915809,BA,202512,ok,2286515.0,3440.0,2026-09-20T17:31:13.617714+00:00
2915908,BA,202512,ok,1207186.0,1783.0,2026-09-20T17:31:15.240097+00:00
2916005,BA,202512,ok,1815612.0,2786.0,2026-09-20T17:31:19.159893+00:00
2916104,BA,202512,ok,3012075.0,4569.0,2026-09-20T17:31:20.782976+00:00
2916203,BA,202512,ok,1069380.0,1583.0,2026-09-20T17:31:22.402347+00:00
2916302,BA,202512,ok,1269133.0,1880.0,2026-09-20T17:31:24.037996+00:00
2916401,BA,202512,ok,6471810.0,9595.0,2026-09-20T17:31:25.654999+00:00
2916500,BA,202512,ok,4853007.0,7187.0,2026-09-20T17:31:27.261533+00:00
2916609,BA,202512,ok,702663.0,1061.0,2026-09-20T17:31:28.865583+00:00
2916708,BA,202512,ok,858068.0,1258.0,2026-09-20T17:31:30.470706+00:00
2916807,BA,202512,ok,1735391.0,2588.0,2026-09-20T17:31:32.096579+00:00
2916856,BA,202512,ok,2200783.0,3287.0,2026-09-20T17:31:33.705770+00:00
2916906,BA,202512,ok,1589803.0,2418.0,2026-09-20T17:31:35.308443+00:00
2917003,BA,202512,ok,5568812.0,8273.0,2026-09-20T17:31:36.926802+00:00
2917102,BA,202512,ok,2195218.0,3278.0,2026-09-20T17:31:38.535317+00:00
2917201,BA,202512,ok,2134443.0,3157.0,2026-09-20T17:31:40.141570+00:00
2917300,BA,202512,ok,3736487.0,5597.0,2026-09-20T17:31:41.748779+00:00
2917334,BA,202512,ok,1335423.0,1926.0,2026-09-20T17:31:43.362318+00:00
2917359,BA,202512,ok,969651.0,1425.0,2026-09-20T17:31:44.975134+00:00
2917409,BA,202512,ok,1429120.0,2118.0,2026-09-20T17:31:46.588753+00:00
2917508,BA,202512,ok,9167534.0,13536.0,2026-09-20T17:31:48.199411+00:00
2917607,BA,202512,ok,3422376.0,4938.0,2026-09-20T17:31:49.830408+00:00
2917706,BA,202512,ok,3602673.0,5401.0,2026-09-20T17:31:53.787281+00:00
2917805,BA,202512,ok,2904286.0,4437.0,2026-09-20T17:31:55.407718+00:00
2917904,BA,202512,ok,1504668.0,2185.0,2026-09-20T17:31:57.025546+00:00
2918001,BA,202512,ok,12916073.0,19339.0,2026-09-20T17:31:58.647469+00:00
2918100,BA,202512,ok,5343088.0,8058.0,2026-09-20T17:32:00.300811+00:00
2918209,BA,202512,ok,1871148.0,2850.0,2026-09-20T17:32:01.906681+00:00
2918308,BA,202512,ok,2117535.0,3141.0,2026-09-20T17:32:03.520870+00:00
2918357,BA,202512,ok,2895843.0,4232.0,2026-09-20T17:32:05.128442+00:00
2918407,BA,202512,ok,26224867.0,37147.0,2026-09-20T17:32:06.734674+00:00
2918456,BA,202512,ok,1337534.0,1988.0,2026-09-20T17:32:08.350986+00:00
2918506,BA,202512,ok,2712501.0,3985.0,2026-09-20T17:32:09.956819+00:00
2918555,BA,202512,ok,924334.0,1439.0,2026-09-20T17:32:11.565744+00:00
2918605,BA,202512,ok,768124.0,1178.0,2026-09-20T17:32:13.173145+00:00
2918704,BA,202512,ok,373320.0,587.0,2026-09-20T17:32:14.779792+00:00
2918753,BA,202512,ok,1521468.0,2282.0,2026-09-20T17:32:16.380916+00:00
2918803,BA,202512,ok,2967379.0,4408.0,2026-09-20T17:32:18.015492+00:00
2918902,BA,202512,ok,468295.0,700.0,2026-09-20T17:32:19.625824+00:00
2919009,BA,202512,ok,544912.0,837.0,2026-09-20T17:32:21.236409+00:00
2919058,BA,202512,ok,872062.0,1287.0,2026-09-20T17:32:22.849707+00:00
2919108,BA,202512,ok,1719871.0,2627.0,2026-09-20T17:32:24.453393+00:00
2919157,BA,202512,ok,3488575.0,5137.0,2026-09-20T17:32:28.335143+00:00
2919207,BA,202512,ok,16295760.0,23822.0,2026-09-20T17:32:29.956411+00:00
2919306,BA,202512,ok,1234102.0,1819.0,2026-09-20T17:32:31.574224+00:00
2919405,BA,202512,ok,1170636.0,1782.0,2026-09-20T17:32:33.192962+00:00
2919504,BA,202512,ok,4061551.0,5988.0,2026-09-20T17:32:34.853960+00:00
2919553,BA,202512,ok,8531282.0,12375.0,2026-09-20T17:32:36.460474+00:00
2919603,BA,202512,ok,1770066.0,2625.0,2026-09-20T17:32:38.069699+00:00
2919702,BA,202512,ok,2105551.0,3200.0,2026-09-20T17:32:39.680415+00:00
2919801,BA,202512,ok,4534651.0,6633.0,2026-09-20T17:32:41.287690+00:00
2919900,BA,202512,ok,1167582.0,1731.0,2026-09-20T17:32:42.899710+00:00
2919926,BA,202512,ok,1829578.0,2812.0,2026-09-20T17:32:44.503915+00:00
2919959,BA,202512,ok,999770.0,1543.0,2026-09-20T17:32:46.108700+00:00
2920007,BA,202512,ok,1171013.0,1769.0,2026-09-20T17:32:47.706760+00:00
2920106,BA,202512,ok,2716170.0,4115.0,2026-09-20T17:32:49.326234+00:00
2920205,BA,202512,ok,2506428.0,3662.0,2026-09-20T17:32:50.932703+00:00
2920304,BA,202512,ok,936701.0,1433.0,2026-09-20T17:32:52.544954+00:00
2920403,BA,202512,ok,2111373.0,3152.0,2026-09-20T17:32:54.158271+00:00
2920452,BA,202512,ok,1915468.0,2786.0,2026-09-20T17:32:55.767249+00:00
2920502,BA,202512,ok,2668734.0,3956.0,2026-09-20T17:32:57.372668+00:00
2920601,BA,202512,ok,6997023.0,10759.0,2026-09-20T17:32:59.017374+00:00
2920700,BA,202512,ok,3938337.0,5818.0,2026-09-20T17:33:02.744265+00:00
2920809,BA,202512,ok,1856981.0,2807.0,2026-09-20T17:33:04.350956+00:00
2920908,BA,202512,ok,1792113.0,2531.0,2026-09-20T17:33:06.046902+00:00
2921005,BA,202512,ok,4632701.0,6870.0,2026-09-20T17:33:07.662968+00:00
2921054,BA,202512,ok,1286349.0,1960.0,2026-09-20T17:33:09.273492+00:00
2921104,BA,202512,ok,2376306.0,3522.0,2026-09-20T17:33:10.874179+00:00
2921203,BA,202512,ok,2681742.0,3969.0,2026-09-20T17:33:12.472161+00:00
2921302,BA,202512,ok,1335591.0,2020.0,2026-09-20T17:33:14.070680+00:00
2921401,BA,202512,ok,2913200.0,4420.0,2026-09-20T17:33:15.675189+00:00
2921450,BA,202512,ok,1301510.0,1976.0,2026-09-20T17:33:17.272582+00:00
2921500,BA,202512,ok,8201163.0,12478.0,2026-09-20T17:33:18.880509+00:00
2921609,BA,202512,ok,1161460.0,1693.0,2026-09-20T17:33:20.496724+00:00
2921708,BA,202512,ok,3164470.0,4653.0,2026-09-20T17:33:22.106504+00:00
2921807,BA,202512,ok,996173.0,1509.0,2026-09-20T17:33:23.709598+00:00
2921906,BA,202512,ok,1383629.0,2016.0,2026-09-20T17:33:25.321784+00:00
2922003,BA,202512,ok,2315081.0,3512.0,2026-09-20T17:33:26.933315+00:00
2922052,BA,202512,ok,2165597.0,3182.0,2026-09-20T17:33:28.548182+00:00
2922102,BA,202512,ok,3424536.0,5151.0,2026-09-20T17:33:30.153099+00:00
2922201,BA,202512,ok,998000.0,1542.0,2026-09-20T17:33:31.767195+00:00
2922250,BA,202512,ok,1738648.0,2463.0,2026-09-20T17:33:33.388496+00:00
2922300,BA,202512,ok,3822376.0,5869.0,2026-09-20T17:33:37.249734+00:00
2922409,BA,202512,ok,2488046.0,3770.0,2026-09-20T17:33:38.859653+00:00
2922508,BA,202512,ok,3191855.0,4891.0,2026-09-20T17:33:40.506444+00:00
2922607,BA,202512,ok,1887284.0,2741.0,2026-09-20T17:33:42.114885+00:00
2922656,BA,202512,ok,1936260.0,2892.0,2026-09-20T17:33:43.720567+00:00
2922706,BA,202512,ok,2050733.0,3143.0,2026-09-20T17:33:45.324836+00:00
2922730,BA,202512,ok,1209017.0,1812.0,2026-09-20T17:33:46.955793+00:00
2922755,BA,202512,ok,775620.0,1152.0,2026-09-20T17:33:48.600744+00:00
2922805,BA,202512,ok,1416807.0,2086.0,2026-09-20T17:33:50.211744+00:00
2922854,BA,202512,ok,1165467.0,1745.0,2026-09-20T17:33:51.830267+00:00
2922904,BA,202512,ok,3539567.0,5241.0,2026-09-20T17:33:53.440664+00:00
2923001,BA,202512,ok,3635303.0,5337.0,2026-09-20T17:33:55.057635+00:00
2923035,BA,202512,ok,1545703.0,2359.0,2026-09-20T17:33:56.671867+00:00
2923050,BA,202512,ok,1286737.0,1926.0,2026-09-20T17:33:58.283825+00:00
2923100,BA,202512,ok,3440450.0,5140.0,2026-09-20T17:33:59.956225+00:00
2923209,BA,202512,ok,2745680.0,3965.0,2026-09-20T17:34:01.567325+00:00
2923308,BA,202512,ok,1178243.0,1775.0,2026-09-20T17:34:03.179663+00:00
2923357,BA,202512,ok,2734436.0,3998.0,2026-09-20T17:34:04.794275+00:00
2923407,BA,202512,ok,2351797.0,3462.0,2026-09-20T17:34:06.431734+00:00
2923506,BA,202512,ok,1429540.0,2056.0,2026-09-20T17:34:08.054304+00:00
2923605,BA,202512,ok,2295048.0,3442.0,2026-09-20T17:34:11.890125+00:00
2923704,BA,202512,ok,5612299.0,8188.0,2026-09-20T17:34:13.504045+00:00
2923803,BA,202512,ok,3307046.0,4930.0,2026-09-20T17:34:15.115996+00:00
2923902,BA,202512,ok,2391031.0,3683.0,2026-09-20T17:34:16.732673+00:00
2924009,BA,202512,ok,10819272.0,15873.0,2026-09-20T17:37:29.881864+00:00
2924058,BA,202512,ok,2225685.0,3334.0,2026-09-20T17:37:31.493633+00:00
2924108,BA,202512,ok,1058896.0,1588.0,2026-09-20T17:37:33.106592+00:00
2924207,BA,202512,ok,2757013.0,4070.0,2026-09-20T17:37:34.714741+00:00
2924306,BA,202512,ok,1958690.0,2783.0,2026-09-20T17:37:38.492914+00:00
2924405,BA,202512,ok,5776100.0,8107.0,2026-09-20T17:37:40.110531+00:00
2924504,BA,202512,ok,1651858.0,2498.0,2026-09-20T17:37:41.722485+00:00
2924603,BA,202512,ok,3263799.0,4850.0,2026-09-20T17:37:43.333952+00:00
2924652,BA,202512,ok,1157777.0,1727.0,2026-09-20T17:37:44.944128+00:00
2924678,BA,202512,ok,1143558.0,1657.0,2026-09-20T17:37:46.574529+00:00
2924702,BA,202512,ok,1021030.0,1512.0,2026-09-20T17:37:48.180443+00:00
2924801,BA,202512,ok,3031857.0,4618.0,2026-09-20T17:37:49.786124+00:00
2924900,BA,202512,ok,876880.0,1321.0,2026-09-20T17:37:51.405636+00:00
2925006,BA,202512,ok,3113174.0,4596.0,2026-09-20T17:37:53.045603+00:00
2925105,BA,202512,ok,6035927.0,8918.0,2026-09-20T17:37:54.644493+00:00
2925204,BA,202512,ok,3344610.0,5091.0,2026-09-20T17:37:56.248829+00:00
2925253,BA,202512,ok,3399069.0,5003.0,2026-09-20T17:37:57.855516+00:00
2925303,BA,202512,ok,14405118.0,20816.0,2026-09-20T17:37:59.476117+00:00
2925402,BA,202512,ok,1634963.0,2421.0,2026-09-20T17:38:01.082320+00:00
2925501,BA,202512,ok,3251030.0,4452.0,2026-09-20T17:38:02.694770+00:00
2925600,BA,202512,ok,2200982.0,3322.0,2026-09-20T17:38:04.323795+00:00
2925709,BA,202512,ok,1574877.0,2387.0,2026-09-20T17:38:05.934857+00:00
2925758,BA,202512,ok,4111659.0,6017.0,2026-09-20T17:38:07.547859+00:00
2925808,BA,202512,ok,3704622.0,5505.0,2026-09-20T17:38:09.155608+00:00
2925907,BA,202512,ok,3801286.0,5620.0,2026-09-20T17:38:13.321180+00:00
2925931,BA,202512,ok,1130795.0,1766.0,2026-09-20T17:38:14.932001+00:00
2925956,BA,202512,ok,2812939.0,4197.0,2026-09-20T17:38:16.586099+00:00
2926004,BA,202512,ok,5476801.0,8047.0,2026-09-20T17:38:18.197677+00:00
2926103,BA,202512,ok,2215882.0,3334.0,2026-09-20T17:38:19.804465+00:00
2926202,BA,202512,ok,2970286.0,4330.0,2026-09-20T17:38:21.414175+00:00
2926301,BA,202512,ok,4067733.0,6180.0,2026-09-20T17:38:23.026227+00:00
2926400,BA,202512,ok,3502377.0,5152.0,2026-09-20T17:38:24.637167+00:00
2926509,BA,202512,ok,2069012.0,3009.0,2026-09-20T17:38:26.245572+00:00
2926608,BA,202512,ok,5634458.0,8422.0,2026-09-20T17:38:27.860286+00:00
2926657,BA,202512,ok,1181029.0,1701.0,2026-09-20T17:38:29.471165+00:00
2926707,BA,202512,ok,1346603.0,2059.0,2026-09-20T17:38:31.135370+00:00
2926806,BA,202512,ok,1625307.0,2454.0,2026-09-20T17:38:32.742255+00:00
2926905,BA,202512,ok,802516.0,1268.0,2026-09-20T17:38:34.350895+00:00
2927002,BA,202512,ok,4411183.0,6511.0,2026-09-20T17:38:35.963096+00:00
2927101,BA,202512,ok,2578060.0,3797.0,2026-09-20T17:38:37.576343+00:00
2927200,BA,202512,ok,3643004.0,5495.0,2026-09-20T17:38:39.187756+00:00
2927309,BA,202512,ok,2939501.0,4435.0,2026-09-20T17:38:40.809913+00:00
2927408,BA,202512,ok,178172454.0,271653.0,2026-09-20T17:38:42.411685+00:00
2927507,BA,202512,ok,3532085.0,5323.0,2026-09-20T17:38:46.171202+00:00
2927606,BA,202512,ok,1995889.0,2882.0,2026-09-20T17:38:47.800034+00:00
2927705,BA,202512,ok,3396834.0,4981.0,2026-09-20T17:38:49.416244+00:00
2927804,BA,202512,ok,751369.0,1130.0,2026-09-20T17:38:51.026129+00:00
2927903,BA,202512,ok,1418073.0,2140.0,2026-09-20T17:38:52.631423+00:00
2928000,BA,202512,ok,5591059.0,8444.0,2026-09-20T17:38:54.240059+00:00
2928059,BA,202512,ok,1499329.0,2145.0,2026-09-20T17:38:55.849331+00:00
2928109,BA,202512,ok,4911342.0,7290.0,2026-09-20T17:38:57.462815+00:00
2928208,BA,202512,ok,2525614.0,3604.0,2026-09-20T17:38:59.075602+00:00
2928307,BA,202512,ok,1459104.0,2212.0,2026-09-20T17:39:00.699542+00:00
2928406,BA,202512,ok,4772091.0,6959.0,2026-09-20T17:39:02.311276+00:00
2928505,BA,202512,ok,1217315.0,1803.0,2026-09-20T17:39:03.921280+00:00
2928604,BA,202512,ok,8103080.0,12377.0,2026-09-20T17:39:05.533549+00:00
2928703,BA,202512,ok,7942553.0,11935.0,2026-09-20T17:39:07.148394+00:00
2928802,BA,202512,ok,5325431.0,7799.0,2026-09-20T17:39:08.755410+00:00
2928901,BA,202512,ok,3515800.0,5012.0,2026-09-20T17:39:10.371222+00:00
2928950,BA,202512,ok,1292220.0,1996.0,2026-09-20T17:39:11.981803+00:00
2929008,BA,202512,ok,1307837.0,2046.0,2026-09-20T17:39:13.591984+00:00
2929057,BA,202512,ok,1755345.0,2574.0,2026-09-20T17:39:15.196618+00:00
2929107,BA,202512,ok,2870839.0,4517.0,2026-09-20T17:39:16.820875+00:00
2929206,BA,202512,ok,5191657.0,7751.0,2026-09-20T17:39:20.594637+00:00
2929255,BA,202512,ok,2347290.0,3501.0,2026-09-20T17:39:22.214847+00:00
2929305,BA,202512,ok,2975836.0,4449.0,2026-09-20T17:39:23.823579+00:00
2929354,BA,202512,ok,996863.0,1523.0,2026-09-20T17:39:25.490467+00:00
2929370,BA,202512,ok,1197194.0,1826.0,2026-09-20T17:39:27.100695+00:00
2929404,BA,202512,ok,1307874.0,1940.0,2026-09-20T17:39:28.709310+00:00
2929503,BA,202512,ok,3546783.0,5332.0,2026-09-20T17:39:30.321369+00:00
2929602,BA,202512,ok,2473184.0,3731.0,2026-09-20T17:39:31.953816+00:00
2929701,BA,202512,ok,2197399.0,3218.0,2026-09-20T17:39:33.602566+00:00
2929750,BA,202512,ok,1987490.0,3049.0,2026-09-20T17:39:35.216686+00:00
2929800,BA,202512,ok,1935904.0,2943.0,2026-09-20T17:39:36.827821+00:00
2929909,BA,202512,ok,5475451.0,8058.0,2026-09-20T17:39:38.442320+00:00
2930006,BA,202512,ok,1030900.0,1543.0,2026-09-20T17:39:40.051157+00:00
2930105,BA,202512,ok,8844753.0,13259.0,2026-09-20T17:39:41.659160+00:00
2930154,BA,202512,ok,4097392.0,5735.0,2026-09-20T17:39:43.262195+00:00
2930204,BA,202512,ok,6266056.0,8991.0,2026-09-20T17:39:44.875292+00:00
2930303,BA,202512,ok,1818369.0,2636.0,2026-09-20T17:39:46.481524+00:00
2930402,BA,202512,ok,1968098.0,2926.0,2026-09-20T17:39:48.114014+00:00
2930501,BA,202512,ok,11055870.0,16713.0,2026-09-20T17:39:49.723716+00:00
2930600,BA,202512,ok,1681409.0,2482.0,2026-09-20T17:39:51.356338+00:00
2930709,BA,202512,ok,13201542.0,19717.0,2026-09-20T17:39:55.144731+00:00
2930758,BA,202512,ok,2222295.0,3050.0,2026-09-20T17:39:56.760438+00:00
2930766,BA,202512,ok,1836100.0,2831.0,2026-09-20T17:39:58.369677+00:00
2930774,BA,202512,ok,2717608.0,3988.0,2026-09-20T17:39:59.972935+00:00
2930808,BA,202512,ok,2213464.0,3236.0,2026-09-20T17:40:01.587255+00:00
2930907,BA,202512,ok,1193552.0,1732.0,2026-09-20T17:40:03.196029+00:00
2931004,BA,202512,ok,2635305.0,3977.0,2026-09-20T17:40:04.837285+00:00
2931053,BA,202512,ok,2093037.0,3044.0,2026-09-20T17:40:06.452871+00:00
2931103,BA,202512,ok,1095132.0,1674.0,2026-09-20T17:40:08.066485+00:00
2931202,BA,202512,ok,2606465.0,3852.0,2026-09-20T17:40:09.677446+00:00
2931301,BA,202512,ok,2095716.0,3079.0,2026-09-20T17:40:11.290175+00:00
2931350,BA,202512,ok,8566252.0,12680.0,2026-09-20T17:40:12.897192+00:00
2931400,BA,202512,ok,1177054.0,1858.0,2026-09-20T17:40:14.503395+00:00
2931509,BA,202512,ok,2361819.0,3443.0,2026-09-20T17:40:16.111124+00:00
2931608,BA,202512,ok,1875706.0,2728.0,2026-09-20T17:40:17.723153+00:00
2931707,BA,202512,ok,2216132.0,3415.0,2026-09-20T17:40:19.357562+00:00
2931806,BA,202512,ok,2194410.0,3303.0,2026-09-20T17:40:20.960274+00:00
2931905,BA,202512,ok,8988847.0,13629.0,2026-09-20T17:40:22.571896+00:00
2932002,BA,202512,ok,4150420.0,6266.0,2026-09-20T17:40:24.182610+00:00
2932101,BA,202512,ok,2441019.0,3653.0,2026-09-20T17:40:25.797516+00:00
2932200,BA,202512,ok,2279652.0,3344.0,2026-09-20T17:40:29.581990+00:00
2932309,BA,202512,ok,1842286.0,2677.0,2026-09-20T17:40:31.196926+00:00
2932408,BA,202512,ok,1950775.0,2954.0,2026-09-20T17:40:32.863764+00:00
2932457,BA,202512,ok,2117565.0,3134.0,2026-09-20T17:40:34.548287+00:00
2932507,BA,202512,ok,2060750.0,3034.0,2026-09-20T17:40:36.157189+00:00
2932606,BA,202512,ok,1992753.0,3060.0,2026-09-20T17:40:37.767771+00:00
2932705,BA,202512,ok,3503687.0,5070.0,2026-09-20T17:40:39.378186+00:00
2932804,BA,202512,ok,2566156.0,3766.0,2026-09-20T17:40:40.990705+00:00
2932903,BA,202512,ok,8903023.0,13333.0,2026-09-20T17:40:42.626377+00:00
2933000,BA,202512,ok,3078071.0,4771.0,2026-09-20T17:40:44.253199+00:00
2933059,BA,202512,ok,2091353.0,3267.0,2026-09-20T17:40:45.948459+00:00
2933109,BA,202512,ok,1136065.0,1715.0,2026-09-20T17:40:47.560770+00:00
2933158,BA,202512,ok,2153029.0,3242.0,2026-09-20T17:40:49.191939+00:00
2933174,BA,202512,ok,1260327.0,1895.0,2026-09-20T17:40:50.805150+00:00
2933208,BA,202512,ok,7340653.0,11021.0,2026-09-20T17:40:52.422125+00:00
2933257,BA,202512,ok,692363.0,1016.0,2026-09-20T17:40:54.033205+00:00
2933307,BA,202512,ok,30162208.0,45222.0,2026-09-20T17:40:55.623723+00:00
2933406,BA,202512,ok,1009913.0,1454.0,2026-09-20T17:40:57.231588+00:00
2933455,BA,202512,ok,1322117.0,1901.0,2026-09-20T17:40:58.836178+00:00
2933505,BA,202512,ok,3279990.0,4702.0,2026-09-20T17:41:00.447988+00:00
2933604,BA,202512,ok,8088765.0,11573.0,2026-09-20T17:41:04.226168+00:00
3100104,MG,202512,ok,250433.0,377.0,2026-09-20T17:41:05.864113+00:00
3100203,MG,202512,ok,1035287.0,1539.0,2026-09-20T17:41:07.482074+00:00
3100302,MG,202512,ok,823299.0,1203.0,2026-09-20T17:41:09.090315+00:00
3100401,MG,202512,ok,269718.0,378.0,2026-09-20T17:41:10.712820+00:00
3100500,MG,202512,ok,636757.0,949.0,2026-09-20T17:41:12.324036+00:00
3100609,MG,202512,ok,1217016.0,1775.0,2026-09-20T17:41:13.929410+00:00
3100708,MG,202512,ok,118896.0,175.0,2026-09-20T17:41:15.535588+00:00
3100807,MG,202512,ok,239847.0,355.0,2026-09-20T17:41:17.148538+00:00
3100906,MG,202512,ok,2160046.0,3168.0,2026-09-20T17:41:18.765840+00:00
3101003,MG,202512,ok,1810776.0,2682.0,2026-09-20T17:41:20.416824+00:00
3101102,MG,202512,ok,1534940.0,2251.0,2026-09-20T17:41:22.027690+00:00
3101201,MG,202512,ok,119832.0,196.0,2026-09-20T17:41:23.640264+00:00
3101300,MG,202512,ok,212491.0,318.0,2026-09-20T17:41:25.258075+00:00
3101409,MG,202512,ok,162041.0,237.0,2026-09-20T17:41:26.843409+00:00
3101508,MG,202512,ok,1746035.0,2563.0,2026-09-20T17:41:28.455922+00:00
3101607,MG,202512,ok,3601388.0,5250.0,2026-09-20T17:41:30.066949+00:00
3101631,MG,202512,ok,250045.0,422.0,2026-09-20T17:41:31.697609+00:00
3101706,MG,202512,ok,3632303.0,5371.0,2026-09-20T17:41:33.308756+00:00
3101805,MG,202512,ok,604317.0,879.0,2026-09-20T17:41:34.949400+00:00
3101904,MG,202512,ok,577464.0,842.0,2026-09-20T17:41:38.730315+00:00
3102001,MG,202512,ok,768033.0,1125.0,2026-09-20T17:41:40.334611+00:00
3102050,MG,202512,ok,450820.0,673.0,2026-09-20T17:41:41.943862+00:00
3102100,MG,202512,ok,789236.0,1199.0,2026-09-20T17:41:43.571612+00:00
3102209,MG,202512,ok,420896.0,636.0,2026-09-20T17:41:45.208488+00:00
3102308,MG,202512,ok,874941.0,1317.0,2026-09-20T17:41:46.804736+00:00
3102407,MG,202512,ok,441708.0,648.0,2026-09-20T17:41:48.429542+00:00
3102506,MG,202512,ok,457825.0,693.0,2026-09-20T17:45:03.961650+00:00
3102605,MG,202512,ok,778143.0,1245.0,2026-09-20T17:45:07.713818+00:00
3102704,MG,202512,ok,1082839.0,1642.0,2026-09-20T17:45:09.336262+00:00
3102803,MG,202512,ok,756653.0,1191.0,2026-09-20T17:45:10.948520+00:00
3102852,MG,202512,ok,721451.0,1046.0,2026-09-20T17:45:12.560050+00:00
3102902,MG,202512,ok,622498.0,915.0,2026-09-20T17:45:14.164885+00:00
3103009,MG,202512,ok,420697.0,647.0,2026-09-20T17:45:15.770930+00:00
3103108,MG,202512,ok,83502.0,128.0,2026-09-20T17:45:17.371323+00:00
3103207,MG,202512,ok,109421.0,162.0,2026-09-20T17:45:18.980324+00:00
3103306,MG,202512,ok,111254.0,167.0,2026-09-20T17:45:20.595358+00:00
3103405,MG,202512,ok,2271668.0,3465.0,2026-09-20T17:45:22.193939+00:00
3103504,MG,202512,ok,4100493.0,5998.0,2026-09-20T17:45:23.809329+00:00
3103603,MG,202512,ok,256120.0,382.0,2026-09-20T17:45:25.420043+00:00
3103702,MG,202512,ok,472733.0,653.0,2026-09-20T17:45:27.020847+00:00
3103751,MG,202512,ok,324676.0,469.0,2026-09-20T17:45:28.633588+00:00
3103801,MG,202512,ok,77820.0,120.0,2026-09-20T17:45:30.247243+00:00
3103900,MG,202512,ok,295158.0,431.0,2026-09-20T17:45:31.863912+00:00
3104007,MG,202512,ok,3314152.0,4887.0,2026-09-20T17:45:33.488319+00:00
3104106,MG,202512,ok,196902.0,304.0,2026-09-20T17:45:35.097865+00:00
3104205,MG,202512,ok,1460048.0,2134.0,2026-09-20T17:45:36.707638+00:00
3104304,MG,202512,ok,581138.0,867.0,2026-09-20T17:45:38.318074+00:00
3104403,MG,202512,ok,151210.0,223.0,2026-09-20T17:45:42.381463+00:00
3104452,MG,202512,ok,510358.0,754.0,2026-09-20T17:45:43.993693+00:00
3104502,MG,202512,ok,1396293.0,2074.0,2026-09-20T17:45:45.609417+00:00
3104601,MG,202512,ok,407565.0,608.0,2026-09-20T17:45:47.226203+00:00
3104700,MG,202512,ok,1126160.0,1681.0,2026-09-20T17:45:48.858248+00:00
3104809,MG,202512,ok,300568.0,442.0,2026-09-20T17:45:50.502823+00:00
3104908,MG,202512,ok,832864.0,1292.0,2026-09-20T17:45:52.107428+00:00
3105004,MG,202512,ok,550814.0,875.0,2026-09-20T17:45:53.717621+00:00
3105103,MG,202512,ok,664995.0,943.0,2026-09-20T17:45:55.325665+00:00
3105202,MG,202512,ok,240126.0,375.0,2026-09-20T17:45:56.937970+00:00
3105301,MG,202512,ok,103450.0,177.0,2026-09-20T17:45:58.553529+00:00
3105400,MG,202512,ok,916379.0,1297.0,2026-09-20T17:46:00.157084+00:00
3105509,MG,202512,ok,340609.0,537.0,2026-09-20T17:46:01.765941+00:00
3105608,MG,202512,ok,4994334.0,7513.0,2026-09-20T17:46:03.373523+00:00
3105707,MG,202512,ok,381717.0,570.0,2026-09-20T17:46:05.018098+00:00
3105905,MG,202512,ok,1298857.0,1943.0,2026-09-20T17:46:06.631639+00:00
3106002,MG,202512,ok,466517.0,714.0,2026-09-20T17:46:08.241197+00:00
3106101,MG,202512,ok,76256.0,122.0,2026-09-20T17:46:09.852844+00:00
3106200,MG,202512,ok,76592817.0,115287.0,2026-09-20T17:46:11.466731+00:00
3106309,MG,202512,ok,1345860.0,2023.0,2026-09-20T17:46:13.079467+00:00
3106408,MG,202512,ok,477333.0,730.0,2026-09-20T17:46:16.652508+00:00
3106507,MG,202512,ok,795611.0,1221.0,2026-09-20T17:46:18.255051+00:00
3106606,MG,202512,ok,618362.0,901.0,2026-09-20T17:46:19.894917+00:00
3106655,MG,202512,ok,656854.0,986.0,2026-09-20T17:46:21.513378+00:00
3106705,MG,202512,ok,18578408.0,28641.0,2026-09-20T17:46:23.122221+00:00
3106804,MG,202512,ok,250327.0,385.0,2026-09-20T17:46:24.753781+00:00
3106903,MG,202512,ok,820314.0,1191.0,2026-09-20T17:46:26.364515+00:00
3107000,MG,202512,ok,142212.0,204.0,2026-09-20T17:46:27.973572+00:00
3107109,MG,202512,ok,1576440.0,2234.0,2026-09-20T17:46:29.586132+00:00
3107208,MG,202512,ok,440682.0,674.0,2026-09-20T17:46:31.199292+00:00
3107307,MG,202512,ok,4035957.0,5901.0,2026-09-20T17:46:32.808812+00:00
3107406,MG,202512,ok,2095730.0,3047.0,2026-09-20T17:46:34.416380+00:00
3107505,MG,202512,ok,394972.0,597.0,2026-09-20T17:46:36.055508+00:00
3107604,MG,202512,ok,242784.0,343.0,2026-09-20T17:46:37.668597+00:00
3107703,MG,202512,ok,335770.0,499.0,2026-09-20T17:46:39.281482+00:00
3107802,MG,202512,ok,1348071.0,2035.0,2026-09-20T17:46:40.890453+00:00
3107901,MG,202512,ok,794637.0,1126.0,2026-09-20T17:46:42.507386+00:00
3108008,MG,202512,ok,295414.0,415.0,2026-09-20T17:46:44.115650+00:00
3108107,MG,202512,ok,467838.0,742.0,2026-09-20T17:46:45.727617+00:00
3108206,MG,202512,ok,292917.0,420.0,2026-09-20T17:46:47.335635+00:00
3108255,MG,202512,ok,1225345.0,1736.0,2026-09-20T17:46:51.137175+00:00
3108305,MG,202512,ok,800559.0,1196.0,2026-09-20T17:46:52.758163+00:00
3108404,MG,202512,ok,612712.0,904.0,2026-09-20T17:46:54.364359+00:00
3108503,MG,202512,ok,497986.0,730.0,2026-09-20T17:46:55.977520+00:00
3108552,MG,202512,ok,1304581.0,1893.0,2026-09-20T17:46:57.578661+00:00
3108602,MG,202512,ok,2886216.0,4174.0,2026-09-20T17:46:59.183405+00:00
3108701,MG,202512,ok,345429.0,533.0,2026-09-20T17:47:00.797624+00:00
3108800,MG,202512,ok,310577.0,459.0,2026-09-20T17:47:02.399423+00:00
3108909,MG,202512,ok,305001.0,458.0,2026-09-20T17:47:04.003156+00:00
3109006,MG,202512,ok,1144578.0,1747.0,2026-09-20T17:47:05.630190+00:00
3109105,MG,202512,ok,335853.0,501.0,2026-09-20T17:47:07.283615+00:00
3109204,MG,202512,ok,655353.0,963.0,2026-09-20T17:47:08.894707+00:00
3109253,MG,202512,ok,350705.0,529.0,2026-09-20T17:47:10.507728+00:00
3109303,MG,202512,ok,1643943.0,2359.0,2026-09-20T17:47:12.111313+00:00
3109402,MG,202512,ok,2844269.0,4095.0,2026-09-20T17:47:13.724831+00:00
3109451,MG,202512,ok,457074.0,649.0,2026-09-20T17:47:15.334196+00:00
3109501,MG,202512,ok,315119.0,504.0,2026-09-20T17:47:16.948926+00:00
3109600,MG,202512,ok,123659.0,197.0,2026-09-20T17:47:18.561908+00:00
3109709,MG,202512,ok,224417.0,351.0,2026-09-20T17:47:20.165268+00:00
3109808,MG,202512,ok,83947.0,123.0,2026-09-20T17:47:21.807347+00:00
3109907,MG,202512,ok,492507.0,723.0,2026-09-20T17:47:25.584904+00:00
3110004,MG,202512,ok,1511957.0,2172.0,2026-09-20T17:47:27.195089+00:00
3110103,MG,202512,ok,364775.0,550.0,2026-09-20T17:47:28.805765+00:00
3110202,MG,202512,ok,305564.0,445.0,2026-09-20T17:47:30.415906+00:00
3110301,MG,202512,ok,565060.0,836.0,2026-09-20T17:47:32.028516+00:00
3110400,MG,202512,ok,107759.0,153.0,2026-09-20T17:47:33.645895+00:00
3110509,MG,202512,ok,945865.0,1417.0,2026-09-20T17:47:35.299236+00:00
3110608,MG,202512,ok,891199.0,1345.0,2026-09-20T17:47:36.902228+00:00
3110707,MG,202512,ok,631898.0,970.0,2026-09-20T17:47:38.519242+00:00
3110806,MG,202512,ok,289239.0,440.0,2026-09-20T17:47:40.130166+00:00
3110905,MG,202512,ok,704262.0,1005.0,2026-09-20T17:47:41.743122+00:00
3111002,MG,202512,ok,690942.0,1023.0,2026-09-20T17:47:43.353348+00:00
3111101,MG,202512,ok,402434.0,644.0,2026-09-20T17:47:44.964029+00:00
3111150,MG,202512,ok,472964.0,743.0,2026-09-20T17:47:46.614354+00:00
3111200,MG,202512,ok,2206605.0,3312.0,2026-09-20T17:47:48.221367+00:00
3111309,MG,202512,ok,608571.0,910.0,2026-09-20T17:47:49.828262+00:00
3111408,MG,202512,ok,511275.0,730.0,2026-09-20T17:47:51.441640+00:00
3111507,MG,202512,ok,489038.0,689.0,2026-09-20T17:47:53.073836+00:00
3111606,MG,202512,ok,1140044.0,1655.0,2026-09-20T17:47:54.688160+00:00
3111705,MG,202512,ok,381732.0,573.0,2026-09-20T17:47:56.299469+00:00
3111804,MG,202512,ok,309308.0,484.0,2026-09-20T17:48:00.102813+00:00
3111903,MG,202512,ok,239513.0,369.0,2026-09-20T17:48:01.717663+00:00
3112000,MG,202512,ok,558090.0,896.0,2026-09-20T17:48:03.323036+00:00
3112059,MG,202512,ok,318240.0,469.0,2026-09-20T17:48:04.935595+00:00
3112109,MG,202512,ok,480861.0,706.0,2026-09-20T17:48:06.569521+00:00
3112208,MG,202512,ok,336596.0,519.0,2026-09-20T17:48:08.188650+00:00
3112307,MG,202512,ok,1822003.0,2907.0,2026-09-20T17:48:09.865544+00:00
3112406,MG,202512,ok,415545.0,602.0,2026-09-20T17:48:11.489547+00:00
3112505,MG,202512,ok,481442.0,708.0,2026-09-20T17:48:13.098200+00:00
3112604,MG,202512,ok,551113.0,828.0,2026-09-20T17:48:14.708115+00:00
3112653,MG,202512,ok,404984.0,595.0,2026-09-20T17:48:16.317507+00:00
3112703,MG,202512,ok,1356437.0,1934.0,2026-09-20T17:48:17.931407+00:00
3112802,MG,202512,ok,243907.0,380.0,2026-09-20T17:48:19.542750+00:00
3112901,MG,202512,ok,770931.0,1112.0,2026-09-20T17:48:21.157722+00:00
3113008,MG,202512,ok,1787945.0,2606.0,2026-09-20T17:48:22.770981+00:00
3113107,MG,202512,ok,188612.0,274.0,2026-09-20T17:48:24.394623+00:00
3113206,MG,202512,ok,1034338.0,1558.0,2026-09-20T17:48:26.010627+00:00
3113305,MG,202512,ok,1830177.0,2678.0,2026-09-20T17:48:27.619488+00:00
3113404,MG,202512,ok,2695518.0,4162.0,2026-09-20T17:48:29.227394+00:00
3113503,MG,202512,ok,501124.0,777.0,2026-09-20T17:48:30.840538+00:00
3113602,MG,202512,ok,301779.0,456.0,2026-09-20T17:48:34.625856+00:00
3113701,MG,202512,ok,1313737.0,1949.0,2026-09-20T17:48:36.229620+00:00
3113800,MG,202512,ok,162873.0,241.0,2026-09-20T17:48:37.852314+00:00
3113909,MG,202512,ok,579470.0,818.0,2026-09-20T17:48:39.466073+00:00
3114006,MG,202512,ok,436108.0,627.0,2026-09-20T17:48:41.099103+00:00
3114105,MG,202512,ok,574246.0,862.0,2026-09-20T17:48:42.709444+00:00
3114204,MG,202512,ok,396372.0,598.0,2026-09-20T17:48:44.320480+00:00
3114303,MG,202512,ok,982765.0,1506.0,2026-09-20T17:48:45.930730+00:00
3114402,MG,202512,ok,400972.0,781.0,2026-09-20T17:48:47.532616+00:00
3114501,MG,202512,ok,745911.0,1083.0,2026-09-20T17:48:49.143602+00:00
3114550,MG,202512,ok,300001.0,434.0,2026-09-20T17:48:50.755081+00:00
3114600,MG,202512,ok,98693.0,146.0,2026-09-20T17:48:52.364472+00:00
3114709,MG,202512,ok,102835.0,149.0,2026-09-20T17:48:53.976027+00:00
3114808,MG,202512,ok,384377.0,593.0,2026-09-20T17:48:55.613205+00:00
3114907,MG,202512,ok,95759.0,141.0,2026-09-20T17:48:57.224928+00:00
3115003,MG,202512,ok,146235.0,225.0,2026-09-20T17:48:58.827191+00:00
3115102,MG,202512,ok,978883.0,1429.0,2026-09-20T17:49:00.438504+00:00
3115201,MG,202512,ok,273029.0,411.0,2026-09-20T17:49:02.052312+00:00
3115300,MG,202512,ok,2148207.0,3162.0,2026-09-20T17:49:03.658791+00:00
3115359,MG,202512,ok,307700.0,455.0,2026-09-20T17:49:05.280030+00:00
3115409,MG,202512,ok,239046.0,350.0,2026-09-20T17:49:09.070105+00:00
3115458,MG,202512,ok,934538.0,1333.0,2026-09-20T17:49:10.685748+00:00
3115474,MG,202512,ok,655105.0,1014.0,2026-09-20T17:49:12.323046+00:00
3115508,MG,202512,ok,889989.0,1340.0,2026-09-20T17:49:13.928447+00:00
3115607,MG,202512,ok,55717.0,83.0,2026-09-20T17:49:15.538677+00:00
3115706,MG,202512,ok,398530.0,593.0,2026-09-20T17:49:17.151800+00:00
3115805,MG,202512,ok,551972.0,826.0,2026-09-20T17:49:18.760842+00:00
3115904,MG,202512,ok,224522.0,329.0,2026-09-20T17:49:20.372161+00:00
3116001,MG,202512,ok,563636.0,818.0,2026-09-20T17:49:21.974861+00:00
3116100,MG,202512,ok,898514.0,1341.0,2026-09-20T17:52:37.354047+00:00
3116159,MG,202512,ok,1585822.0,2256.0,2026-09-20T17:52:38.965972+00:00
3116209,MG,202512,ok,165885.0,245.0,2026-09-20T17:52:40.582167+00:00
3116308,MG,202512,ok,398255.0,612.0,2026-09-20T17:52:42.191903+00:00
3116407,MG,202512,ok,263458.0,385.0,2026-09-20T17:52:43.805968+00:00
3116506,MG,202512,ok,591095.0,914.0,2026-09-20T17:52:45.412253+00:00
3116605,MG,202512,ok,765049.0,1115.0,2026-09-20T17:52:47.021449+00:00
3116704,MG,202512,ok,383499.0,599.0,2026-09-20T17:52:48.665300+00:00
3116803,MG,202512,ok,882348.0,1309.0,2026-09-20T17:52:50.279485+00:00
3116902,MG,202512,ok,163174.0,233.0,2026-09-20T17:52:51.891176+00:00
3117009,MG,202512,ok,801291.0,1208.0,2026-09-20T17:52:53.506254+00:00
3117108,MG,202512,ok,317580.0,515.0,2026-09-20T17:52:55.112403+00:00
3117207,MG,202512,ok,236807.0,335.0,2026-09-20T17:52:56.713635+00:00
3117306,MG,202512,ok,1443043.0,2150.0,2026-09-20T17:52:58.327468+00:00
3117405,MG,202512,ok,526101.0,761.0,2026-09-20T17:52:59.936929+00:00
3117504,MG,202512,ok,1200656.0,1761.0,2026-09-20T17:53:01.548184+00:00
3117603,MG,202512,ok,231391.0,350.0,2026-09-20T17:53:03.158177+00:00
3117702,MG,202512,ok,635225.0,946.0,2026-09-20T17:53:04.808156+00:00
3117801,MG,202512,ok,395843.0,581.0,2026-09-20T17:53:06.410846+00:00
3117836,MG,202512,ok,949761.0,1396.0,2026-09-20T17:53:10.273261+00:00
3117876,MG,202512,ok,160940.0,244.0,2026-09-20T17:53:11.883324+00:00
3117900,MG,202512,ok,331500.0,529.0,2026-09-20T17:53:13.499654+00:00
3118007,MG,202512,ok,1435673.0,2111.0,2026-09-20T17:53:15.114274+00:00
3118106,MG,202512,ok,397173.0,592.0,2026-09-20T17:53:16.726719+00:00
3118205,MG,202512,ok,320055.0,470.0,2026-09-20T17:53:18.337997+00:00
3118304,MG,202512,ok,2543299.0,3802.0,2026-09-20T17:53:19.942908+00:00
3118403,MG,202512,ok,1301406.0,1937.0,2026-09-20T17:53:21.564011+00:00
3118502,MG,202512,ok,132555.0,207.0,2026-09-20T17:53:23.166390+00:00
3118601,MG,202512,ok,27076019.0,40258.0,2026-09-20T17:53:24.773803+00:00
3118700,MG,202512,ok,528907.0,764.0,2026-09-20T17:53:26.382003+00:00
3118809,MG,202512,ok,2407464.0,3521.0,2026-09-20T17:53:27.986612+00:00
3118908,MG,202512,ok,634718.0,950.0,2026-09-20T17:53:29.602027+00:00
3119005,MG,202512,ok,256624.0,368.0,2026-09-20T17:53:31.215062+00:00
3119104,MG,202512,ok,1721499.0,2483.0,2026-09-20T17:53:32.830247+00:00
3119203,MG,202512,ok,750833.0,1158.0,2026-09-20T17:53:34.435864+00:00
3119302,MG,202512,ok,1421445.0,2061.0,2026-09-20T17:53:36.080047+00:00
3119401,MG,202512,ok,3565078.0,5331.0,2026-09-20T17:53:37.700142+00:00
3119500,MG,202512,ok,845752.0,1273.0,2026-09-20T17:53:39.315898+00:00
3119609,MG,202512,ok,109338.0,156.0,2026-09-20T17:53:40.927111+00:00
3119708,MG,202512,ok,72528.0,110.0,2026-09-20T17:53:44.635779+00:00
3119807,MG,202512,ok,92079.0,142.0,2026-09-20T17:53:46.252385+00:00
3119906,MG,202512,ok,107188.0,156.0,2026-09-20T17:53:47.870749+00:00
3119955,MG,202512,ok,80529.0,119.0,2026-09-20T17:53:49.481298+00:00
3120003,MG,202512,ok,279801.0,420.0,2026-09-20T17:53:51.095853+00:00
3120102,MG,202512,ok,407276.0,604.0,2026-09-20T17:53:52.731717+00:00
3120151,MG,202512,ok,576103.0,828.0,2026-09-20T17:53:54.342578+00:00
3120201,MG,202512,ok,481808.0,702.0,2026-09-20T17:53:55.948470+00:00
3120300,MG,202512,ok,933335.0,1396.0,2026-09-20T17:53:57.557492+00:00
3120409,MG,202512,ok,206219.0,303.0,2026-09-20T17:53:59.168248+00:00
3120508,MG,202512,ok,432030.0,647.0,2026-09-20T17:54:00.775411+00:00
3120607,MG,202512,ok,226719.0,350.0,2026-09-20T17:54:02.381178+00:00
3120706,MG,202512,ok,215636.0,318.0,2026-09-20T17:54:03.992260+00:00
3120805,MG,202512,ok,1077964.0,1616.0,2026-09-20T17:54:05.600163+00:00
3120839,MG,202512,ok,348783.0,513.0,2026-09-20T17:54:07.212697+00:00
3120870,MG,202512,ok,1097547.0,1624.0,2026-09-20T17:54:08.824415+00:00
3120904,MG,202512,ok,4067093.0,6050.0,2026-09-20T17:54:10.442867+00:00
3121001,MG,202512,ok,611194.0,876.0,2026-09-20T17:54:12.055469+00:00
3121100,MG,202512,ok,438534.0,640.0,2026-09-20T17:54:13.668345+00:00
3121209,MG,202512,ok,282362.0,419.0,2026-09-20T17:54:15.279171+00:00
3121258,MG,202512,ok,848185.0,1202.0,2026-09-20T17:54:18.994973+00:00
3121308,MG,202512,ok,309811.0,465.0,2026-09-20T17:54:20.613058+00:00
3121407,MG,202512,ok,190751.0,332.0,2026-09-20T17:54:22.258387+00:00
3121506,MG,202512,ok,212785.0,326.0,2026-09-20T17:54:23.873910+00:00
3121605,MG,202512,ok,2661404.0,4098.0,2026-09-20T17:54:25.487755+00:00
3121704,MG,202512,ok,282161.0,436.0,2026-09-20T17:54:27.094723+00:00
3121803,MG,202512,ok,472510.0,713.0,2026-09-20T17:54:28.703490+00:00
3121902,MG,202512,ok,223484.0,332.0,2026-09-20T17:54:30.310964+00:00
3122009,MG,202512,ok,1435810.0,2252.0,2026-09-20T17:54:31.923187+00:00
3122108,MG,202512,ok,395057.0,607.0,2026-09-20T17:54:33.529476+00:00
3122207,MG,202512,ok,738129.0,1089.0,2026-09-20T17:54:35.133994+00:00
3122306,MG,202512,ok,5839422.0,8749.0,2026-09-20T17:54:36.755573+00:00
3122355,MG,202512,ok,813809.0,1233.0,2026-09-20T17:54:38.382640+00:00
3122405,MG,202512,ok,218178.0,322.0,2026-09-20T17:54:39.991087+00:00
3122454,MG,202512,ok,1339017.0,1963.0,2026-09-20T17:54:41.590636+00:00
3122470,MG,202512,ok,236768.0,345.0,2026-09-20T17:54:43.203245+00:00
3122504,MG,202512,ok,196712.0,287.0,2026-09-20T17:54:44.812944+00:00
3122603,MG,202512,ok,387828.0,580.0,2026-09-20T17:54:46.422032+00:00
3122702,MG,202512,ok,226879.0,343.0,2026-09-20T17:54:48.033468+00:00
3122801,MG,202512,ok,181550.0,274.0,2026-09-20T17:54:49.647364+00:00
3122900,MG,202512,ok,290689.0,434.0,2026-09-20T17:54:53.634119+00:00
3123007,MG,202512,ok,338549.0,492.0,2026-09-20T17:54:55.254940+00:00
3123106,MG,202512,ok,432094.0,634.0,2026-09-20T17:54:56.867430+00:00
3123205,MG,202512,ok,384142.0,589.0,2026-09-20T17:54:58.485262+00:00
3123304,MG,202512,ok,318494.0,489.0,2026-09-20T17:55:00.102551+00:00
3123403,MG,202512,ok,66474.0,97.0,2026-09-20T17:55:01.711094+00:00
3123502,MG,202512,ok,65163.0,101.0,2026-09-20T17:55:03.309843+00:00
3123528,MG,202512,ok,653662.0,900.0,2026-09-20T17:55:04.912377+00:00
3123601,MG,202512,ok,1094325.0,1596.0,2026-09-20T17:55:06.520625+00:00
3123700,MG,202512,ok,656564.0,983.0,2026-09-20T17:55:08.180782+00:00
3123809,MG,202512,ok,739488.0,1127.0,2026-09-20T17:55:09.785703+00:00
3123858,MG,202512,ok,487771.0,711.0,2026-09-20T17:55:11.392274+00:00
3123908,MG,202512,ok,503162.0,744.0,2026-09-20T17:55:12.999395+00:00
3124005,MG,202512,ok,986981.0,1421.0,2026-09-20T17:55:14.600413+00:00
3124104,MG,202512,ok,6205258.0,9090.0,2026-09-20T17:55:16.204602+00:00
3124203,MG,202512,ok,1355732.0,2069.0,2026-09-20T17:55:17.814453+00:00
3124302,MG,202512,ok,3216223.0,4754.0,2026-09-20T17:55:19.427111+00:00
3124401,MG,202512,ok,587460.0,797.0,2026-09-20T17:55:21.043120+00:00
3124500,MG,202512,ok,430597.0,633.0,2026-09-20T17:55:22.662590+00:00
3124609,MG,202512,ok,149439.0,213.0,2026-09-20T17:55:24.271997+00:00
3124708,MG,202512,ok,73567.0,119.0,2026-09-20T17:55:28.232449+00:00
3124807,MG,202512,ok,312197.0,468.0,2026-09-20T17:55:29.851712+00:00
3124906,MG,202512,ok,715670.0,1077.0,2026-09-20T17:55:31.487963+00:00
3125002,MG,202512,ok,303003.0,444.0,2026-09-20T17:55:33.098698+00:00
3125101,MG,202512,ok,1065545.0,1613.0,2026-09-20T17:55:34.712353+00:00
3125200,MG,202512,ok,115352.0,171.0,2026-09-20T17:55:36.320696+00:00
3125309,MG,202512,ok,281526.0,407.0,2026-09-20T17:55:37.936071+00:00
3125408,MG,202512,ok,501743.0,756.0,2026-09-20T17:55:39.592563+00:00
3125507,MG,202512,ok,230676.0,361.0,2026-09-20T17:55:41.199033+00:00
3125606,MG,202512,ok,707510.0,1040.0,2026-09-20T17:55:42.811595+00:00
3125705,MG,202512,ok,819410.0,1249.0,2026-09-20T17:55:44.415193+00:00
3125804,MG,202512,ok,139647.0,212.0,2026-09-20T17:55:46.028244+00:00
3125903,MG,202512,ok,512032.0,798.0,2026-09-20T17:55:47.628987+00:00
3125952,MG,202512,ok,738119.0,1136.0,2026-09-20T17:55:49.231462+00:00
3126000,MG,202512,ok,257227.0,375.0,2026-09-20T17:55:50.837757+00:00
3126109,MG,202512,ok,1149164.0,1748.0,2026-09-20T17:55:52.455719+00:00
3126208,MG,202512,ok,1030816.0,1470.0,2026-09-20T17:55:54.066939+00:00
3126307,MG,202512,ok,91406.0,131.0,2026-09-20T17:55:55.683170+00:00
3126406,MG,202512,ok,177071.0,269.0,2026-09-20T17:55:57.300340+00:00
3126505,MG,202512,ok,651200.0,1005.0,2026-09-20T17:55:58.911017+00:00
3126604,MG,202512,ok,484075.0,722.0,2026-09-20T17:56:02.769474+00:00
3126703,MG,202512,ok,2378831.0,3567.0,2026-09-20T17:56:04.385394+00:00
3126752,MG,202512,ok,417285.0,619.0,2026-09-20T17:56:05.998915+00:00
3126802,MG,202512,ok,654690.0,939.0,2026-09-20T17:56:07.609733+00:00
3126901,MG,202512,ok,814942.0,1241.0,2026-09-20T17:56:09.249280+00:00
3126950,MG,202512,ok,452325.0,674.0,2026-09-20T17:56:10.875692+00:00
3127008,MG,202512,ok,671914.0,1002.0,2026-09-20T17:56:12.483534+00:00
3127057,MG,202512,ok,973727.0,1486.0,2026-09-20T17:56:14.108073+00:00
3127073,MG,202512,ok,430938.0,621.0,2026-09-20T17:56:15.715204+00:00
3127107,MG,202512,ok,1901355.0,2796.0,2026-09-20T17:56:17.316543+00:00
3127206,MG,202512,ok,317633.0,495.0,2026-09-20T17:56:18.929432+00:00
3127305,MG,202512,ok,421852.0,618.0,2026-09-20T17:56:20.536970+00:00
3127339,MG,202512,ok,553885.0,813.0,2026-09-20T17:56:22.140105+00:00
3127354,MG,202512,ok,234137.0,367.0,2026-09-20T17:56:23.757748+00:00
3127370,MG,202512,ok,258632.0,370.0,2026-09-20T17:56:25.376331+00:00
3127388,MG,202512,ok,217314.0,345.0,2026-09-20T17:56:26.993648+00:00
3127404,MG,202512,ok,100637.0,153.0,2026-09-20T17:56:28.605309+00:00
3127503,MG,202512,ok,394139.0,598.0,2026-09-20T17:56:30.219670+00:00
3127602,MG,202512,ok,473492.0,742.0,2026-09-20T17:56:31.833857+00:00
3127701,MG,202512,ok,8649261.0,12849.0,2026-09-20T17:56:33.442399+00:00
3127800,MG,202512,ok,1047588.0,1556.0,2026-09-20T17:56:37.326363+00:00
3127909,MG,202512,ok,16860.0,28.0,2026-09-20T17:56:38.956537+00:00
3128006,MG,202512,ok,2368464.0,3501.0,2026-09-20T17:56:40.597718+00:00
3128105,MG,202512,ok,486673.0,717.0,2026-09-20T17:56:42.218023+00:00
3128204,MG,202512,ok,576207.0,819.0,2026-09-20T17:56:43.830128+00:00
3128253,MG,202512,ok,575763.0,864.0,2026-09-20T17:56:45.437556+00:00
3128303,MG,202512,ok,551708.0,805.0,2026-09-20T17:56:47.066528+00:00
3128402,MG,202512,ok,384908.0,587.0,2026-09-20T17:56:48.718473+00:00
3128501,MG,202512,ok,270622.0,408.0,2026-09-20T17:56:50.322344+00:00
3128600,MG,202512,ok,328752.0,478.0,2026-09-20T17:56:51.931853+00:00
3128709,MG,202512,ok,1360438.0,2024.0,2026-09-20T17:56:53.533492+00:00
3128808,MG,202512,ok,476635.0,691.0,2026-09-20T18:06:50.823169+00:00
3128907,MG,202512,ok,658200.0,925.0,2026-09-20T18:06:52.432277+00:00
3129004,MG,202512,ok,399547.0,609.0,2026-09-20T18:06:54.034329+00:00
3129103,MG,202512,ok,290583.0,432.0,2026-09-20T18:06:55.678186+00:00
3129202,MG,202512,ok,192757.0,271.0,2026-09-20T18:06:57.283710+00:00
3129301,MG,202512,ok,720606.0,1090.0,2026-09-20T18:06:58.893819+00:00
3129400,MG,202512,ok,332938.0,491.0,2026-09-20T18:07:00.508080+00:00
3129509,MG,202512,ok,1073734.0,1561.0,2026-09-20T18:07:02.125571+00:00
3129608,MG,202512,ok,805220.0,1172.0,2026-09-20T18:07:03.745895+00:00
3129657,MG,202512,ok,560502.0,824.0,2026-09-20T18:07:05.365385+00:00
3129707,MG,202512,ok,657846.0,932.0,2026-09-20T18:07:06.983152+00:00
3129806,MG,202512,ok,7761438.0,11551.0,2026-09-20T18:07:08.603443+00:00
3129905,MG,202512,ok,131451.0,193.0,2026-09-20T18:07:11.683497+00:00
3130002,MG,202512,ok,151768.0,232.0,2026-09-20T18:07:13.310573+00:00
3130051,MG,202512,ok,1022843.0,1501.0,2026-09-20T18:07:14.934448+00:00
3130101,MG,202512,ok,2095864.0,3078.0,2026-09-20T18:07:16.554374+00:00
3130200,MG,202512,ok,202702.0,324.0,2026-09-20T18:07:18.165745+00:00
3130309,MG,202512,ok,242277.0,359.0,2026-09-20T18:07:19.779770+00:00
3130408,MG,202512,ok,346558.0,513.0,2026-09-20T18:07:21.404197+00:00
3130507,MG,202512,ok,494519.0,699.0,2026-09-20T18:07:23.013386+00:00
3130556,MG,202512,ok,759200.0,1120.0,2026-09-20T18:07:24.661817+00:00
3130606,MG,202512,ok,275582.0,414.0,2026-09-20T18:07:26.279725+00:00
3130655,MG,202512,ok,819596.0,1220.0,2026-09-20T18:07:27.895563+00:00
3130705,MG,202512,ok,238986.0,348.0,2026-09-20T18:07:29.507922+00:00
3130804,MG,202512,ok,115512.0,165.0,2026-09-20T18:07:31.123557+00:00
3130903,MG,202512,ok,2092537.0,3108.0,2026-09-20T18:07:32.754381+00:00
3131000,MG,202512,ok,483279.0,732.0,2026-09-20T18:07:34.385306+00:00
3131109,MG,202512,ok,465103.0,693.0,2026-09-20T18:07:36.003504+00:00
3131158,MG,202512,ok,666172.0,999.0,2026-09-20T18:07:37.609206+00:00
3131208,MG,202512,ok,1323619.0,1957.0,2026-09-20T18:07:39.218458+00:00
3131307,MG,202512,ok,8579029.0,12760.0,2026-09-20T18:07:40.837386+00:00
3131406,MG,202512,ok,257568.0,389.0,2026-09-20T18:07:42.452028+00:00
3131505,MG,202512,ok,207326.0,319.0,2026-09-20T18:07:45.296977+00:00
3131604,MG,202512,ok,357728.0,578.0,2026-09-20T18:07:46.906754+00:00
3131703,MG,202512,ok,2806465.0,4192.0,2026-09-20T18:07:48.522838+00:00
3131802,MG,202512,ok,933041.0,1365.0,2026-09-20T18:07:50.129677+00:00
3131901,MG,202512,ok,1440254.0,2117.0,2026-09-20T18:07:51.775049+00:00
3132008,MG,202512,ok,424531.0,643.0,2026-09-20T18:07:53.385646+00:00
3132107,MG,202512,ok,1708391.0,2502.0,2026-09-20T18:07:54.992083+00:00
3132206,MG,202512,ok,429704.0,676.0,2026-09-20T18:07:56.613222+00:00
3132305,MG,202512,ok,1380180.0,1930.0,2026-09-20T18:07:58.230487+00:00
3132404,MG,202512,ok,2829361.0,4205.0,2026-09-20T18:07:59.846233+00:00
3132503,MG,202512,ok,2229208.0,3289.0,2026-09-20T18:08:01.453448+00:00
3132602,MG,202512,ok,174316.0,270.0,2026-09-20T18:08:03.058043+00:00
3132701,MG,202512,ok,1894299.0,2748.0,2026-09-20T18:08:04.667581+00:00
3132800,MG,202512,ok,158375.0,244.0,2026-09-20T18:08:06.301432+00:00
3132909,MG,202512,ok,357409.0,543.0,2026-09-20T18:08:07.918416+00:00
3133006,MG,202512,ok,659613.0,970.0,2026-09-20T18:08:09.536606+00:00
3133105,MG,202512,ok,388299.0,591.0,2026-09-20T18:08:11.152073+00:00
3133204,MG,202512,ok,408659.0,590.0,2026-09-20T18:08:12.774423+00:00
3133303,MG,202512,ok,1447071.0,2125.0,2026-09-20T18:08:14.387585+00:00
3133402,MG,202512,ok,591048.0,891.0,2026-09-20T18:08:16.003291+00:00
3133501,MG,202512,ok,571995.0,903.0,2026-09-20T18:08:18.938085+00:00
3133600,MG,202512,ok,453666.0,694.0,2026-09-20T18:08:20.547386+00:00
3133709,MG,202512,ok,444197.0,633.0,2026-09-20T18:08:22.172889+00:00
3133758,MG,202512,ok,314145.0,473.0,2026-09-20T18:08:23.783028+00:00
3133808,MG,202512,ok,1748033.0,2549.0,2026-09-20T18:08:25.420176+00:00
3133907,MG,202512,ok,376644.0,541.0,2026-09-20T18:08:27.018536+00:00
3134004,MG,202512,ok,1443795.0,2137.0,2026-09-20T18:08:28.620882+00:00
3134103,MG,202512,ok,558778.0,815.0,2026-09-20T18:08:30.238822+00:00
3134202,MG,202512,ok,3238502.0,4949.0,2026-09-20T18:08:31.850399+00:00
3134301,MG,202512,ok,407719.0,609.0,2026-09-20T18:08:33.471109+00:00
3134400,MG,202512,ok,2263753.0,3324.0,2026-09-20T18:08:35.082297+00:00
3134509,MG,202512,ok,153378.0,233.0,2026-09-20T18:08:36.734001+00:00
3134608,MG,202512,ok,895104.0,1295.0,2026-09-20T18:08:38.352951+00:00
3134707,MG,202512,ok,1144183.0,1712.0,2026-09-20T18:08:39.968403+00:00
3134806,MG,202512,ok,374248.0,515.0,2026-09-20T18:08:41.594273+00:00
3134905,MG,202512,ok,511038.0,767.0,2026-09-20T18:08:43.224395+00:00
3135001,MG,202512,ok,110586.0,176.0,2026-09-20T18:08:44.836967+00:00
3135050,MG,202512,ok,4268885.0,6084.0,2026-09-20T18:08:46.492127+00:00
3135076,MG,202512,ok,405661.0,591.0,2026-09-20T18:08:48.104248+00:00
3135100,MG,202512,ok,4674387.0,6961.0,2026-09-20T18:08:49.715539+00:00
3135209,MG,202512,ok,6642306.0,9624.0,2026-09-20T18:08:52.738929+00:00
3135308,MG,202512,ok,126087.0,198.0,2026-09-20T18:08:54.348199+00:00
3135357,MG,202512,ok,905861.0,1340.0,2026-09-20T18:08:56.007066+00:00
3135407,MG,202512,ok,272585.0,420.0,2026-09-20T18:08:57.613539+00:00
3135456,MG,202512,ok,461126.0,672.0,2026-09-20T18:08:59.221498+00:00
3135506,MG,202512,ok,937733.0,1384.0,2026-09-20T18:09:00.831532+00:00
3135605,MG,202512,ok,992933.0,1515.0,2026-09-20T18:09:02.440291+00:00
3135704,MG,202512,ok,375035.0,555.0,2026-09-20T18:09:04.050596+00:00
3135803,MG,202512,ok,2165449.0,3229.0,2026-09-20T18:09:05.661801+00:00
3135902,MG,202512,ok,402314.0,589.0,2026-09-20T18:09:07.295200+00:00
3136009,MG,202512,ok,1827627.0,2754.0,2026-09-20T18:09:08.906210+00:00
3136108,MG,202512,ok,347202.0,537.0,2026-09-20T18:09:10.523557+00:00
3136207,MG,202512,ok,2037449.0,2999.0,2026-09-20T18:09:12.139735+00:00
3136306,MG,202512,ok,2962347.0,4354.0,2026-09-20T18:09:13.751022+00:00
3136405,MG,202512,ok,417928.0,630.0,2026-09-20T18:09:15.366042+00:00
3136504,MG,202512,ok,654551.0,954.0,2026-09-20T18:09:16.973386+00:00
3136520,MG,202512,ok,344273.0,529.0,2026-09-20T18:09:18.594111+00:00
3136553,MG,202512,ok,367227.0,552.0,2026-09-20T18:09:20.208295+00:00
3136579,MG,202512,ok,404400.0,584.0,2026-09-20T18:09:21.832132+00:00
3136603,MG,202512,ok,456351.0,676.0,2026-09-20T18:09:23.446970+00:00
3136652,MG,202512,ok,1857791.0,2741.0,2026-09-20T18:09:26.489011+00:00
3136702,MG,202512,ok,15940149.0,23260.0,2026-09-20T18:09:28.107191+00:00
3136801,MG,202512,ok,370509.0,563.0,2026-09-20T18:09:29.722469+00:00
3136900,MG,202512,ok,284631.0,413.0,2026-09-20T18:09:31.329714+00:00
3136959,MG,202512,ok,651358.0,958.0,2026-09-20T18:09:32.937802+00:00
3137007,MG,202512,ok,1528659.0,2178.0,2026-09-20T18:09:34.548362+00:00
3137106,MG,202512,ok,404358.0,621.0,2026-09-20T18:09:36.153024+00:00
3137205,MG,202512,ok,1682502.0,2565.0,2026-09-20T18:09:37.814303+00:00
3137304,MG,202512,ok,410537.0,608.0,2026-09-20T18:09:39.424202+00:00
3137403,MG,202512,ok,610610.0,870.0,2026-09-20T18:09:41.029407+00:00
3137502,MG,202512,ok,954074.0,1399.0,2026-09-20T18:09:42.639893+00:00
3137536,MG,202512,ok,408587.0,640.0,2026-09-20T18:09:44.265143+00:00
3137601,MG,202512,ok,2341625.0,3499.0,2026-09-20T18:09:45.884583+00:00
3137700,MG,202512,ok,1758472.0,2582.0,2026-09-20T18:09:47.499059+00:00
3137809,MG,202512,ok,1121201.0,1675.0,2026-09-20T18:09:49.106680+00:00
3137908,MG,202512,ok,224455.0,335.0,2026-09-20T18:09:50.722953+00:00
3138005,MG,202512,ok,285465.0,463.0,2026-09-20T18:09:52.393626+00:00
3138104,MG,202512,ok,713860.0,1061.0,2026-09-20T18:09:54.013220+00:00
3138203,MG,202512,ok,2998605.0,4546.0,2026-09-20T18:09:55.625859+00:00
3138302,MG,202512,ok,143086.0,208.0,2026-09-20T18:09:57.237632+00:00
3138351,MG,202512,ok,263892.0,396.0,2026-09-20T18:10:00.344197+00:00
3138401,MG,202512,ok,2022651.0,3026.0,2026-09-20T18:10:01.954346+00:00
3138500,MG,202512,ok,307843.0,463.0,2026-09-20T18:10:03.564712+00:00
3138609,MG,202512,ok,860606.0,1300.0,2026-09-20T18:10:05.171987+00:00
3138625,MG,202512,ok,183859.0,283.0,2026-09-20T18:10:06.807929+00:00
3138658,MG,202512,ok,942237.0,1407.0,2026-09-20T18:10:08.424335+00:00
3138674,MG,202512,ok,485743.0,736.0,2026-09-20T18:10:10.031934+00:00
3138682,MG,202512,ok,758396.0,1087.0,2026-09-20T18:10:11.644640+00:00
3138708,MG,202512,ok,292185.0,444.0,2026-09-20T18:10:13.255923+00:00
3138807,MG,202512,ok,730434.0,1097.0,2026-09-20T18:10:14.869419+00:00
3138906,MG,202512,ok,731908.0,1104.0,2026-09-20T18:10:16.523596+00:00
3139003,MG,202512,ok,1485227.0,2208.0,2026-09-20T18:10:18.141702+00:00
3139102,MG,202512,ok,203394.0,319.0,2026-09-20T18:10:19.765968+00:00
3139201,MG,202512,ok,1133841.0,1690.0,2026-09-20T18:10:21.370980+00:00
3139250,MG,202512,ok,496453.0,793.0,2026-09-20T18:10:22.999366+00:00
3139300,MG,202512,ok,2049172.0,3033.0,2026-09-20T18:10:24.619573+00:00
3139409,MG,202512,ok,2448744.0,3605.0,2026-09-20T18:10:26.230299+00:00
3139508,MG,202512,ok,1565501.0,2324.0,2026-09-20T18:10:27.848999+00:00
3139607,MG,202512,ok,1517354.0,2219.0,2026-09-20T18:10:29.468877+00:00
3139706,MG,202512,ok,589364.0,890.0,2026-09-20T18:10:31.086424+00:00
3139805,MG,202512,ok,407961.0,599.0,2026-09-20T18:10:34.219030+00:00
3139904,MG,202512,ok,890963.0,1300.0,2026-09-20T18:10:35.859079+00:00
3140001,MG,202512,ok,3763044.0,5517.0,2026-09-20T18:10:37.483727+00:00
3140100,MG,202512,ok,435876.0,644.0,2026-09-20T18:10:39.086018+00:00
3140159,MG,202512,ok,700514.0,1065.0,2026-09-20T18:10:40.695323+00:00
3140209,MG,202512,ok,116564.0,161.0,2026-09-20T18:10:42.305008+00:00
3140308,MG,202512,ok,225117.0,334.0,2026-09-20T18:10:43.912472+00:00
3140407,MG,202512,ok,262459.0,383.0,2026-09-20T18:10:45.540308+00:00
3140506,MG,202512,ok,740908.0,1058.0,2026-09-20T18:10:47.149620+00:00
3140530,MG,202512,ok,792866.0,1155.0,2026-09-20T18:10:48.757944+00:00
3140555,MG,202512,ok,1085195.0,1601.0,2026-09-20T18:10:50.377597+00:00
3140605,MG,202512,ok,429627.0,648.0,2026-09-20T18:10:52.023297+00:00
3140704,MG,202512,ok,1425960.0,2123.0,2026-09-20T18:10:53.661371+00:00
3140803,MG,202512,ok,548742.0,798.0,2026-09-20T18:10:55.266639+00:00
3140852,MG,202512,ok,979149.0,1449.0,2026-09-20T18:10:56.870546+00:00
3140902,MG,202512,ok,1848297.0,2716.0,2026-09-20T18:10:58.496433+00:00
3141009,MG,202512,ok,1144466.0,1717.0,2026-09-20T18:11:00.105591+00:00
3141108,MG,202512,ok,1508845.0,2278.0,2026-09-20T18:11:01.724598+00:00
3141207,MG,202512,ok,128027.0,173.0,2026-09-20T18:14:13.535603+00:00
3141306,MG,202512,ok,210090.0,314.0,2026-09-20T18:14:15.152824+00:00
3141405,MG,202512,ok,1556196.0,2310.0,2026-09-20T18:14:16.765475+00:00
3141504,MG,202512,ok,397536.0,605.0,2026-09-20T18:14:18.369848+00:00
3141603,MG,202512,ok,539150.0,816.0,2026-09-20T18:14:19.979502+00:00
3141702,MG,202512,ok,279153.0,425.0,2026-09-20T18:14:21.597855+00:00
3141801,MG,202512,ok,1763758.0,2639.0,2026-09-20T18:14:23.218514+00:00
3141900,MG,202512,ok,186822.0,289.0,2026-09-20T18:14:24.825134+00:00
3142007,MG,202512,ok,1210968.0,1829.0,2026-09-20T18:14:26.432087+00:00
3142106,MG,202512,ok,388476.0,583.0,2026-09-20T18:14:28.051779+00:00
3142205,MG,202512,ok,538597.0,799.0,2026-09-20T18:14:31.207805+00:00
3142254,MG,202512,ok,407408.0,577.0,2026-09-20T18:14:32.827568+00:00
3142304,MG,202512,ok,230696.0,359.0,2026-09-20T18:14:34.434869+00:00
3142403,MG,202512,ok,385904.0,546.0,2026-09-20T18:14:36.049305+00:00
3142502,MG,202512,ok,109637.0,170.0,2026-09-20T18:14:37.655214+00:00
3142601,MG,202512,ok,300326.0,479.0,2026-09-20T18:14:39.265932+00:00
3142700,MG,202512,ok,1328043.0,1972.0,2026-09-20T18:14:40.907120+00:00
3142809,MG,202512,ok,1065354.0,1570.0,2026-09-20T18:14:42.515139+00:00
3142908,MG,202512,ok,1797661.0,2681.0,2026-09-20T18:14:44.125482+00:00
3143005,MG,202512,ok,511749.0,757.0,2026-09-20T18:14:45.737773+00:00
3143104,MG,202512,ok,777242.0,1123.0,2026-09-20T18:14:47.357810+00:00
3143153,MG,202512,ok,403724.0,588.0,2026-09-20T18:14:48.977040+00:00
3143203,MG,202512,ok,790353.0,1194.0,2026-09-20T18:14:50.585192+00:00
3143302,MG,202512,ok,17383768.0,25675.0,2026-09-20T18:14:52.191679+00:00
3143401,MG,202512,ok,870160.0,1267.0,2026-09-20T18:14:53.811982+00:00
3143450,MG,202512,ok,680011.0,1013.0,2026-09-20T18:14:55.458388+00:00
3143500,MG,202512,ok,175539.0,259.0,2026-09-20T18:14:57.077239+00:00
3143609,MG,202512,ok,131713.0,200.0,2026-09-20T18:14:58.667249+00:00
3143708,MG,202512,ok,278519.0,412.0,2026-09-20T18:15:00.277768+00:00
3143807,MG,202512,ok,433397.0,619.0,2026-09-20T18:15:01.897190+00:00
3143906,MG,202512,ok,3841614.0,5779.0,2026-09-20T18:15:05.049391+00:00
3144003,MG,202512,ok,1351833.0,1960.0,2026-09-20T18:15:06.666369+00:00
3144102,MG,202512,ok,645632.0,945.0,2026-09-20T18:15:08.273779+00:00
3144201,MG,202512,ok,181652.0,272.0,2026-09-20T18:15:09.884094+00:00
3144300,MG,202512,ok,1802803.0,2671.0,2026-09-20T18:15:11.511098+00:00
3144359,MG,202512,ok,560151.0,819.0,2026-09-20T18:15:13.125331+00:00
3144375,MG,202512,ok,347596.0,505.0,2026-09-20T18:15:14.760723+00:00
3144409,MG,202512,ok,158846.0,255.0,2026-09-20T18:15:16.369546+00:00
3144508,MG,202512,ok,437746.0,637.0,2026-09-20T18:15:18.020016+00:00
3144607,MG,202512,ok,1315767.0,1934.0,2026-09-20T18:15:19.635510+00:00
3144656,MG,202512,ok,1015696.0,1545.0,2026-09-20T18:15:21.251580+00:00
3144672,MG,202512,ok,361292.0,561.0,2026-09-20T18:15:22.852125+00:00
3144706,MG,202512,ok,649944.0,999.0,2026-09-20T18:15:24.460713+00:00
3144805,MG,202512,ok,2584220.0,3900.0,2026-09-20T18:15:26.092934+00:00
3144904,MG,202512,ok,318648.0,478.0,2026-09-20T18:15:27.707009+00:00
3145000,MG,202512,ok,552631.0,786.0,2026-09-20T18:15:29.327129+00:00
3145059,MG,202512,ok,829391.0,1233.0,2026-09-20T18:15:30.935680+00:00
3145109,MG,202512,ok,732336.0,1038.0,2026-09-20T18:15:32.545840+00:00
3145208,MG,202512,ok,2470553.0,3571.0,2026-09-20T18:15:34.150007+00:00
3145307,MG,202512,ok,2303773.0,3327.0,2026-09-20T18:15:35.770206+00:00
3145356,MG,202512,ok,1067938.0,1572.0,2026-09-20T18:15:38.938616+00:00
3145372,MG,202512,ok,455018.0,680.0,2026-09-20T18:15:40.543172+00:00
3145406,MG,202512,ok,108366.0,171.0,2026-09-20T18:15:42.148013+00:00
3145455,MG,202512,ok,651426.0,965.0,2026-09-20T18:15:43.748055+00:00
3145505,MG,202512,ok,172456.0,266.0,2026-09-20T18:15:45.361262+00:00
3145604,MG,202512,ok,1538045.0,2343.0,2026-09-20T18:15:46.983240+00:00
3145703,MG,202512,ok,112771.0,164.0,2026-09-20T18:15:48.595248+00:00
3145802,MG,202512,ok,135868.0,207.0,2026-09-20T18:15:50.200286+00:00
3145851,MG,202512,ok,199056.0,303.0,2026-09-20T18:15:51.809456+00:00
3145877,MG,202512,ok,836685.0,1216.0,2026-09-20T18:15:53.421371+00:00
3145901,MG,202512,ok,1165651.0,1805.0,2026-09-20T18:15:55.043469+00:00
3146008,MG,202512,ok,502588.0,699.0,2026-09-20T18:15:56.698969+00:00
3146107,MG,202512,ok,2676635.0,4032.0,2026-09-20T18:15:58.340099+00:00
3146206,MG,202512,ok,990835.0,1466.0,2026-09-20T18:15:59.945156+00:00
3146255,MG,202512,ok,654368.0,967.0,2026-09-20T18:16:01.554480+00:00
3146305,MG,202512,ok,1548147.0,2280.0,2026-09-20T18:16:03.147078+00:00
3146404,MG,202512,ok,261757.0,395.0,2026-09-20T18:16:04.755556+00:00
3146503,MG,202512,ok,174564.0,259.0,2026-09-20T18:16:06.366642+00:00
3146552,MG,202512,ok,466730.0,703.0,2026-09-20T18:16:07.977461+00:00
3146602,MG,202512,ok,103230.0,155.0,2026-09-20T18:16:09.586968+00:00
3146701,MG,202512,ok,449998.0,677.0,2026-09-20T18:16:12.859746+00:00
3146750,MG,202512,ok,665191.0,1011.0,2026-09-20T18:16:14.497552+00:00
3146909,MG,202512,ok,799044.0,1153.0,2026-09-20T18:16:16.145254+00:00
3147006,MG,202512,ok,3772899.0,5548.0,2026-09-20T18:16:17.752034+00:00
3147105,MG,202512,ok,2328020.0,3362.0,2026-09-20T18:16:19.374670+00:00
3147204,MG,202512,ok,394541.0,597.0,2026-09-20T18:16:20.991319+00:00
3147303,MG,202512,ok,618379.0,921.0,2026-09-20T18:16:22.602978+00:00
3147402,MG,202512,ok,1163407.0,1741.0,2026-09-20T18:16:24.214283+00:00
3147501,MG,202512,ok,99470.0,145.0,2026-09-20T18:16:25.822350+00:00
3147600,MG,202512,ok,379616.0,570.0,2026-09-20T18:16:27.438950+00:00
3147709,MG,202512,ok,165211.0,253.0,2026-09-20T18:16:29.059350+00:00
3147808,MG,202512,ok,142268.0,203.0,2026-09-20T18:16:32.043384+00:00
3147907,MG,202512,ok,3904431.0,5573.0,2026-09-20T18:16:35.004417+00:00
3147956,MG,202512,ok,565364.0,854.0,2026-09-20T18:37:36.210669+00:00
3148004,MG,202512,ok,3550862.0,5281.0,2026-09-20T18:37:36.852730+00:00
3148103,MG,202512,ok,3401094.0,5108.0,2026-09-20T18:37:37.472107+00:00
3148202,MG,202512,ok,311782.0,467.0,2026-09-20T18:37:38.095164+00:00
3148301,MG,202512,ok,626211.0,960.0,2026-09-20T18:37:38.695099+00:00
3148400,MG,202512,ok,349457.0,521.0,2026-09-20T18:37:39.302678+00:00
3148509,MG,202512,ok,1034422.0,1560.0,2026-09-20T18:37:39.908651+00:00
3148608,MG,202512,ok,1365381.0,2004.0,2026-09-20T18:37:40.511448+00:00
3148707,MG,202512,ok,2412196.0,3542.0,2026-09-20T18:37:41.097027+00:00
3148756,MG,202512,ok,903493.0,1305.0,2026-09-20T18:37:41.703126+00:00
3148806,MG,202512,ok,204846.0,323.0,2026-09-20T18:37:42.319666+00:00
3148905,MG,202512,ok,125839.0,190.0,2026-09-20T18:37:42.959488+00:00
3149002,MG,202512,ok,253498.0,377.0,2026-09-20T18:37:43.573196+00:00
3149101,MG,202512,ok,437555.0,662.0,2026-09-20T18:37:44.190377+00:00
3149150,MG,202512,ok,810088.0,1173.0,2026-09-20T18:37:44.800385+00:00
3149200,MG,202512,ok,206368.0,292.0,2026-09-20T18:37:45.428545+00:00
3149309,MG,202512,ok,1804308.0,2784.0,2026-09-20T18:37:46.051293+00:00
3149408,MG,202512,ok,114578.0,180.0,2026-09-20T18:37:46.659353+00:00
3149507,MG,202512,ok,141050.0,213.0,2026-09-20T18:37:47.264961+00:00
3149606,MG,202512,ok,300918.0,446.0,2026-09-20T18:37:47.875137+00:00
3149705,MG,202512,ok,499846.0,703.0,2026-09-20T18:37:48.481985+00:00
3149804,MG,202512,ok,871749.0,1214.0,2026-09-20T18:37:49.083310+00:00
3149903,MG,202512,ok,565416.0,824.0,2026-09-20T18:37:49.701372+00:00
3149952,MG,202512,ok,447594.0,673.0,2026-09-20T18:37:50.344011+00:00
3150000,MG,202512,ok,294403.0,433.0,2026-09-20T18:37:50.958208+00:00
3150109,MG,202512,ok,154252.0,230.0,2026-09-20T18:37:51.578348+00:00
3150158,MG,202512,ok,1016547.0,1484.0,2026-09-20T18:37:52.187084+00:00
3150208,MG,202512,ok,195052.0,281.0,2026-09-20T18:37:52.814849+00:00
3150307,MG,202512,ok,190364.0,277.0,2026-09-20T18:37:53.447266+00:00
3150406,MG,202512,ok,408363.0,621.0,2026-09-20T18:37:54.063596+00:00
3150505,MG,202512,ok,243606.0,386.0,2026-09-20T18:37:56.161491+00:00
3150539,MG,202512,ok,430911.0,643.0,2026-09-20T18:37:56.769459+00:00
3150570,MG,202512,ok,761569.0,1103.0,2026-09-20T18:37:57.389591+00:00
3150604,MG,202512,ok,194583.0,301.0,2026-09-20T18:37:58.007699+00:00
3150703,MG,202512,ok,302578.0,462.0,2026-09-20T18:37:58.624720+00:00
3150802,MG,202512,ok,1076975.0,1629.0,2026-09-20T18:37:59.249073+00:00
3150901,MG,202512,ok,251186.0,383.0,2026-09-20T18:37:59.869999+00:00
3151008,MG,202512,ok,381644.0,579.0,2026-09-20T18:38:00.485965+00:00
3151107,MG,202512,ok,596743.0,872.0,2026-09-20T18:38:01.100593+00:00
3151206,MG,202512,ok,3927420.0,5764.0,2026-09-20T18:38:01.714260+00:00
3151305,MG,202512,ok,532318.0,789.0,2026-09-20T18:38:02.323488+00:00
3151404,MG,202512,ok,1338841.0,1948.0,2026-09-20T18:38:02.937381+00:00
3151503,MG,202512,ok,1246544.0,1829.0,2026-09-20T18:38:03.554753+00:00
3151602,MG,202512,ok,613844.0,881.0,2026-09-20T18:38:04.162506+00:00
3151701,MG,202512,ok,357637.0,551.0,2026-09-20T18:38:04.774787+00:00
3151800,MG,202512,ok,2823028.0,4290.0,2026-09-20T18:38:05.382873+00:00
3151909,MG,202512,ok,765362.0,1146.0,2026-09-20T18:38:06.008324+00:00
3152006,MG,202512,ok,1536640.0,2349.0,2026-09-20T18:38:06.619074+00:00
3152105,MG,202512,ok,1710986.0,2573.0,2026-09-20T18:38:07.217605+00:00
3152131,MG,202512,ok,452463.0,653.0,2026-09-20T18:38:07.822844+00:00
3152170,MG,202512,ok,920787.0,1357.0,2026-09-20T18:38:08.426032+00:00
3152204,MG,202512,ok,2946234.0,4500.0,2026-09-20T18:38:09.028578+00:00
3152303,MG,202512,ok,967820.0,1498.0,2026-09-20T18:38:09.635738+00:00
3152402,MG,202512,ok,884029.0,1285.0,2026-09-20T18:38:10.258126+00:00
3152501,MG,202512,ok,4211398.0,6204.0,2026-09-20T18:38:10.878131+00:00
3152600,MG,202512,ok,209138.0,305.0,2026-09-20T18:38:11.496418+00:00
3152709,MG,202512,ok,258599.0,384.0,2026-09-20T18:38:12.148542+00:00
3152808,MG,202512,ok,922714.0,1347.0,2026-09-20T18:38:12.757429+00:00
3152907,MG,202512,ok,322798.0,461.0,2026-09-20T18:38:13.363919+00:00
3153004,MG,202512,ok,229689.0,334.0,2026-09-20T18:38:13.970805+00:00
3153103,MG,202512,ok,357721.0,548.0,2026-09-20T18:38:14.580442+00:00
3153202,MG,202512,ok,139029.0,205.0,2026-09-20T18:38:15.181609+00:00
3153301,MG,202512,ok,208037.0,297.0,2026-09-20T18:38:15.809655+00:00
3153400,MG,202512,ok,702249.0,1008.0,2026-09-20T18:38:16.439399+00:00
3153509,MG,202512,ok,476879.0,827.0,2026-09-20T18:38:17.065668+00:00
3153608,MG,202512,ok,490198.0,741.0,2026-09-20T18:38:17.688295+00:00
3153707,MG,202512,ok,117051.0,203.0,2026-09-20T18:38:18.304979+00:00
3153806,MG,202512,ok,40790.0,66.0,2026-09-20T18:38:18.919009+00:00
3153905,MG,202512,ok,428920.0,619.0,2026-09-20T18:38:19.535619+00:00
3154002,MG,202512,ok,1243440.0,1861.0,2026-09-20T18:38:20.166306+00:00
3154101,MG,202512,ok,388099.0,605.0,2026-09-20T18:38:20.768964+00:00
3154150,MG,202512,ok,399434.0,572.0,2026-09-20T18:38:21.373308+00:00
3154200,MG,202512,ok,344559.0,539.0,2026-09-20T18:38:21.984662+00:00
3154309,MG,202512,ok,833190.0,1221.0,2026-09-20T18:38:22.591515+00:00
3154408,MG,202512,ok,307520.0,479.0,2026-09-20T18:38:23.220440+00:00
3154457,MG,202512,ok,752492.0,1085.0,2026-09-20T18:38:23.823704+00:00
3154507,MG,202512,ok,797332.0,1151.0,2026-09-20T18:38:24.438171+00:00
3154606,MG,202512,ok,19134741.0,28059.0,2026-09-20T18:38:25.051214+00:00
3154705,MG,202512,ok,147744.0,214.0,2026-09-20T18:38:25.668365+00:00
3154804,MG,202512,ok,489202.0,734.0,2026-09-20T18:38:26.374483+00:00
3154903,MG,202512,ok,569865.0,888.0,2026-09-20T18:38:26.991371+00:00
3155009,MG,202512,ok,132227.0,205.0,2026-09-20T18:38:27.619229+00:00
3155108,MG,202512,ok,523339.0,799.0,2026-09-20T18:38:29.687706+00:00
3155207,MG,202512,ok,404156.0,609.0,2026-09-20T18:38:30.300623+00:00
3155306,MG,202512,ok,342647.0,497.0,2026-09-20T18:38:30.917177+00:00
3155405,MG,202512,ok,357176.0,525.0,2026-09-20T18:38:31.534665+00:00
3155504,MG,202512,ok,456566.0,677.0,2026-09-20T18:38:32.158013+00:00
3155603,MG,202512,ok,3221826.0,4738.0,2026-09-20T18:38:32.811351+00:00
3155702,MG,202512,ok,729793.0,1108.0,2026-09-20T18:38:33.436530+00:00
3155801,MG,202512,ok,774828.0,1176.0,2026-09-20T18:38:34.115201+00:00
3155900,MG,202512,ok,469316.0,726.0,2026-09-20T18:38:34.734209+00:00
3156007,MG,202512,ok,791829.0,1136.0,2026-09-20T18:38:35.343784+00:00
3156106,MG,202512,ok,262916.0,400.0,2026-09-20T18:38:36.000576+00:00
3156205,MG,202512,ok,160171.0,238.0,2026-09-20T18:38:36.689217+00:00
3156304,MG,202512,ok,333556.0,488.0,2026-09-20T18:38:37.294553+00:00
3156403,MG,202512,ok,136784.0,204.0,2026-09-20T18:38:37.907353+00:00
3156452,MG,202512,ok,313807.0,468.0,2026-09-20T18:38:38.549803+00:00
3156502,MG,202512,ok,685926.0,1028.0,2026-09-20T18:38:39.159289+00:00
3156601,MG,202512,ok,616351.0,976.0,2026-09-20T18:38:39.764156+00:00
3156700,MG,202512,ok,5076022.0,7575.0,2026-09-20T18:38:41.374902+00:00
3156809,MG,202512,ok,1013523.0,1496.0,2026-09-20T18:38:41.980637+00:00
3156908,MG,202512,ok,796575.0,1164.0,2026-09-20T18:38:42.584320+00:00
3157005,MG,202512,ok,2800415.0,4217.0,2026-09-20T18:38:43.192751+00:00
3157104,MG,202512,ok,461562.0,708.0,2026-09-20T18:38:43.802021+00:00
3157203,MG,202512,ok,1589432.0,2346.0,2026-09-20T18:38:44.417639+00:00
3157252,MG,202512,ok,901917.0,1352.0,2026-09-20T18:38:45.033274+00:00
3157278,MG,202512,ok,193426.0,285.0,2026-09-20T18:38:45.640364+00:00
3157302,MG,202512,ok,191055.0,302.0,2026-09-20T18:38:46.248324+00:00
3157336,MG,202512,ok,443288.0,647.0,2026-09-20T18:38:46.858657+00:00
3157377,MG,202512,ok,382065.0,551.0,2026-09-20T18:38:47.466107+00:00
3157401,MG,202512,ok,331826.0,469.0,2026-09-20T18:38:48.070053+00:00
3157500,MG,202512,ok,398131.0,603.0,2026-09-20T18:38:48.677859+00:00
3157609,MG,202512,ok,344668.0,525.0,2026-09-20T18:38:49.287892+00:00
3157658,MG,202512,ok,960374.0,1405.0,2026-09-20T18:38:49.891640+00:00
3157708,MG,202512,ok,537690.0,724.0,2026-09-20T18:38:50.548836+00:00
3157807,MG,202512,ok,10810021.0,16064.0,2026-09-20T18:38:51.168423+00:00
3157906,MG,202512,ok,1448007.0,2110.0,2026-09-20T18:38:51.783619+00:00
3158003,MG,202512,ok,490655.0,709.0,2026-09-20T18:38:52.404147+00:00
3158102,MG,202512,ok,539741.0,818.0,2026-09-20T18:38:53.020602+00:00
3158201,MG,202512,ok,1071550.0,1580.0,2026-09-20T18:38:53.624933+00:00
3158300,MG,202512,ok,244002.0,379.0,2026-09-20T18:38:54.232833+00:00
3158409,MG,202512,ok,207960.0,307.0,2026-09-20T18:38:54.842414+00:00
3158508,MG,202512,ok,452510.0,678.0,2026-09-20T18:38:55.447983+00:00
3158607,MG,202512,ok,135125.0,207.0,2026-09-20T18:38:56.055607+00:00
3158706,MG,202512,ok,199229.0,305.0,2026-09-20T18:38:56.663048+00:00
3158805,MG,202512,ok,240905.0,399.0,2026-09-20T18:38:57.282479+00:00
3158904,MG,202512,ok,700811.0,960.0,2026-09-20T18:38:57.893103+00:00
3158953,MG,202512,ok,1600136.0,2362.0,2026-09-20T18:38:58.512915+00:00
3159001,MG,202512,ok,370549.0,548.0,2026-09-20T18:38:59.134164+00:00
3159100,MG,202512,ok,315895.0,468.0,2026-09-20T18:38:59.744117+00:00
3159209,MG,202512,ok,236618.0,373.0,2026-09-20T18:39:00.361327+00:00
3159308,MG,202512,ok,294542.0,439.0,2026-09-20T18:39:00.948995+00:00
3159357,MG,202512,ok,482002.0,697.0,2026-09-20T18:39:01.555852+00:00
3159407,MG,202512,ok,168671.0,246.0,2026-09-20T18:39:03.644762+00:00
3159506,MG,202512,ok,596083.0,861.0,2026-09-20T18:39:04.250186+00:00
3159605,MG,202512,ok,935765.0,1414.0,2026-09-20T18:39:04.865428+00:00
3159704,MG,202512,ok,188004.0,277.0,2026-09-20T18:39:05.482842+00:00
3159803,MG,202512,ok,859851.0,1298.0,2026-09-20T18:39:06.096627+00:00
3159902,MG,202512,ok,889969.0,1422.0,2026-09-20T18:39:06.739335+00:00
3160009,MG,202512,ok,203316.0,307.0,2026-09-20T18:39:07.353667+00:00
3160108,MG,202512,ok,174894.0,261.0,2026-09-20T18:39:07.969225+00:00
3160207,MG,202512,ok,363724.0,541.0,2026-09-20T18:39:08.584359+00:00
3160306,MG,202512,ok,957056.0,1453.0,2026-09-20T18:39:09.201314+00:00
3160405,MG,202512,ok,531559.0,862.0,2026-09-20T18:39:09.831059+00:00
3160454,MG,202512,ok,1074171.0,1593.0,2026-09-20T18:39:10.448705+00:00
3160504,MG,202512,ok,141066.0,214.0,2026-09-20T18:39:11.054325+00:00
3160603,MG,202512,ok,233346.0,334.0,2026-09-20T18:39:11.663175+00:00
3160702,MG,202512,ok,1800484.0,2668.0,2026-09-20T18:39:12.268764+00:00
3160801,MG,202512,ok,350815.0,524.0,2026-09-20T18:39:12.876526+00:00
3160900,MG,202512,ok,127280.0,193.0,2026-09-20T18:39:13.488206+00:00
3160959,MG,202512,ok,400585.0,602.0,2026-09-20T18:39:14.093900+00:00
3161007,MG,202512,ok,656590.0,1016.0,2026-09-20T18:39:14.706252+00:00
3161056,MG,202512,ok,282213.0,422.0,2026-09-20T18:39:15.312676+00:00
3161106,MG,202512,ok,5669711.0,8133.0,2026-09-20T18:39:15.925701+00:00
3161205,MG,202512,ok,235514.0,363.0,2026-09-20T18:39:16.534199+00:00
3161304,MG,202512,ok,295955.0,449.0,2026-09-20T18:39:17.141249+00:00
3161403,MG,202512,ok,195365.0,295.0,2026-09-20T18:39:17.743221+00:00
3161502,MG,202512,ok,486509.0,752.0,2026-09-20T18:39:18.361546+00:00
3161601,MG,202512,ok,338278.0,521.0,2026-09-20T18:39:18.970803+00:00
3161650,MG,202512,ok,282015.0,413.0,2026-09-20T18:39:19.572510+00:00
3161700,MG,202512,ok,476241.0,704.0,2026-09-20T18:39:20.176055+00:00
3161809,MG,202512,ok,300650.0,472.0,2026-09-20T18:39:20.811433+00:00
3161908,MG,202512,ok,472335.0,696.0,2026-09-20T18:39:21.420621+00:00
3162005,MG,202512,ok,1478811.0,2127.0,2026-09-20T18:39:22.027019+00:00
3162104,MG,202512,ok,1433251.0,2087.0,2026-09-20T18:39:22.635432+00:00
3162203,MG,202512,ok,158621.0,221.0,2026-09-20T18:39:23.255075+00:00
3162252,MG,202512,ok,562903.0,843.0,2026-09-20T18:39:23.868196+00:00
3162302,MG,202512,ok,229697.0,321.0,2026-09-20T18:39:24.483516+00:00
3162401,MG,202512,ok,2421554.0,3632.0,2026-09-20T18:39:25.094280+00:00
3162450,MG,202512,ok,1506165.0,2204.0,2026-09-20T18:39:25.721254+00:00
3162500,MG,202512,ok,2737112.0,4164.0,2026-09-20T18:39:26.336925+00:00
3162559,MG,202512,ok,1197734.0,1744.0,2026-09-20T18:39:26.946956+00:00
3162575,MG,202512,ok,520474.0,785.0,2026-09-20T18:39:27.558011+00:00
3162609,MG,202512,ok,655986.0,1022.0,2026-09-20T18:39:28.169069+00:00
3162658,MG,202512,ok,384606.0,575.0,2026-09-20T18:39:28.777782+00:00
3162708,MG,202512,ok,1570378.0,2374.0,2026-09-20T18:39:29.387767+00:00
3162807,MG,202512,ok,1021638.0,1496.0,2026-09-20T18:39:29.994827+00:00
3162906,MG,202512,ok,1074278.0,1616.0,2026-09-20T18:39:30.637173+00:00
3162922,MG,202512,ok,2512488.0,3634.0,2026-09-20T18:39:31.260377+00:00
3162948,MG,202512,ok,311561.0,456.0,2026-09-20T18:39:31.873980+00:00
3162955,MG,202512,ok,1259607.0,1829.0,2026-09-20T18:39:32.497067+00:00
3163003,MG,202512,ok,432133.0,613.0,2026-09-20T18:39:33.108698+00:00
3163102,MG,202512,ok,203405.0,281.0,2026-09-20T18:39:33.765544+00:00
3163201,MG,202512,ok,177021.0,258.0,2026-09-20T18:39:34.381835+00:00
3163300,MG,202512,ok,346786.0,528.0,2026-09-20T18:39:35.043537+00:00
3163409,MG,202512,ok,350070.0,527.0,2026-09-20T18:39:37.171408+00:00
3163508,MG,202512,ok,590789.0,866.0,2026-09-20T18:39:37.777249+00:00
3163607,MG,202512,ok,252248.0,361.0,2026-09-20T18:39:38.384671+00:00
3163706,MG,202512,ok,1707592.0,2703.0,2026-09-20T18:39:39.003559+00:00
3163805,MG,202512,ok,537479.0,820.0,2026-09-20T18:39:39.615671+00:00
3163904,MG,202512,ok,241683.0,343.0,2026-09-20T18:39:40.227159+00:00
3164001,MG,202512,ok,257157.0,359.0,2026-09-20T18:39:40.851850+00:00
3164100,MG,202512,ok,525650.0,787.0,2026-09-20T18:39:41.469101+00:00
3164209,MG,202512,ok,878068.0,1270.0,2026-09-20T18:39:42.088612+00:00
3164308,MG,202512,ok,278498.0,417.0,2026-09-20T18:39:42.705336+00:00
3164407,MG,202512,ok,155501.0,226.0,2026-09-20T18:39:43.321551+00:00
3164431,MG,202512,ok,144474.0,219.0,2026-09-20T18:39:43.932023+00:00
3164472,MG,202512,ok,943575.0,1396.0,2026-09-20T18:39:44.539677+00:00
3164506,MG,202512,ok,733857.0,1090.0,2026-09-20T18:39:45.146854+00:00
3164605,MG,202512,ok,426838.0,615.0,2026-09-20T18:39:45.800592+00:00
3164704,MG,202512,ok,2001578.0,2923.0,2026-09-20T18:40:50.795449+00:00
3164803,MG,202512,ok,80925.0,129.0,2026-09-20T18:40:51.407338+00:00
3164902,MG,202512,ok,84165.0,124.0,2026-09-20T18:40:52.030740+00:00
3165008,MG,202512,ok,405532.0,618.0,2026-09-20T18:40:52.631396+00:00
3165107,MG,202512,ok,257264.0,383.0,2026-09-20T18:40:53.248865+00:00
3165206,MG,202512,ok,226096.0,351.0,2026-09-20T18:40:53.862585+00:00
3165305,MG,202512,ok,415638.0,627.0,2026-09-20T18:40:54.465603+00:00
3165404,MG,202512,ok,339256.0,513.0,2026-09-20T18:40:55.074419+00:00
3165503,MG,202512,ok,684891.0,1033.0,2026-09-20T18:40:55.700492+00:00
3165537,MG,202512,ok,1431772.0,2093.0,2026-09-20T18:40:56.311745+00:00
3165552,MG,202512,ok,1262311.0,1761.0,2026-09-20T18:40:56.926709+00:00
3165560,MG,202512,ok,185551.0,279.0,2026-09-20T18:40:57.537936+00:00
3165578,MG,202512,ok,670528.0,948.0,2026-09-20T18:40:58.145991+00:00
3165602,MG,202512,ok,91135.0,132.0,2026-09-20T18:40:58.752399+00:00
3165701,MG,202512,ok,426040.0,638.0,2026-09-20T18:40:59.357549+00:00
3165800,MG,202512,ok,41120.0,67.0,2026-09-20T18:40:59.967249+00:00
3165909,MG,202512,ok,370559.0,548.0,2026-09-20T18:41:00.576541+00:00
3166006,MG,202512,ok,425167.0,643.0,2026-09-20T18:41:01.201540+00:00
3166105,MG,202512,ok,240728.0,344.0,2026-09-20T18:41:01.809708+00:00
3166204,MG,202512,ok,833734.0,1264.0,2026-09-20T18:41:02.419751+00:00
3166303,MG,202512,ok,670890.0,962.0,2026-09-20T18:41:03.027983+00:00
3166402,MG,202512,ok,64416.0,94.0,2026-09-20T18:41:03.638111+00:00
3166501,MG,202512,ok,411342.0,589.0,2026-09-20T18:41:04.246350+00:00
3166600,MG,202512,ok,21900.0,31.0,2026-09-20T18:41:04.856792+00:00
3166709,MG,202512,ok,490756.0,734.0,2026-09-20T18:41:05.460538+00:00
3166808,MG,202512,ok,787602.0,1126.0,2026-09-20T18:41:06.070511+00:00
3166907,MG,202512,ok,236105.0,342.0,2026-09-20T18:41:06.681448+00:00
3166956,MG,202512,ok,401571.0,593.0,2026-09-20T18:41:07.309796+00:00
3167004,MG,202512,ok,197205.0,289.0,2026-09-20T18:41:07.921593+00:00
3167103,MG,202512,ok,1276116.0,1869.0,2026-09-20T18:41:08.532889+00:00
3167202,MG,202512,ok,8139014.0,11886.0,2026-09-20T18:41:09.145227+00:00
3167301,MG,202512,ok,141668.0,213.0,2026-09-20T18:41:09.757638+00:00
3167400,MG,202512,ok,359443.0,529.0,2026-09-20T18:41:10.398562+00:00
3167509,MG,202512,ok,132202.0,196.0,2026-09-20T18:41:11.015710+00:00
3167608,MG,202512,ok,1756121.0,2484.0,2026-09-20T18:41:11.628582+00:00
3167707,MG,202512,ok,496372.0,742.0,2026-09-20T18:41:12.242145+00:00
3167806,MG,202512,ok,137594.0,237.0,2026-09-20T18:41:12.847786+00:00
3167905,MG,202512,ok,168303.0,253.0,2026-09-20T18:41:13.462601+00:00
3168002,MG,202512,ok,2307352.0,3512.0,2026-09-20T18:41:14.079455+00:00
3168051,MG,202512,ok,411872.0,630.0,2026-09-20T18:41:14.702786+00:00
3168101,MG,202512,ok,290111.0,419.0,2026-09-20T18:41:15.321958+00:00
3168200,MG,202512,ok,97939.0,147.0,2026-09-20T18:41:15.940040+00:00
3168309,MG,202512,ok,313513.0,461.0,2026-09-20T18:41:16.553036+00:00
3168408,MG,202512,ok,1072675.0,1597.0,2026-09-20T18:41:17.157925+00:00
3168507,MG,202512,ok,691002.0,1050.0,2026-09-20T18:41:19.559365+00:00
3168606,MG,202512,ok,7169548.0,10612.0,2026-09-20T18:41:20.168100+00:00
3168705,MG,202512,ok,2387435.0,3591.0,2026-09-20T18:41:20.781252+00:00
3168804,MG,202512,ok,412382.0,615.0,2026-09-20T18:41:21.394455+00:00
3168903,MG,202512,ok,368788.0,540.0,2026-09-20T18:41:22.002966+00:00
3169000,MG,202512,ok,834422.0,1236.0,2026-09-20T18:41:22.620005+00:00
3169059,MG,202512,ok,192845.0,286.0,2026-09-20T18:41:23.263006+00:00
3169109,MG,202512,ok,321441.0,456.0,2026-09-20T18:41:23.874855+00:00
3169208,MG,202512,ok,655430.0,996.0,2026-09-20T18:41:24.489207+00:00
3169307,MG,202512,ok,2199156.0,3357.0,2026-09-20T18:41:25.107312+00:00
3169356,MG,202512,ok,1491460.0,2197.0,2026-09-20T18:41:25.730608+00:00
3169406,MG,202512,ok,2148318.0,3139.0,2026-09-20T18:41:26.337665+00:00
3169505,MG,202512,ok,627315.0,956.0,2026-09-20T18:41:26.943001+00:00
3169604,MG,202512,ok,1784307.0,2622.0,2026-09-20T18:41:27.551530+00:00
3169703,MG,202512,ok,1420600.0,2141.0,2026-09-20T18:41:28.161470+00:00
3169802,MG,202512,ok,339347.0,501.0,2026-09-20T18:41:28.765011+00:00
3169901,MG,202512,ok,3281522.0,4894.0,2026-09-20T18:41:29.366785+00:00
3170008,MG,202512,ok,1436120.0,2092.0,2026-09-20T18:41:29.978205+00:00
3170057,MG,202512,ok,876569.0,1274.0,2026-09-20T18:41:30.591086+00:00
3170107,MG,202512,ok,10400767.0,14763.0,2026-09-20T18:41:31.198211+00:00
3170206,MG,202512,ok,19299151.0,28531.0,2026-09-20T18:41:31.809232+00:00
3170305,MG,202512,ok,228421.0,337.0,2026-09-20T18:41:32.412546+00:00
3170404,MG,202512,ok,2408793.0,3555.0,2026-09-20T18:41:33.020648+00:00
3170438,MG,202512,ok,219197.0,331.0,2026-09-20T18:41:33.641122+00:00
3170479,MG,202512,ok,252101.0,402.0,2026-09-20T18:41:34.232635+00:00
3170503,MG,202512,ok,261095.0,393.0,2026-09-20T18:41:34.844380+00:00
3170529,MG,202512,ok,895670.0,1316.0,2026-09-20T18:41:35.452210+00:00
3170578,MG,202512,ok,709150.0,1065.0,2026-09-20T18:41:36.046214+00:00
3170602,MG,202512,ok,106117.0,157.0,2026-09-20T18:41:36.653806+00:00
3170651,MG,202512,ok,472964.0,692.0,2026-09-20T18:41:37.269377+00:00
3170701,MG,202512,ok,2504417.0,3702.0,2026-09-20T18:41:37.904519+00:00
3170750,MG,202512,ok,404343.0,596.0,2026-09-20T18:41:38.515800+00:00
3170800,MG,202512,ok,2114875.0,3127.0,2026-09-20T18:41:39.119250+00:00
3170909,MG,202512,ok,2313348.0,3375.0,2026-09-20T18:41:39.804645+00:00
3171006,MG,202512,ok,628386.0,946.0,2026-09-20T18:41:40.418831+00:00
3171030,MG,202512,ok,990587.0,1455.0,2026-09-20T18:41:41.032423+00:00
3171071,MG,202512,ok,476809.0,734.0,2026-09-20T18:41:41.656799+00:00
3171105,MG,202512,ok,175470.0,262.0,2026-09-20T18:41:42.270770+00:00
3171154,MG,202512,ok,413707.0,620.0,2026-09-20T18:41:42.879732+00:00
3171204,MG,202512,ok,7045463.0,10388.0,2026-09-20T18:41:43.512369+00:00
3171303,MG,202512,ok,2476060.0,3775.0,2026-09-20T18:41:44.278267+00:00
3171402,MG,202512,ok,283806.0,429.0,2026-09-20T18:41:44.887454+00:00
3171501,MG,202512,ok,382866.0,570.0,2026-09-20T18:41:45.498818+00:00
3171600,MG,202512,ok,923959.0,1368.0,2026-09-20T18:41:46.109898+00:00
3171709,MG,202512,ok,602398.0,934.0,2026-09-20T18:41:46.724609+00:00
3171808,MG,202512,ok,260677.0,407.0,2026-09-20T18:41:47.339050+00:00
3171907,MG,202512,ok,350086.0,520.0,2026-09-20T18:41:47.953901+00:00
3172004,MG,202512,ok,1407604.0,2099.0,2026-09-20T18:41:48.566156+00:00
3172103,MG,202512,ok,358459.0,540.0,2026-09-20T18:41:49.222243+00:00
3172202,MG,202512,ok,142055.0,216.0,2026-09-20T18:41:49.854808+00:00
3200102,ES,202512,ok,1314200.0,2100.0,2026-09-20T18:41:50.469638+00:00
3200136,ES,202512,ok,582088.0,855.0,2026-09-20T18:41:51.083256+00:00
3200169,ES,202512,ok,1068655.0,1536.0,2026-09-20T18:41:53.389268+00:00
3200201,ES,202512,ok,1776382.0,2628.0,2026-09-20T18:41:54.004523+00:00
3200300,ES,202512,ok,433868.0,667.0,2026-09-20T18:41:54.619643+00:00
3200359,ES,202512,ok,729044.0,1053.0,2026-09-20T18:41:55.246656+00:00
3200409,ES,202512,ok,1699056.0,2520.0,2026-09-20T18:41:55.861011+00:00
3200508,ES,202512,ok,589152.0,922.0,2026-09-20T18:41:56.474977+00:00
3200607,ES,202512,ok,4554630.0,6714.0,2026-09-20T18:41:57.109568+00:00
3200706,ES,202512,ok,570860.0,854.0,2026-09-20T18:41:57.723481+00:00
3200805,ES,202512,ok,1575839.0,2270.0,2026-09-20T18:41:58.369077+00:00
3200904,ES,202512,ok,2141993.0,3173.0,2026-09-20T18:41:58.988998+00:00
3201001,ES,202512,ok,1191628.0,1762.0,2026-09-20T18:41:59.608786+00:00
3201100,ES,202512,ok,728158.0,1091.0,2026-09-20T18:42:00.212577+00:00
3201159,ES,202512,ok,642889.0,988.0,2026-09-20T18:42:00.819216+00:00
3201209,ES,202512,ok,7357158.0,10705.0,2026-09-20T18:42:01.429990+00:00
3201308,ES,202512,ok,22707102.0,32863.0,2026-09-20T18:42:02.034456+00:00
3201407,ES,202512,ok,1070733.0,1622.0,2026-09-20T18:42:02.639016+00:00
3201506,ES,202512,ok,3049545.0,4438.0,2026-09-20T18:42:03.247663+00:00
3201605,ES,202512,ok,2735232.0,4037.0,2026-09-20T18:42:03.859138+00:00
3201704,ES,202512,ok,592399.0,826.0,2026-09-20T18:42:04.481356+00:00
3201803,ES,202512,ok,263478.0,384.0,2026-09-20T18:42:05.088935+00:00
3201902,ES,202512,ok,754279.0,1149.0,2026-09-20T18:42:05.705812+00:00
3202009,ES,202512,ok,383196.0,580.0,2026-09-20T18:42:06.312796+00:00
3202108,ES,202512,ok,1313361.0,2023.0,2026-09-20T18:42:06.933648+00:00
3202207,ES,202512,ok,1086426.0,1575.0,2026-09-20T18:42:07.570670+00:00
3202256,ES,202512,ok,578347.0,797.0,2026-09-20T18:42:08.175068+00:00
3202306,ES,202512,ok,1905014.0,2747.0,2026-09-20T18:42:08.780656+00:00
3202405,ES,202512,ok,4071493.0,5918.0,2026-09-20T18:42:09.429996+00:00
3202454,ES,202512,ok,635499.0,958.0,2026-09-20T18:42:10.034887+00:00
3202504,ES,202512,ok,681441.0,998.0,2026-09-20T18:42:10.648064+00:00
3202553,ES,202512,ok,1150779.0,1657.0,2026-09-20T18:42:11.262535+00:00
3202603,ES,202512,ok,396734.0,613.0,2026-09-20T18:42:11.868280+00:00
3202652,ES,202512,ok,672626.0,971.0,2026-09-20T18:42:12.474667+00:00
3202702,ES,202512,ok,751281.0,1099.0,2026-09-20T18:42:13.088448+00:00
3202801,ES,202512,ok,3868163.0,5723.0,2026-09-20T18:42:13.704447+00:00
3202900,ES,202512,ok,331383.0,516.0,2026-09-20T18:42:14.326826+00:00
3203007,ES,202512,ok,1319040.0,1965.0,2026-09-20T18:42:14.945158+00:00
3203056,ES,202512,ok,2057022.0,3031.0,2026-09-20T18:42:15.560536+00:00
3203106,ES,202512,ok,694069.0,1015.0,2026-09-20T18:42:16.167631+00:00
3203130,ES,202512,ok,469030.0,714.0,2026-09-20T18:42:16.781059+00:00
3203163,ES,202512,ok,514087.0,807.0,2026-09-20T18:42:17.388617+00:00
3203205,ES,202512,ok,3504380.0,5578.0,2026-09-20T18:42:18.019219+00:00
3203304,ES,202512,ok,984897.0,1484.0,2026-09-20T18:42:18.622622+00:00
3203320,ES,202512,ok,3494496.0,5091.0,2026-09-20T18:42:19.231852+00:00
3203346,ES,202512,ok,335336.0,493.0,2026-09-20T18:42:19.849464+00:00
3203353,ES,202512,ok,426097.0,632.0,2026-09-20T18:42:20.469138+00:00
3203403,ES,202512,ok,2003309.0,2979.0,2026-09-20T18:42:21.077042+00:00
3203502,ES,202512,ok,1475234.0,2189.0,2026-09-20T18:42:21.692234+00:00
3203601,ES,202512,ok,407939.0,598.0,2026-09-20T18:42:22.319174+00:00
3203700,ES,202512,ok,1163283.0,1676.0,2026-09-20T18:42:22.937666+00:00
3203809,ES,202512,ok,1057287.0,1557.0,2026-09-20T18:42:23.557477+00:00
3203908,ES,202512,ok,2574188.0,3733.0,2026-09-20T18:42:24.161492+00:00
3204005,ES,202512,ok,1109270.0,1645.0,2026-09-20T18:42:24.765575+00:00
3204054,ES,202512,ok,1823337.0,2656.0,2026-09-20T18:42:26.945407+00:00
3204104,ES,202512,ok,1576815.0,2286.0,2026-09-20T18:42:27.563568+00:00
3204203,ES,202512,ok,1535050.0,2239.0,2026-09-20T18:42:28.177939+00:00
3204252,ES,202512,ok,708422.0,1012.0,2026-09-20T18:42:28.807510+00:00
3204302,ES,202512,ok,1057065.0,1553.0,2026-09-20T18:42:29.416018+00:00
3204351,ES,202512,ok,689220.0,1128.0,2026-09-20T18:42:30.029837+00:00
3204401,ES,202512,ok,426025.0,630.0,2026-09-20T18:42:30.635070+00:00
3204500,ES,202512,ok,804313.0,1187.0,2026-09-20T18:42:31.272075+00:00
3204559,ES,202512,ok,1207116.0,1775.0,2026-09-20T18:42:31.893224+00:00
3204609,ES,202512,ok,621738.0,922.0,2026-09-20T18:42:32.510880+00:00
3204658,ES,202512,ok,603142.0,883.0,2026-09-20T18:42:33.125911+00:00
3204708,ES,202512,ok,1226574.0,1842.0,2026-09-20T18:42:33.736429+00:00
3204807,ES,202512,ok,956958.0,1459.0,2026-09-20T18:42:34.337383+00:00
3204906,ES,202512,ok,7254451.0,10915.0,2026-09-20T18:42:34.937928+00:00
3204955,ES,202512,ok,244889.0,371.0,2026-09-20T18:42:35.548307+00:00
3205002,ES,202512,ok,26296504.0,38020.0,2026-09-20T18:42:36.165013+00:00
3205010,ES,202512,ok,1104230.0,1635.0,2026-09-20T18:42:36.772166+00:00
3205036,ES,202512,ok,627172.0,943.0,2026-09-20T18:42:37.381400+00:00
3205069,ES,202512,ok,697794.0,1144.0,2026-09-20T18:42:38.017721+00:00
3205101,ES,202512,ok,4402555.0,6378.0,2026-09-20T18:42:38.626356+00:00
3205150,ES,202512,ok,581628.0,844.0,2026-09-20T18:42:39.236266+00:00
3205176,ES,202512,ok,1016217.0,1432.0,2026-09-20T18:42:39.860402+00:00
3205200,ES,202512,ok,16735002.0,24262.0,2026-09-20T18:42:40.480134+00:00
3205309,ES,202512,ok,12202399.0,17910.0,2026-09-20T18:42:41.113741+00:00
3300100,RJ,202512,ok,11375724.0,16453.0,2026-09-20T18:42:41.745720+00:00
3300159,RJ,202512,ok,647171.0,982.0,2026-09-20T18:42:42.356111+00:00
3300209,RJ,202512,ok,9485982.0,14033.0,2026-09-20T18:42:42.959296+00:00
3300225,RJ,202512,ok,454106.0,693.0,2026-09-20T18:42:43.564422+00:00
3300233,RJ,202512,ok,1876078.0,2846.0,2026-09-20T18:42:44.169118+00:00
3300258,RJ,202512,ok,1830208.0,2723.0,2026-09-20T18:42:44.780021+00:00
3300308,RJ,202512,ok,4351647.0,6367.0,2026-09-20T18:42:45.388446+00:00
3300407,RJ,202512,ok,8166915.0,12046.0,2026-09-20T18:42:46.006269+00:00
3300456,RJ,202512,ok,46166468.0,68793.0,2026-09-20T18:42:46.622835+00:00
3300506,RJ,202512,ok,1352495.0,1987.0,2026-09-20T18:42:47.244071+00:00
3300605,RJ,202512,ok,1677544.0,2497.0,2026-09-20T18:42:47.864160+00:00
3300704,RJ,202512,ok,11222079.0,16616.0,2026-09-20T18:42:48.510083+00:00
3300803,RJ,202512,ok,3988124.0,6030.0,2026-09-20T18:42:49.147347+00:00
3300902,RJ,202512,ok,1075031.0,1628.0,2026-09-20T18:42:49.761516+00:00
3300936,RJ,202512,ok,1071369.0,1643.0,2026-09-20T18:42:50.390077+00:00
3300951,RJ,202512,ok,410750.0,602.0,2026-09-20T18:42:51.000686+00:00
3301009,RJ,202512,ok,33831563.0,48474.0,2026-09-20T18:42:51.614485+00:00
3301108,RJ,202512,ok,962849.0,1389.0,2026-09-20T18:42:52.253092+00:00
3301157,RJ,202512,ok,913017.0,1369.0,2026-09-20T18:42:52.869558+00:00
3301207,RJ,202512,ok,1087932.0,1640.0,2026-09-20T18:42:53.497454+00:00
3301306,RJ,202512,ok,2047398.0,3011.0,2026-09-20T18:42:54.109216+00:00
3301405,RJ,202512,ok,1815340.0,2676.0,2026-09-20T18:42:54.726358+00:00
3301504,RJ,202512,ok,905945.0,1309.0,2026-09-20T18:42:55.337664+00:00
3301603,RJ,202512,ok,589738.0,871.0,2026-09-20T18:42:55.958693+00:00
3301702,RJ,202512,ok,60833186.0,89008.0,2026-09-20T18:42:56.575998+00:00
3301801,RJ,202512,ok,889428.0,1319.0,2026-09-20T18:42:57.195276+00:00
3301850,RJ,202512,ok,4548291.0,6772.0,2026-09-20T18:42:57.807233+00:00
3301876,RJ,202512,ok,1843479.0,2774.0,2026-09-20T18:42:58.415717+00:00
3301900,RJ,202512,ok,18018435.0,26979.0,2026-09-20T18:44:02.602568+00:00
3302007,RJ,202512,ok,10596676.0,15051.0,2026-09-20T18:44:03.216334+00:00
3302056,RJ,202512,ok,746547.0,1155.0,2026-09-20T18:44:03.833661+00:00
3302106,RJ,202512,ok,1187933.0,1848.0,2026-09-20T18:44:04.450394+00:00
3302205,RJ,202512,ok,4479444.0,6795.0,2026-09-20T18:44:05.081280+00:00
3302254,RJ,202512,ok,1805209.0,2644.0,2026-09-20T18:44:05.697729+00:00
3302270,RJ,202512,ok,10128362.0,14780.0,2026-09-20T18:44:06.312068+00:00
3302304,RJ,202512,ok,559435.0,821.0,2026-09-20T18:44:08.413480+00:00
3302403,RJ,202512,ok,13905604.0,20201.0,2026-09-20T18:44:09.033434+00:00
3302452,RJ,202512,ok,366339.0,561.0,2026-09-20T18:44:09.718701+00:00
3302502,RJ,202512,ok,18849934.0,27756.0,2026-09-20T18:44:10.338816+00:00
3302601,RJ,202512,ok,3164364.0,4609.0,2026-09-20T18:44:10.949144+00:00
3302700,RJ,202512,ok,9971954.0,14827.0,2026-09-20T18:44:11.619067+00:00
3302809,RJ,202512,ok,1148960.0,1703.0,2026-09-20T18:44:12.237019+00:00
3302858,RJ,202512,ok,14406517.0,21392.0,2026-09-20T18:44:12.845698+00:00
3302908,RJ,202512,ok,1851059.0,2778.0,2026-09-20T18:44:13.464926+00:00
3303005,RJ,202512,ok,2222065.0,3273.0,2026-09-20T18:44:14.058267+00:00
3303104,RJ,202512,ok,994624.0,1485.0,2026-09-20T18:44:14.668133+00:00
3303203,RJ,202512,ok,7210782.0,10244.0,2026-09-20T18:44:15.300722+00:00
3303302,RJ,202512,ok,20820099.0,30778.0,2026-09-20T18:44:15.907204+00:00
3303401,RJ,202512,ok,5371335.0,7964.0,2026-09-20T18:44:16.516102+00:00
3303500,RJ,202512,ok,81749341.0,118818.0,2026-09-20T18:44:17.136489+00:00
3303609,RJ,202512,ok,3641256.0,5630.0,2026-09-20T18:44:17.747453+00:00
3303708,RJ,202512,ok,2057448.0,3026.0,2026-09-20T18:44:18.435687+00:00
3303807,RJ,202512,ok,3018235.0,4391.0,2026-09-20T18:44:19.047413+00:00
3303856,RJ,202512,ok,2103178.0,3013.0,2026-09-20T18:44:19.665347+00:00
3303906,RJ,202512,ok,11926542.0,17404.0,2026-09-20T18:44:20.285997+00:00
3303955,RJ,202512,ok,1644205.0,2463.0,2026-09-20T18:44:20.906999+00:00
3304003,RJ,202512,ok,1650372.0,2448.0,2026-09-20T18:44:21.525287+00:00
3304102,RJ,202512,ok,1434571.0,2134.0,2026-09-20T18:44:22.196834+00:00
3304110,RJ,202512,ok,1100337.0,1566.0,2026-09-20T18:44:22.808790+00:00
3304128,RJ,202512,ok,788189.0,1168.0,2026-09-20T18:44:23.418430+00:00
3304144,RJ,202512,ok,12374239.0,18037.0,2026-09-20T18:44:24.034244+00:00
3304151,RJ,202512,ok,1615509.0,2402.0,2026-09-20T18:44:24.651856+00:00
3304201,RJ,202512,ok,4588805.0,6826.0,2026-09-20T18:44:25.273514+00:00
3304300,RJ,202512,ok,4473358.0,6745.0,2026-09-20T18:44:25.879108+00:00
3304409,RJ,202512,ok,1238092.0,1826.0,2026-09-20T18:44:26.487862+00:00
3304508,RJ,202512,ok,637348.0,951.0,2026-09-20T18:44:27.099314+00:00
3304524,RJ,202512,ok,7193651.0,10649.0,2026-09-20T18:44:27.704777+00:00
3304557,RJ,202512,ok,283338594.0,418721.0,2026-09-20T18:44:28.325339+00:00
3304607,RJ,202512,ok,433900.0,643.0,2026-09-20T18:44:28.943840+00:00
3304706,RJ,202512,ok,2145628.0,3151.0,2026-09-20T18:44:29.559205+00:00
3304755,RJ,202512,ok,4535763.0,6675.0,2026-09-20T18:44:30.232566+00:00
3304805,RJ,202512,ok,2527337.0,3825.0,2026-09-20T18:44:30.844116+00:00
3304904,RJ,202512,ok,43882098.0,64829.0,2026-09-20T18:44:31.452857+00:00
3305000,RJ,202512,ok,3772337.0,5583.0,2026-09-20T18:44:32.130787+00:00
3305109,RJ,202512,ok,26520985.0,38013.0,2026-09-20T18:44:32.778958+00:00
3305133,RJ,202512,ok,531412.0,801.0,2026-09-20T18:44:33.479927+00:00
3305158,RJ,202512,ok,843567.0,1276.0,2026-09-20T18:44:34.144880+00:00
3305208,RJ,202512,ok,5458216.0,7976.0,2026-09-20T18:44:34.753199+00:00
3305307,RJ,202512,ok,501436.0,743.0,2026-09-20T18:44:35.365317+00:00
3305406,RJ,202512,ok,1104671.0,1614.0,2026-09-20T18:44:36.043904+00:00
3305505,RJ,202512,ok,5812277.0,8558.0,2026-09-20T18:44:36.666140+00:00
3305554,RJ,202512,ok,9862392.0,14824.0,2026-09-20T18:44:37.289426+00:00
3305604,RJ,202512,ok,1479947.0,2166.0,2026-09-20T18:44:37.912289+00:00
3305703,RJ,202512,ok,1328795.0,2012.0,2026-09-20T18:44:38.516623+00:00
3305752,RJ,202512,ok,2899841.0,4330.0,2026-09-20T18:44:39.132383+00:00
3305802,RJ,202512,ok,8556466.0,12801.0,2026-09-20T18:44:39.745043+00:00
3305901,RJ,202512,ok,563311.0,839.0,2026-09-20T18:44:40.359320+00:00
3306008,RJ,202512,ok,4809604.0,7015.0,2026-09-20T18:44:42.324235+00:00
3306107,RJ,202512,ok,4518479.0,6714.0,2026-09-20T18:44:42.938210+00:00
3306156,RJ,202512,ok,1105831.0,1577.0,2026-09-20T18:44:43.549106+00:00
3306206,RJ,202512,ok,2058023.0,2958.0,2026-09-20T18:44:44.159984+00:00
3306305,RJ,202512,ok,11836438.0,17674.0,2026-09-20T18:44:44.822258+00:00
3500105,SP,202512,ok,463203.0,697.0,2026-09-20T18:44:45.438623+00:00
3500204,SP,202512,ok,108886.0,162.0,2026-09-20T18:44:46.051141+00:00
3500303,SP,202512,ok,1333108.0,1919.0,2026-09-20T18:44:46.662862+00:00
3500402,SP,202512,ok,142633.0,211.0,2026-09-20T18:44:47.280075+00:00
3500501,SP,202512,ok,280290.0,417.0,2026-09-20T18:44:47.931572+00:00
3500550,SP,202512,ok,264249.0,370.0,2026-09-20T18:44:48.559223+00:00
3500600,SP,202512,ok,43402.0,72.0,2026-09-20T18:44:49.176853+00:00
3500709,SP,202512,ok,963413.0,1407.0,2026-09-20T18:44:49.813670+00:00
3500758,SP,202512,ok,147982.0,220.0,2026-09-20T18:44:50.431733+00:00
3500808,SP,202512,ok,159036.0,244.0,2026-09-20T18:44:51.045225+00:00
3500907,SP,202512,ok,113469.0,171.0,2026-09-20T18:44:51.648330+00:00
3501004,SP,202512,ok,720507.0,1061.0,2026-09-20T18:44:52.266832+00:00
3501103,SP,202512,ok,190379.0,281.0,2026-09-20T18:44:52.873276+00:00
3501152,SP,202512,ok,326621.0,467.0,2026-09-20T18:44:53.488684+00:00
3501202,SP,202512,ok,108419.0,171.0,2026-09-20T18:44:54.111788+00:00
3501301,SP,202512,ok,1296694.0,1913.0,2026-09-20T18:44:54.724599+00:00
3501400,SP,202512,ok,194482.0,276.0,2026-09-20T18:44:55.341852+00:00
3501509,SP,202512,ok,133037.0,203.0,2026-09-20T18:44:55.949787+00:00
3501608,SP,202512,ok,3897287.0,5695.0,2026-09-20T18:44:56.556963+00:00
3501707,SP,202512,ok,997523.0,1427.0,2026-09-20T18:44:57.170240+00:00
3501806,SP,202512,ok,181256.0,274.0,2026-09-20T18:44:57.779698+00:00
3501905,SP,202512,ok,1020061.0,1581.0,2026-09-20T18:44:58.393060+00:00
3502002,SP,202512,ok,153496.0,227.0,2026-09-20T18:44:59.015408+00:00
3502101,SP,202512,ok,2242332.0,3277.0,2026-09-20T18:44:59.627042+00:00
3502200,SP,202512,ok,998901.0,1472.0,2026-09-20T18:45:00.235181+00:00
3502309,SP,202512,ok,436387.0,627.0,2026-09-20T18:45:00.847781+00:00
3502408,SP,202512,ok,97626.0,149.0,2026-09-20T18:45:01.453977+00:00
3502507,SP,202512,ok,918637.0,1380.0,2026-09-20T18:45:02.068576+00:00
3502606,SP,202512,ok,123056.0,192.0,2026-09-20T18:45:02.727682+00:00
3502705,SP,202512,ok,1511128.0,2236.0,2026-09-20T18:45:03.368903+00:00
3502754,SP,202512,ok,1290032.0,1887.0,2026-09-20T18:45:03.987544+00:00
3502804,SP,202512,ok,5407648.0,7990.0,2026-09-20T18:45:04.601057+00:00
3502903,SP,202512,ok,882704.0,1338.0,2026-09-20T18:45:05.218913+00:00
3503000,SP,202512,ok,227463.0,327.0,2026-09-20T18:45:05.828545+00:00
3503109,SP,202512,ok,264937.0,385.0,2026-09-20T18:45:06.433996+00:00
3503158,SP,202512,ok,170550.0,246.0,2026-09-20T18:45:07.052467+00:00
3503208,SP,202512,ok,5058261.0,7418.0,2026-09-20T18:45:08.675623+00:00
3503307,SP,202512,ok,3737294.0,5465.0,2026-09-20T18:45:09.289337+00:00
3503356,SP,202512,ok,93144.0,143.0,2026-09-20T18:45:09.898395+00:00
3503406,SP,202512,ok,369597.0,543.0,2026-09-20T18:45:10.510054+00:00
3503505,SP,202512,ok,260939.0,367.0,2026-09-20T18:45:11.146433+00:00
3503604,SP,202512,ok,406516.0,601.0,2026-09-20T18:45:11.757292+00:00
3503703,SP,202512,ok,163223.0,239.0,2026-09-20T18:45:12.372213+00:00
3503802,SP,202512,ok,1410593.0,2048.0,2026-09-20T18:45:12.990422+00:00
3503901,SP,202512,ok,4399663.0,6472.0,2026-09-20T18:45:13.601879+00:00
3503950,SP,202512,ok,51256.0,81.0,2026-09-20T18:45:15.618684+00:00
3504008,SP,202512,ok,2701639.0,4035.0,2026-09-20T18:45:16.224817+00:00
3504107,SP,202512,ok,2580951.0,3741.0,2026-09-20T18:45:16.831750+00:00
3504206,SP,202512,ok,241583.0,381.0,2026-09-20T18:45:17.445268+00:00
3504305,SP,202512,ok,288063.0,415.0,2026-09-20T18:45:18.054051+00:00
3504404,SP,202512,ok,706827.0,1060.0,2026-09-20T18:45:18.679576+00:00
3504503,SP,202512,ok,2719888.0,3868.0,2026-09-20T18:45:19.290145+00:00
3504602,SP,202512,ok,622714.0,898.0,2026-09-20T18:45:19.899000+00:00
3504701,SP,202512,ok,93814.0,139.0,2026-09-20T18:45:20.520775+00:00
3504800,SP,202512,ok,165445.0,272.0,2026-09-20T18:45:21.151729+00:00
3504909,SP,202512,ok,571056.0,842.0,2026-09-20T18:45:21.764160+00:00
3505005,SP,202512,ok,172912.0,254.0,2026-09-20T18:45:22.378297+00:00
3505104,SP,202512,ok,404048.0,599.0,2026-09-20T18:45:22.996682+00:00
3505203,SP,202512,ok,1087807.0,1541.0,2026-09-20T18:45:23.614356+00:00
3505302,SP,202512,ok,951769.0,1370.0,2026-09-20T18:45:24.228119+00:00
3505351,SP,202512,ok,624438.0,947.0,2026-09-20T18:45:24.841040+00:00
3505401,SP,202512,ok,730372.0,1033.0,2026-09-20T18:45:25.453119+00:00
3505500,SP,202512,ok,2642439.0,3900.0,2026-09-20T18:45:26.056307+00:00
3505609,SP,202512,ok,1632057.0,2355.0,2026-09-20T18:45:26.666036+00:00
3505708,SP,202512,ok,9196918.0,13772.0,2026-09-20T18:45:27.273287+00:00
3505807,SP,202512,ok,440924.0,666.0,2026-09-20T18:45:27.886948+00:00
3505906,SP,202512,ok,1780399.0,2532.0,2026-09-20T18:45:28.525173+00:00
3506003,SP,202512,ok,9462255.0,13653.0,2026-09-20T18:45:29.137928+00:00
3506102,SP,202512,ok,2024429.0,2941.0,2026-09-20T18:45:29.754247+00:00
3506201,SP,202512,ok,118189.0,158.0,2026-09-20T18:45:30.368973+00:00
3506300,SP,202512,ok,494307.0,722.0,2026-09-20T18:45:30.972976+00:00
3506359,SP,202512,ok,3693296.0,5320.0,2026-09-20T18:45:31.587810+00:00
3506409,SP,202512,ok,126195.0,193.0,2026-09-20T18:45:32.202167+00:00
3506508,SP,202512,ok,2454936.0,3606.0,2026-09-20T18:45:32.843996+00:00
3506607,SP,202512,ok,1940828.0,2865.0,2026-09-20T18:45:33.454169+00:00
3506706,SP,202512,ok,503677.0,713.0,2026-09-20T18:45:34.064926+00:00
3506805,SP,202512,ok,471650.0,677.0,2026-09-20T18:45:34.672329+00:00
3506904,SP,202512,ok,428481.0,660.0,2026-09-20T18:45:35.278462+00:00
3507001,SP,202512,ok,2092427.0,2974.0,2026-09-20T18:45:35.895226+00:00
3507100,SP,202512,ok,989513.0,1473.0,2026-09-20T18:45:36.519510+00:00
3507159,SP,202512,ok,339727.0,498.0,2026-09-20T18:45:37.136814+00:00
3507209,SP,202512,ok,29972.0,44.0,2026-09-20T18:45:37.750649+00:00
3507308,SP,202512,ok,150290.0,223.0,2026-09-20T18:45:38.378225+00:00
3507407,SP,202512,ok,321711.0,507.0,2026-09-20T18:45:38.992171+00:00
3507456,SP,202512,ok,147577.0,209.0,2026-09-20T18:45:39.607388+00:00
3507506,SP,202512,ok,4141344.0,6233.0,2026-09-20T18:45:40.222843+00:00
3507605,SP,202512,ok,4391546.0,6447.0,2026-09-20T18:45:40.831983+00:00
3507704,SP,202512,ok,321496.0,471.0,2026-09-20T18:45:41.448367+00:00
3507753,SP,202512,ok,152371.0,239.0,2026-09-20T18:45:42.063112+00:00
3507803,SP,202512,ok,666538.0,966.0,2026-09-20T18:45:42.683241+00:00
3507902,SP,202512,ok,356178.0,505.0,2026-09-20T18:45:43.298467+00:00
3508009,SP,202512,ok,2064116.0,2959.0,2026-09-20T18:45:43.910695+00:00
3508108,SP,202512,ok,828768.0,1234.0,2026-09-20T18:45:44.525700+00:00
3508207,SP,202512,ok,194193.0,295.0,2026-09-20T18:45:45.138447+00:00
3508306,SP,202512,ok,210299.0,314.0,2026-09-20T18:45:45.749785+00:00
3508405,SP,202512,ok,1308672.0,1858.0,2026-09-20T18:45:46.361296+00:00
3508504,SP,202512,ok,2508129.0,3629.0,2026-09-20T18:45:46.995979+00:00
3508603,SP,202512,ok,1433378.0,2087.0,2026-09-20T18:45:47.601436+00:00
3508702,SP,202512,ok,634546.0,935.0,2026-09-20T18:45:49.619530+00:00
3508801,SP,202512,ok,743284.0,1089.0,2026-09-20T18:45:50.235873+00:00
3508900,SP,202512,ok,104864.0,157.0,2026-09-20T18:45:50.855074+00:00
3509007,SP,202512,ok,2412839.0,3482.0,2026-09-20T18:45:51.470816+00:00
3509106,SP,202512,ok,294103.0,444.0,2026-09-20T18:45:52.086144+00:00
3509205,SP,202512,ok,3587140.0,5210.0,2026-09-20T18:45:52.704337+00:00
3509254,SP,202512,ok,1683203.0,2436.0,2026-09-20T18:45:53.309726+00:00
3509304,SP,202512,ok,293937.0,447.0,2026-09-20T18:45:53.925294+00:00
3509403,SP,202512,ok,875513.0,1290.0,2026-09-20T18:45:54.536412+00:00
3509452,SP,202512,ok,291547.0,449.0,2026-09-20T18:45:55.150901+00:00
3509502,SP,202512,ok,34320978.0,50328.0,2026-09-20T18:45:55.760529+00:00
3509601,SP,202512,ok,2829309.0,4072.0,2026-09-20T18:45:56.376911+00:00
3509700,SP,202512,ok,815275.0,1205.0,2026-09-20T18:45:56.992524+00:00
3509809,SP,202512,ok,357503.0,500.0,2026-09-20T18:45:57.606334+00:00
3509908,SP,202512,ok,958316.0,1367.0,2026-09-20T18:45:58.221403+00:00
3509957,SP,202512,ok,346812.0,483.0,2026-09-20T18:45:58.839505+00:00
3510005,SP,202512,ok,520212.0,812.0,2026-09-20T18:45:59.451500+00:00
3510104,SP,202512,ok,91174.0,132.0,2026-09-20T18:46:00.066727+00:00
3510153,SP,202512,ok,316336.0,458.0,2026-09-20T18:46:00.678607+00:00
3510203,SP,202512,ok,2304349.0,3474.0,2026-09-20T18:46:01.290205+00:00
3510302,SP,202512,ok,1027149.0,1542.0,2026-09-20T18:46:01.904221+00:00
3510401,SP,202512,ok,1683212.0,2516.0,2026-09-20T18:46:02.516302+00:00
3510500,SP,202512,ok,5443457.0,7827.0,2026-09-20T18:46:03.147793+00:00
3510609,SP,202512,ok,14240832.0,20788.0,2026-09-20T18:46:03.768218+00:00
3510708,SP,202512,ok,207449.0,332.0,2026-09-20T18:46:04.390571+00:00
3510807,SP,202512,ok,824849.0,1248.0,2026-09-20T18:46:05.021901+00:00
3510906,SP,202512,ok,92194.0,144.0,2026-09-20T18:46:05.628948+00:00
3511003,SP,202512,ok,843765.0,1243.0,2026-09-20T18:46:06.239016+00:00
3511102,SP,202512,ok,1655568.0,2399.0,2026-09-20T18:46:06.855413+00:00
3511201,SP,202512,ok,139161.0,216.0,2026-09-20T18:46:07.468933+00:00
3511300,SP,202512,ok,127903.0,195.0,2026-09-20T18:46:08.111914+00:00
3511409,SP,202512,ok,473432.0,733.0,2026-09-20T18:46:08.723664+00:00
3511508,SP,202512,ok,230908.0,427.0,2026-09-20T18:46:09.333134+00:00
3511607,SP,202512,ok,325438.0,497.0,2026-09-20T18:46:09.975224+00:00
3511706,SP,202512,ok,551285.0,793.0,2026-09-20T18:46:10.593500+00:00
3511904,SP,202512,ok,243200.0,360.0,2026-09-20T18:46:11.206344+00:00
3512001,SP,202512,ok,300611.0,453.0,2026-09-20T18:46:11.820631+00:00
3512100,SP,202512,ok,354064.0,519.0,2026-09-20T18:46:12.490459+00:00
3512209,SP,202512,ok,1224507.0,1780.0,2026-09-20T18:47:16.461862+00:00
3512308,SP,202512,ok,659927.0,966.0,2026-09-20T18:47:17.076973+00:00
3512407,SP,202512,ok,212970.0,353.0,2026-09-20T18:47:17.685386+00:00
3512506,SP,202512,ok,205512.0,319.0,2026-09-20T18:47:18.302863+00:00
3512605,SP,202512,ok,234838.0,360.0,2026-09-20T18:47:18.919912+00:00
3512704,SP,202512,ok,114465.0,163.0,2026-09-20T18:47:19.526358+00:00
3512803,SP,202512,ok,985665.0,1476.0,2026-09-20T18:47:20.144378+00:00
3512902,SP,202512,ok,396323.0,574.0,2026-09-20T18:47:20.762392+00:00
3513009,SP,202512,ok,6293472.0,9040.0,2026-09-20T18:47:21.410746+00:00
3513108,SP,202512,ok,1141541.0,1620.0,2026-09-20T18:47:22.026448+00:00
3513207,SP,202512,ok,156372.0,241.0,2026-09-20T18:47:22.634077+00:00
3513306,SP,202512,ok,68134.0,103.0,2026-09-20T18:47:23.308500+00:00
3513405,SP,202512,ok,2877651.0,4278.0,2026-09-20T18:47:23.920298+00:00
3513504,SP,202512,ok,4815612.0,6979.0,2026-09-20T18:47:24.526563+00:00
3513603,SP,202512,ok,1167660.0,1838.0,2026-09-20T18:47:25.139148+00:00
3513702,SP,202512,ok,389930.0,594.0,2026-09-20T18:47:25.753811+00:00
3513801,SP,202512,ok,16085916.0,23616.0,2026-09-20T18:47:26.385937+00:00
3513850,SP,202512,ok,40501.0,71.0,2026-09-20T18:47:27.000441+00:00
3513900,SP,202512,ok,494214.0,705.0,2026-09-20T18:47:27.613693+00:00
3514007,SP,202512,ok,368194.0,531.0,2026-09-20T18:47:28.215246+00:00
3514106,SP,202512,ok,872929.0,1274.0,2026-09-20T18:47:30.258113+00:00
3514205,SP,202512,ok,133975.0,190.0,2026-09-20T18:47:30.871787+00:00
3514304,SP,202512,ok,269091.0,424.0,2026-09-20T18:47:31.519875+00:00
3514403,SP,202512,ok,916115.0,1369.0,2026-09-20T18:47:32.125999+00:00
3514502,SP,202512,ok,408672.0,592.0,2026-09-20T18:47:32.738820+00:00
3514601,SP,202512,ok,334983.0,480.0,2026-09-20T18:47:33.355600+00:00
3514700,SP,202512,ok,399769.0,593.0,2026-09-20T18:47:34.021680+00:00
3514809,SP,202512,ok,922348.0,1355.0,2026-09-20T18:47:34.634095+00:00
3514908,SP,202512,ok,825510.0,1195.0,2026-09-20T18:47:35.246574+00:00
3514924,SP,202512,ok,112779.0,167.0,2026-09-20T18:47:35.866230+00:00
3514957,SP,202512,ok,58541.0,87.0,2026-09-20T18:47:36.483318+00:00
3515004,SP,202512,ok,13038982.0,19047.0,2026-09-20T18:47:37.094792+00:00
3515103,SP,202512,ok,3522010.0,5126.0,2026-09-20T18:47:37.707962+00:00
3515129,SP,202512,ok,107475.0,155.0,2026-09-20T18:47:38.327353+00:00
3515152,SP,202512,ok,586519.0,907.0,2026-09-20T18:47:38.943708+00:00
3515186,SP,202512,ok,474715.0,715.0,2026-09-20T18:47:39.558031+00:00
3515194,SP,202512,ok,113431.0,167.0,2026-09-20T18:47:40.185344+00:00
3515202,SP,202512,ok,165719.0,256.0,2026-09-20T18:47:40.799383+00:00
3515301,SP,202512,ok,65848.0,106.0,2026-09-20T18:47:41.414129+00:00
3515350,SP,202512,ok,483346.0,718.0,2026-09-20T18:47:42.040767+00:00
3515400,SP,202512,ok,762109.0,1128.0,2026-09-20T18:47:42.653643+00:00
3515509,SP,202512,ok,1654561.0,2451.0,2026-09-20T18:47:43.264453+00:00
3515608,SP,202512,ok,152466.0,222.0,2026-09-20T18:47:43.903953+00:00
3515657,SP,202512,ok,66167.0,100.0,2026-09-20T18:47:44.514075+00:00
3515707,SP,202512,ok,9644504.0,13959.0,2026-09-20T18:47:45.119852+00:00
3515806,SP,202512,ok,38710.0,64.0,2026-09-20T18:47:45.732813+00:00
3515905,SP,202512,ok,63927.0,99.0,2026-09-20T18:47:46.347699+00:00
3516002,SP,202512,ok,409414.0,626.0,2026-09-20T18:47:46.959660+00:00
3516101,SP,202512,ok,171599.0,254.0,2026-09-20T18:47:47.572775+00:00
3516200,SP,202512,ok,7449982.0,10849.0,2026-09-20T18:47:48.185998+00:00
3516309,SP,202512,ok,8752889.0,12621.0,2026-09-20T18:47:48.797771+00:00
3516408,SP,202512,ok,6490589.0,9524.0,2026-09-20T18:47:49.408006+00:00
3516507,SP,202512,ok,55406.0,81.0,2026-09-20T18:47:50.020809+00:00
3516606,SP,202512,ok,145651.0,217.0,2026-09-20T18:47:50.631686+00:00
3516705,SP,202512,ok,1633783.0,2376.0,2026-09-20T18:47:51.248076+00:00
3516804,SP,202512,ok,93886.0,140.0,2026-09-20T18:47:51.862828+00:00
3516853,SP,202512,ok,106975.0,168.0,2026-09-20T18:47:52.482638+00:00
3516903,SP,202512,ok,208934.0,319.0,2026-09-20T18:47:53.091339+00:00
3517000,SP,202512,ok,424880.0,632.0,2026-09-20T18:47:53.721638+00:00
3517109,SP,202512,ok,246095.0,359.0,2026-09-20T18:47:54.336920+00:00
3517208,SP,202512,ok,398726.0,588.0,2026-09-20T18:47:54.950707+00:00
3517307,SP,202512,ok,316900.0,472.0,2026-09-20T18:47:55.594879+00:00
3517406,SP,202512,ok,1025850.0,1574.0,2026-09-20T18:47:56.216271+00:00
3517505,SP,202512,ok,453888.0,658.0,2026-09-20T18:47:56.828266+00:00
3517604,SP,202512,ok,914900.0,1415.0,2026-09-20T18:47:57.439571+00:00
3517703,SP,202512,ok,791753.0,1185.0,2026-09-20T18:47:58.056132+00:00
3517802,SP,202512,ok,264921.0,386.0,2026-09-20T18:47:58.660617+00:00
3517901,SP,202512,ok,370925.0,558.0,2026-09-20T18:47:59.281440+00:00
3518008,SP,202512,ok,49925.0,81.0,2026-09-20T18:47:59.893648+00:00
3518107,SP,202512,ok,427696.0,607.0,2026-09-20T18:48:00.506132+00:00
3518206,SP,202512,ok,879347.0,1291.0,2026-09-20T18:48:01.121861+00:00
3518305,SP,202512,ok,1753019.0,2544.0,2026-09-20T18:48:01.736582+00:00
3518404,SP,202512,ok,3373537.0,4685.0,2026-09-20T18:48:02.380816+00:00
3518503,SP,202512,ok,357275.0,537.0,2026-09-20T18:48:04.423437+00:00
3518602,SP,202512,ok,961341.0,1410.0,2026-09-20T18:48:05.031252+00:00
3518701,SP,202512,ok,10847147.0,15467.0,2026-09-20T18:48:05.664104+00:00
3518800,SP,202512,ok,66913584.0,97453.0,2026-09-20T18:48:06.275675+00:00
3518859,SP,202512,ok,340260.0,486.0,2026-09-20T18:48:06.886258+00:00
3518909,SP,202512,ok,143979.0,209.0,2026-09-20T18:48:07.499657+00:00
3519006,SP,202512,ok,484700.0,716.0,2026-09-20T18:48:08.110373+00:00
3519055,SP,202512,ok,157401.0,236.0,2026-09-20T18:48:08.721198+00:00
3519071,SP,202512,ok,7417771.0,10993.0,2026-09-20T18:48:09.330658+00:00
3519105,SP,202512,ok,508310.0,777.0,2026-09-20T18:48:09.945447+00:00
3519204,SP,202512,ok,292691.0,441.0,2026-09-20T18:48:10.560647+00:00
3519253,SP,202512,ok,343715.0,509.0,2026-09-20T18:48:11.174527+00:00
3519303,SP,202512,ok,1687064.0,2456.0,2026-09-20T18:48:11.789907+00:00
3519402,SP,202512,ok,296816.0,441.0,2026-09-20T18:48:12.444414+00:00
3519501,SP,202512,ok,503839.0,761.0,2026-09-20T18:48:13.059195+00:00
3519600,SP,202512,ok,1474780.0,2181.0,2026-09-20T18:48:13.672389+00:00
3519709,SP,202512,ok,4316032.0,6319.0,2026-09-20T18:48:14.284730+00:00
3519808,SP,202512,ok,230226.0,344.0,2026-09-20T18:48:14.898625+00:00
3519907,SP,202512,ok,361145.0,546.0,2026-09-20T18:48:15.507511+00:00
3520004,SP,202512,ok,1135814.0,1684.0,2026-09-20T18:48:16.121900+00:00
3520103,SP,202512,ok,622914.0,907.0,2026-09-20T18:48:16.732599+00:00
3520202,SP,202512,ok,490549.0,723.0,2026-09-20T18:48:17.380644+00:00
3520301,SP,202512,ok,2579878.0,3819.0,2026-09-20T18:48:17.992191+00:00
3520400,SP,202512,ok,1083748.0,1618.0,2026-09-20T18:48:18.607345+00:00
3520426,SP,202512,ok,1220273.0,1807.0,2026-09-20T18:48:19.231833+00:00
3520442,SP,202512,ok,339321.0,505.0,2026-09-20T18:48:19.845044+00:00
3520509,SP,202512,ok,2832155.0,4176.0,2026-09-20T18:48:20.461663+00:00
3520608,SP,202512,ok,279022.0,409.0,2026-09-20T18:48:22.146967+00:00
3520707,SP,202512,ok,160945.0,243.0,2026-09-20T18:48:22.759063+00:00
3520806,SP,202512,ok,73571.0,109.0,2026-09-20T18:48:23.371656+00:00
3520905,SP,202512,ok,554302.0,806.0,2026-09-20T18:48:23.983171+00:00
3521002,SP,202512,ok,1624332.0,2332.0,2026-09-20T18:48:24.600940+00:00
3521101,SP,202512,ok,179774.0,276.0,2026-09-20T18:48:25.218582+00:00
3521150,SP,202512,ok,160306.0,241.0,2026-09-20T18:48:25.836977+00:00
3521200,SP,202512,ok,325653.0,476.0,2026-09-20T18:48:26.472937+00:00
3521309,SP,202512,ok,497124.0,725.0,2026-09-20T18:48:27.082098+00:00
3521408,SP,202512,ok,306186.0,471.0,2026-09-20T18:48:27.695413+00:00
3521507,SP,202512,ok,287197.0,410.0,2026-09-20T18:48:28.312680+00:00
3521606,SP,202512,ok,222511.0,334.0,2026-09-20T18:48:28.940691+00:00
3521705,SP,202512,ok,862636.0,1328.0,2026-09-20T18:48:29.557871+00:00
3521804,SP,202512,ok,1094163.0,1551.0,2026-09-20T18:48:30.170686+00:00
3521903,SP,202512,ok,476807.0,662.0,2026-09-20T18:48:30.784849+00:00
3522000,SP,202512,ok,101290.0,140.0,2026-09-20T18:48:31.393427+00:00
3522109,SP,202512,ok,7143674.0,10257.0,2026-09-20T18:48:32.002071+00:00
3522158,SP,202512,ok,264431.0,414.0,2026-09-20T18:48:32.615539+00:00
3522208,SP,202512,ok,7991652.0,11788.0,2026-09-20T18:48:33.225702+00:00
3522307,SP,202512,ok,4985599.0,7375.0,2026-09-20T18:48:33.842623+00:00
3522406,SP,202512,ok,4306210.0,6333.0,2026-09-20T18:48:34.458207+00:00
3522505,SP,202512,ok,9538388.0,14008.0,2026-09-20T18:48:35.079323+00:00
3522604,SP,202512,ok,1271968.0,1911.0,2026-09-20T18:48:35.686686+00:00
3522653,SP,202512,ok,444506.0,657.0,2026-09-20T18:48:37.735913+00:00
3522703,SP,202512,ok,746711.0,1102.0,2026-09-20T18:48:38.346192+00:00
3522802,SP,202512,ok,955358.0,1439.0,2026-09-20T18:48:38.960645+00:00
3522901,SP,202512,ok,378984.0,541.0,2026-09-20T18:48:39.573923+00:00
3523008,SP,202512,ok,245735.0,371.0,2026-09-20T18:48:40.191830+00:00
3523107,SP,202512,ok,24253710.0,34846.0,2026-09-20T18:48:40.806393+00:00
3523206,SP,202512,ok,2784008.0,4163.0,2026-09-20T18:48:41.414660+00:00
3523305,SP,202512,ok,1070206.0,1569.0,2026-09-20T18:48:42.038171+00:00
3523404,SP,202512,ok,2503385.0,3835.0,2026-09-20T18:48:42.675495+00:00
3523503,SP,202512,ok,746556.0,1109.0,2026-09-20T18:48:43.307844+00:00
3523602,SP,202512,ok,471235.0,686.0,2026-09-20T18:48:43.937994+00:00
3523701,SP,202512,ok,377963.0,542.0,2026-09-20T18:48:44.548390+00:00
3523800,SP,202512,ok,220114.0,330.0,2026-09-20T18:48:45.161389+00:00
3523909,SP,202512,ok,4863014.0,7086.0,2026-09-20T18:48:45.777726+00:00
3524006,SP,202512,ok,1393494.0,2032.0,2026-09-20T18:48:46.398747+00:00
3524105,SP,202512,ok,1027009.0,1543.0,2026-09-20T18:48:47.012123+00:00
3524204,SP,202512,ok,293606.0,438.0,2026-09-20T18:48:47.619259+00:00
3524303,SP,202512,ok,2214730.0,3353.0,2026-09-20T18:48:48.230038+00:00
3524402,SP,202512,ok,4922443.0,7466.0,2026-09-20T18:48:48.850633+00:00
3524501,SP,202512,ok,168132.0,252.0,2026-09-20T18:48:49.469584+00:00
3524600,SP,202512,ok,851303.0,1250.0,2026-09-20T18:48:50.096587+00:00
3524709,SP,202512,ok,899395.0,1389.0,2026-09-20T18:48:50.719644+00:00
3524808,SP,202512,ok,941557.0,1454.0,2026-09-20T18:48:51.331962+00:00
3524907,SP,202512,ok,216512.0,308.0,2026-09-20T18:48:51.944146+00:00
3525003,SP,202512,ok,2493585.0,3575.0,2026-09-20T18:48:52.556089+00:00
3525102,SP,202512,ok,1536926.0,2186.0,2026-09-20T18:48:53.166305+00:00
3525201,SP,202512,ok,816871.0,1162.0,2026-09-20T18:48:53.774018+00:00
3525300,SP,202512,ok,2798317.0,4140.0,2026-09-20T18:48:54.387507+00:00
3525409,SP,202512,ok,174240.0,244.0,2026-09-20T18:48:54.997306+00:00
3525508,SP,202512,ok,334647.0,493.0,2026-09-20T18:48:55.608559+00:00
3525607,SP,202512,ok,220259.0,326.0,2026-09-20T18:48:56.215712+00:00
3525706,SP,202512,ok,462416.0,723.0,2026-09-20T18:48:56.839258+00:00
3525805,SP,202512,ok,294916.0,423.0,2026-09-20T18:48:57.456055+00:00
3525854,SP,202512,ok,54321.0,90.0,2026-09-20T18:48:58.118444+00:00
3525904,SP,202512,ok,5249115.0,7465.0,2026-09-20T18:48:58.732475+00:00
3526001,SP,202512,ok,630713.0,937.0,2026-09-20T18:48:59.345467+00:00
3526100,SP,202512,ok,1089018.0,1560.0,2026-09-20T18:48:59.964726+00:00
3526209,SP,202512,ok,1911851.0,2839.0,2026-09-20T18:49:00.577431+00:00
3526308,SP,202512,ok,239679.0,355.0,2026-09-20T18:49:01.186116+00:00
3526407,SP,202512,ok,1033324.0,1532.0,2026-09-20T18:49:01.800712+00:00
3526506,SP,202512,ok,129823.0,196.0,2026-09-20T18:49:02.446246+00:00
3526605,SP,202512,ok,390325.0,561.0,2026-09-20T18:49:03.062162+00:00
3526704,SP,202512,ok,2978761.0,4360.0,2026-09-20T18:49:03.676089+00:00
3526803,SP,202512,ok,1019430.0,1604.0,2026-09-20T18:49:04.284062+00:00
3526902,SP,202512,ok,7888080.0,11614.0,2026-09-20T18:49:04.890344+00:00
3527009,SP,202512,ok,213090.0,314.0,2026-09-20T18:49:05.495712+00:00
3527108,SP,202512,ok,1874040.0,2782.0,2026-09-20T18:49:06.127248+00:00
3527207,SP,202512,ok,3318054.0,4933.0,2026-09-20T18:49:06.741263+00:00
3527256,SP,202512,ok,96339.0,151.0,2026-09-20T18:49:07.351973+00:00
3527306,SP,202512,ok,1029995.0,1535.0,2026-09-20T18:49:07.962121+00:00
3527405,SP,202512,ok,558526.0,863.0,2026-09-20T18:49:08.576546+00:00
3527504,SP,202512,ok,96398.0,142.0,2026-09-20T18:49:09.189353+00:00
3527603,SP,202512,ok,457294.0,671.0,2026-09-20T18:49:09.807861+00:00
3527702,SP,202512,ok,342975.0,487.0,2026-09-20T18:49:11.863500+00:00
3527801,SP,202512,ok,138904.0,217.0,2026-09-20T18:49:12.560710+00:00
3527900,SP,202512,ok,104990.0,156.0,2026-09-20T18:49:13.174881+00:00
3528007,SP,202512,ok,260797.0,397.0,2026-09-20T18:49:13.787183+00:00
3528106,SP,202512,ok,298204.0,448.0,2026-09-20T18:49:14.398682+00:00
3528205,SP,202512,ok,84262.0,127.0,2026-09-20T18:49:15.012130+00:00
3528304,SP,202512,ok,55616.0,90.0,2026-09-20T18:49:15.625957+00:00
3528403,SP,202512,ok,1618864.0,2352.0,2026-09-20T18:49:16.236780+00:00
3528502,SP,202512,ok,4889449.0,7083.0,2026-09-20T18:49:16.841931+00:00
3528601,SP,202512,ok,321018.0,462.0,2026-09-20T18:49:17.482988+00:00
3528700,SP,202512,ok,188778.0,294.0,2026-09-20T18:49:18.095528+00:00
3528809,SP,202512,ok,469743.0,684.0,2026-09-20T18:49:18.704197+00:00
3528858,SP,202512,ok,102476.0,153.0,2026-09-20T18:49:19.352320+00:00
3528908,SP,202512,ok,177775.0,267.0,2026-09-20T18:49:19.965280+00:00
3529005,SP,202512,ok,4946467.0,7278.0,2026-09-20T18:49:20.595174+00:00
3529104,SP,202512,ok,50995.0,81.0,2026-09-20T18:49:21.220098+00:00
3529203,SP,202512,ok,1017338.0,1479.0,2026-09-20T18:49:21.834512+00:00
3529302,SP,202512,ok,1789254.0,2766.0,2026-09-20T18:49:22.450804+00:00
3529401,SP,202512,ok,12604832.0,18393.0,2026-09-20T18:49:23.063653+00:00
3529500,SP,202512,ok,120897.0,186.0,2026-09-20T18:49:23.673671+00:00
3529609,SP,202512,ok,111100.0,167.0,2026-09-20T18:49:24.285790+00:00
3529658,SP,202512,ok,52014.0,82.0,2026-09-20T18:49:24.898895+00:00
3529708,SP,202512,ok,1333801.0,1950.0,2026-09-20T18:49:25.513625+00:00
3529807,SP,202512,ok,381264.0,639.0,2026-09-20T18:49:26.119297+00:00
3529906,SP,202512,ok,1658324.0,2399.0,2026-09-20T18:50:29.980969+00:00
3530003,SP,202512,ok,70105.0,107.0,2026-09-20T18:50:30.599252+00:00
3530102,SP,202512,ok,664172.0,978.0,2026-09-20T18:50:31.197493+00:00
3530201,SP,202512,ok,668658.0,962.0,2026-09-20T18:50:31.814707+00:00
3530300,SP,202512,ok,1061327.0,1565.0,2026-09-20T18:50:32.429436+00:00
3530409,SP,202512,ok,205333.0,299.0,2026-09-20T18:50:33.037053+00:00
3530508,SP,202512,ok,1650687.0,2384.0,2026-09-20T18:50:33.696344+00:00
3530607,SP,202512,ok,21177028.0,30684.0,2026-09-20T18:50:34.308516+00:00
3530706,SP,202512,ok,3181047.0,4677.0,2026-09-20T18:50:34.918786+00:00
3530805,SP,202512,ok,1435092.0,2156.0,2026-09-20T18:50:35.534066+00:00
3530904,SP,202512,ok,175529.0,255.0,2026-09-20T18:50:36.144460+00:00
3531001,SP,202512,ok,43389.0,66.0,2026-09-20T18:50:36.743748+00:00
3531100,SP,202512,ok,3269333.0,4636.0,2026-09-20T18:50:37.349808+00:00
3531209,SP,202512,ok,145292.0,210.0,2026-09-20T18:50:37.970723+00:00
3531308,SP,202512,ok,743864.0,1083.0,2026-09-20T18:50:38.577256+00:00
3531407,SP,202512,ok,674047.0,1096.0,2026-09-20T18:50:39.185270+00:00
3531506,SP,202512,ok,453274.0,648.0,2026-09-20T18:50:39.788027+00:00
3531605,SP,202512,ok,154400.0,228.0,2026-09-20T18:50:40.399346+00:00
3531704,SP,202512,ok,252913.0,363.0,2026-09-20T18:50:41.006674+00:00
3531803,SP,202512,ok,3018868.0,4444.0,2026-09-20T18:50:41.636534+00:00
3531902,SP,202512,ok,1041223.0,1538.0,2026-09-20T18:50:42.244540+00:00
3532009,SP,202512,ok,418103.0,600.0,2026-09-20T18:50:42.864340+00:00
3532058,SP,202512,ok,136040.0,194.0,2026-09-20T18:50:43.483452+00:00
3532108,SP,202512,ok,196646.0,297.0,2026-09-20T18:50:44.095422+00:00
3532157,SP,202512,ok,88221.0,134.0,2026-09-20T18:50:44.714152+00:00
3532207,SP,202512,ok,218889.0,309.0,2026-09-20T18:50:45.319919+00:00
3532306,SP,202512,ok,237078.0,338.0,2026-09-20T18:50:45.924580+00:00
3532405,SP,202512,ok,859990.0,1272.0,2026-09-20T18:50:46.538381+00:00
3532504,SP,202512,ok,294246.0,436.0,2026-09-20T18:50:47.144990+00:00
3532603,SP,202512,ok,229854.0,348.0,2026-09-20T18:50:47.758656+00:00
3532702,SP,202512,ok,242033.0,347.0,2026-09-20T18:50:48.406703+00:00
3532801,SP,202512,ok,184170.0,269.0,2026-09-20T18:50:49.024997+00:00
3532827,SP,202512,ok,643566.0,973.0,2026-09-20T18:50:49.631823+00:00
3532843,SP,202512,ok,45530.0,74.0,2026-09-20T18:50:50.245470+00:00
3532868,SP,202512,ok,20726.0,33.0,2026-09-20T18:50:50.841888+00:00
3532900,SP,202512,ok,175701.0,277.0,2026-09-20T18:50:52.897822+00:00
3533007,SP,202512,ok,532479.0,802.0,2026-09-20T18:50:53.501434+00:00
3533106,SP,202512,ok,115216.0,167.0,2026-09-20T18:50:54.552522+00:00
3533205,SP,202512,ok,194850.0,293.0,2026-09-20T18:50:55.158071+00:00
3533254,SP,202512,ok,197504.0,276.0,2026-09-20T18:50:55.763450+00:00
3533304,SP,202512,ok,105205.0,162.0,2026-09-20T18:50:56.365642+00:00
3533403,SP,202512,ok,1183999.0,1714.0,2026-09-20T18:50:56.969749+00:00
3533502,SP,202512,ok,783050.0,1268.0,2026-09-20T18:50:57.573005+00:00
3533601,SP,202512,ok,209310.0,291.0,2026-09-20T18:50:58.175489+00:00
3533700,SP,202512,ok,247272.0,358.0,2026-09-20T18:50:58.785521+00:00
3533809,SP,202512,ok,126508.0,181.0,2026-09-20T18:50:59.404489+00:00
3533908,SP,202512,ok,1601674.0,2379.0,2026-09-20T18:51:00.018301+00:00
3534005,SP,202512,ok,129818.0,191.0,2026-09-20T18:51:00.630658+00:00
3534104,SP,202512,ok,196732.0,290.0,2026-09-20T18:51:01.243191+00:00
3534203,SP,202512,ok,116085.0,166.0,2026-09-20T18:51:01.853684+00:00
3534302,SP,202512,ok,718761.0,1047.0,2026-09-20T18:51:02.468592+00:00
3534401,SP,202512,ok,22056268.0,31880.0,2026-09-20T18:51:03.111153+00:00
3534500,SP,202512,ok,58162.0,95.0,2026-09-20T18:51:03.722036+00:00
3534609,SP,202512,ok,499179.0,791.0,2026-09-20T18:51:04.331884+00:00
3534708,SP,202512,ok,3006366.0,4301.0,2026-09-20T18:51:04.952895+00:00
3534757,SP,202512,ok,221888.0,353.0,2026-09-20T18:51:05.568135+00:00
3534807,SP,202512,ok,595144.0,855.0,2026-09-20T18:51:06.175391+00:00
3534906,SP,202512,ok,373726.0,547.0,2026-09-20T18:51:06.788378+00:00
3535002,SP,202512,ok,364957.0,549.0,2026-09-20T18:51:07.398424+00:00
3535101,SP,202512,ok,238330.0,350.0,2026-09-20T18:51:08.011317+00:00
3535200,SP,202512,ok,182387.0,291.0,2026-09-20T18:51:08.613121+00:00
3535309,SP,202512,ok,914928.0,1341.0,2026-09-20T18:51:09.227779+00:00
3535408,SP,202512,ok,920223.0,1335.0,2026-09-20T18:51:09.869085+00:00
3535507,SP,202512,ok,2079152.0,3122.0,2026-09-20T18:51:10.477580+00:00
3535606,SP,202512,ok,614780.0,922.0,2026-09-20T18:51:11.088139+00:00
3535705,SP,202512,ok,113736.0,173.0,2026-09-20T18:51:11.717900+00:00
3535804,SP,202512,ok,716225.0,1093.0,2026-09-20T18:51:12.335178+00:00
3535903,SP,202512,ok,197022.0,284.0,2026-09-20T18:51:12.957091+00:00
3536000,SP,202512,ok,385530.0,588.0,2026-09-20T18:51:13.571079+00:00
3536109,SP,202512,ok,220113.0,325.0,2026-09-20T18:51:14.182294+00:00
3536208,SP,202512,ok,734840.0,1075.0,2026-09-20T18:51:14.811391+00:00
3536257,SP,202512,ok,115808.0,178.0,2026-09-20T18:51:15.424616+00:00
3536307,SP,202512,ok,590862.0,849.0,2026-09-20T18:51:16.038212+00:00
3536406,SP,202512,ok,511351.0,735.0,2026-09-20T18:51:16.655837+00:00
3536505,SP,202512,ok,2346772.0,3521.0,2026-09-20T18:51:17.284666+00:00
3536570,SP,202512,ok,89462.0,125.0,2026-09-20T18:51:17.903500+00:00
3536604,SP,202512,ok,384765.0,574.0,2026-09-20T18:51:18.513095+00:00
3536703,SP,202512,ok,1248331.0,1894.0,2026-09-20T18:51:19.139970+00:00
3536802,SP,202512,ok,212922.0,312.0,2026-09-20T18:51:19.757008+00:00
3536901,SP,202512,ok,45673.0,71.0,2026-09-20T18:51:20.365532+00:00
3537008,SP,202512,ok,635548.0,951.0,2026-09-20T18:51:21.008053+00:00
3537107,SP,202512,ok,978736.0,1452.0,2026-09-20T18:51:21.627774+00:00
3537156,SP,202512,ok,82293.0,121.0,2026-09-20T18:51:22.233457+00:00
3537206,SP,202512,ok,682956.0,978.0,2026-09-20T18:51:22.839281+00:00
3537305,SP,202512,ok,2234562.0,3103.0,2026-09-20T18:51:23.463908+00:00
3537404,SP,202512,ok,726780.0,1084.0,2026-09-20T18:51:24.084918+00:00
3537503,SP,202512,ok,177568.0,287.0,2026-09-20T18:51:26.051390+00:00
3537602,SP,202512,ok,4234952.0,6164.0,2026-09-20T18:51:26.659032+00:00
3537701,SP,202512,ok,77728.0,112.0,2026-09-20T18:51:27.265872+00:00
3537800,SP,202512,ok,3087317.0,4562.0,2026-09-20T18:51:27.869196+00:00
3537909,SP,202512,ok,571622.0,844.0,2026-09-20T18:51:28.472713+00:00
3538006,SP,202512,ok,5997809.0,8806.0,2026-09-20T18:51:29.079663+00:00
3538105,SP,202512,ok,300817.0,440.0,2026-09-20T18:51:29.684925+00:00
3538204,SP,202512,ok,393111.0,579.0,2026-09-20T18:51:30.315313+00:00
3538303,SP,202512,ok,190988.0,278.0,2026-09-20T18:51:30.976959+00:00
3538501,SP,202512,ok,423706.0,629.0,2026-09-20T18:51:31.583815+00:00
3538600,SP,202512,ok,778874.0,1230.0,2026-09-20T18:51:32.190408+00:00
3538709,SP,202512,ok,7900285.0,11578.0,2026-09-20T18:51:32.794650+00:00
3538808,SP,202512,ok,1071976.0,1565.0,2026-09-20T18:51:33.403356+00:00
3538907,SP,202512,ok,998691.0,1497.0,2026-09-20T18:51:34.018667+00:00
3539004,SP,202512,ok,164807.0,238.0,2026-09-20T18:51:34.638869+00:00
3539103,SP,202512,ok,1063101.0,1520.0,2026-09-20T18:51:35.246740+00:00
3539202,SP,202512,ok,438410.0,664.0,2026-09-20T18:51:35.846777+00:00
3539301,SP,202512,ok,1509084.0,2191.0,2026-09-20T18:51:36.448334+00:00
3539400,SP,202512,ok,281540.0,428.0,2026-09-20T18:51:37.063901+00:00
3539509,SP,202512,ok,979962.0,1503.0,2026-09-20T18:51:37.674394+00:00
3539608,SP,202512,ok,106036.0,172.0,2026-09-20T18:51:38.289992+00:00
3539707,SP,202512,ok,219029.0,331.0,2026-09-20T18:51:38.902197+00:00
3539806,SP,202512,ok,6614548.0,9498.0,2026-09-20T18:51:39.538285+00:00
3539905,SP,202512,ok,230979.0,346.0,2026-09-20T18:51:40.151913+00:00
3540002,SP,202512,ok,387451.0,609.0,2026-09-20T18:51:40.766213+00:00
3540101,SP,202512,ok,138630.0,208.0,2026-09-20T18:51:41.379229+00:00
3540200,SP,202512,ok,1172024.0,1788.0,2026-09-20T18:51:41.992438+00:00
3540259,SP,202512,ok,153230.0,230.0,2026-09-20T18:51:42.600460+00:00
3540309,SP,202512,ok,76839.0,116.0,2026-09-20T18:51:43.216702+00:00
3540408,SP,202512,ok,163119.0,244.0,2026-09-20T18:51:43.832287+00:00
3540507,SP,202512,ok,328163.0,484.0,2026-09-20T18:51:44.449087+00:00
3540606,SP,202512,ok,1563507.0,2288.0,2026-09-20T18:51:45.065980+00:00
3540705,SP,202512,ok,942303.0,1400.0,2026-09-20T18:51:45.676424+00:00
3540754,SP,202512,ok,1030328.0,1488.0,2026-09-20T18:51:46.281042+00:00
3540804,SP,202512,ok,388189.0,575.0,2026-09-20T18:51:46.896522+00:00
3540853,SP,202512,ok,123162.0,189.0,2026-09-20T18:51:47.560116+00:00
3540903,SP,202512,ok,611404.0,895.0,2026-09-20T18:51:48.172337+00:00
3541000,SP,202512,ok,9874461.0,13509.0,2026-09-20T18:51:48.784217+00:00
3541059,SP,202512,ok,362761.0,518.0,2026-09-20T18:51:49.400154+00:00
3541109,SP,202512,ok,163639.0,245.0,2026-09-20T18:51:50.013710+00:00
3541208,SP,202512,ok,358530.0,548.0,2026-09-20T18:51:50.626769+00:00
3541307,SP,202512,ok,1527979.0,2249.0,2026-09-20T18:51:51.244203+00:00
3541406,SP,202512,ok,5748699.0,8505.0,2026-09-20T18:51:51.855782+00:00
3541505,SP,202512,ok,711644.0,1124.0,2026-09-20T18:51:52.460616+00:00
3541604,SP,202512,ok,1123231.0,1668.0,2026-09-20T18:51:53.068060+00:00
3541653,SP,202512,ok,245115.0,364.0,2026-09-20T18:51:53.697121+00:00
3541703,SP,202512,ok,567584.0,859.0,2026-09-20T18:51:54.311856+00:00
3541802,SP,202512,ok,93320.0,143.0,2026-09-20T18:51:54.925531+00:00
3541901,SP,202512,ok,454319.0,662.0,2026-09-20T18:51:55.565103+00:00
3542008,SP,202512,ok,274176.0,420.0,2026-09-20T18:51:56.173485+00:00
3542107,SP,202512,ok,298103.0,441.0,2026-09-20T18:51:56.786944+00:00
3542206,SP,202512,ok,897890.0,1361.0,2026-09-20T18:51:57.401876+00:00
3542305,SP,202512,ok,236803.0,356.0,2026-09-20T18:51:58.007909+00:00
3542404,SP,202512,ok,505307.0,756.0,2026-09-20T18:52:00.738638+00:00
3542503,SP,202512,ok,168370.0,249.0,2026-09-20T18:52:01.348680+00:00
3542602,SP,202512,ok,3263573.0,4787.0,2026-09-20T18:52:01.963396+00:00
3542701,SP,202512,ok,323426.0,451.0,2026-09-20T18:52:02.587174+00:00
3542800,SP,202512,ok,288484.0,436.0,2026-09-20T18:52:03.201441+00:00
3542909,SP,202512,ok,346832.0,505.0,2026-09-20T18:52:03.814925+00:00
3543006,SP,202512,ok,1655426.0,2420.0,2026-09-20T18:52:04.427674+00:00
3543105,SP,202512,ok,287070.0,409.0,2026-09-20T18:52:05.065428+00:00
3543204,SP,202512,ok,228905.0,341.0,2026-09-20T18:52:05.678358+00:00
3543238,SP,202512,ok,99005.0,148.0,2026-09-20T18:52:06.294577+00:00
3543253,SP,202512,ok,208621.0,325.0,2026-09-20T18:52:06.909676+00:00
3543303,SP,202512,ok,2832084.0,4245.0,2026-09-20T18:52:07.523669+00:00
3543402,SP,202512,ok,13203314.0,18966.0,2026-09-20T18:52:08.127963+00:00
3543501,SP,202512,ok,456522.0,690.0,2026-09-20T18:52:08.745654+00:00
3543600,SP,202512,ok,155024.0,236.0,2026-09-20T18:52:09.354863+00:00
3543709,SP,202512,ok,295381.0,428.0,2026-09-20T18:52:09.980142+00:00
3543808,SP,202512,ok,78111.0,139.0,2026-09-20T18:52:10.593698+00:00
3543907,SP,202512,ok,3912068.0,5833.0,2026-09-20T18:52:11.206414+00:00
3544004,SP,202512,ok,351686.0,530.0,2026-09-20T18:52:11.841773+00:00
3544103,SP,202512,ok,2361873.0,3464.0,2026-09-20T18:52:12.460933+00:00
3544202,SP,202512,ok,342279.0,536.0,2026-09-20T18:52:13.074309+00:00
3544251,SP,202512,ok,905566.0,1359.0,2026-09-20T18:52:13.730277+00:00
3544301,SP,202512,ok,494448.0,716.0,2026-09-20T18:52:14.343613+00:00
3544400,SP,202512,ok,128640.0,188.0,2026-09-20T18:52:14.956940+00:00
3544509,SP,202512,ok,107163.0,157.0,2026-09-20T18:52:15.576790+00:00
3544608,SP,202512,ok,163325.0,255.0,2026-09-20T18:52:16.187880+00:00
3544707,SP,202512,ok,78524.0,124.0,2026-09-20T18:52:16.800302+00:00
3544806,SP,202512,ok,314302.0,466.0,2026-09-20T18:52:17.418812+00:00
3544905,SP,202512,ok,228577.0,335.0,2026-09-20T18:52:18.031473+00:00
3545001,SP,202512,ok,806794.0,1165.0,2026-09-20T18:52:18.646450+00:00
3545100,SP,202512,ok,180708.0,276.0,2026-09-20T18:52:19.264381+00:00
3545159,SP,202512,ok,67153.0,102.0,2026-09-20T18:52:19.877569+00:00
3545209,SP,202512,ok,2708542.0,3912.0,2026-09-20T18:52:20.491668+00:00
3545308,SP,202512,ok,1928013.0,2871.0,2026-09-20T18:52:21.103862+00:00
3545407,SP,202512,ok,256462.0,400.0,2026-09-20T18:52:21.713593+00:00
3545506,SP,202512,ok,223270.0,333.0,2026-09-20T18:52:22.329730+00:00
3545605,SP,202512,ok,411146.0,605.0,2026-09-20T18:52:22.947300+00:00
3545704,SP,202512,ok,51343.0,82.0,2026-09-20T18:52:23.557626+00:00
3545803,SP,202512,ok,2641831.0,3776.0,2026-09-20T18:52:24.175560+00:00
3546009,SP,202512,ok,576848.0,865.0,2026-09-20T18:52:24.808893+00:00
3546108,SP,202512,ok,82388.0,114.0,2026-09-20T18:52:25.422003+00:00
3546207,SP,202512,ok,125704.0,179.0,2026-09-20T18:52:26.035817+00:00
3546256,SP,202512,ok,53856.0,72.0,2026-09-20T18:52:26.649760+00:00
3546306,SP,202512,ok,861051.0,1268.0,2026-09-20T18:52:27.257788+00:00
3546405,SP,202512,ok,1096733.0,1678.0,2026-09-20T18:52:27.873871+00:00
3546504,SP,202512,ok,227530.0,317.0,2026-09-20T18:52:28.488276+00:00
3546603,SP,202512,ok,497708.0,763.0,2026-09-20T18:52:29.122347+00:00
3546702,SP,202512,ok,248363.0,379.0,2026-09-20T18:52:29.736889+00:00
3546801,SP,202512,ok,2428951.0,3455.0,2026-09-20T18:52:30.347171+00:00
3546900,SP,202512,ok,140547.0,195.0,2026-09-20T18:52:30.987406+00:00
3547007,SP,202512,ok,238265.0,345.0,2026-09-20T18:52:31.600236+00:00
3547106,SP,202512,ok,132086.0,195.0,2026-09-20T18:52:32.212379+00:00
3547205,SP,202512,ok,39865.0,62.0,2026-09-20T18:52:34.328910+00:00
3547304,SP,202512,ok,3431327.0,5121.0,2026-09-20T18:52:34.947755+00:00
3547403,SP,202512,ok,23430.0,38.0,2026-09-20T18:52:35.566352+00:00
3547502,SP,202512,ok,551265.0,807.0,2026-09-20T18:52:36.180943+00:00
3547601,SP,202512,ok,501332.0,761.0,2026-09-20T18:52:36.792261+00:00
3547650,SP,202512,ok,32111.0,46.0,2026-09-20T18:52:37.433030+00:00
3547700,SP,202512,ok,806073.0,1199.0,2026-09-20T18:52:38.050942+00:00
3547809,SP,202512,ok,22148095.0,32829.0,2026-09-20T18:52:38.667096+00:00
3547908,SP,202512,ok,310818.0,448.0,2026-09-20T18:52:39.310924+00:00
3548005,SP,202512,ok,786430.0,1156.0,2026-09-20T18:53:43.401333+00:00
3548054,SP,202512,ok,376386.0,560.0,2026-09-20T18:53:44.015391+00:00
3548104,SP,202512,ok,144993.0,202.0,2026-09-20T18:53:44.656663+00:00
3548203,SP,202512,ok,216032.0,347.0,2026-09-20T18:53:45.268369+00:00
3548302,SP,202512,ok,106460.0,157.0,2026-09-20T18:53:45.904172+00:00
3548401,SP,202512,ok,180056.0,272.0,2026-09-20T18:53:46.535726+00:00
3548500,SP,202512,ok,8575256.0,12689.0,2026-09-20T18:53:47.150085+00:00
3548609,SP,202512,ok,330010.0,497.0,2026-09-20T18:53:47.783264+00:00
3548708,SP,202512,ok,22344414.0,32162.0,2026-09-20T18:53:48.399059+00:00
3548807,SP,202512,ok,1335391.0,2076.0,2026-09-20T18:53:49.033688+00:00
3548906,SP,202512,ok,5813723.0,8432.0,2026-09-20T18:53:49.638603+00:00
3549003,SP,202512,ok,64778.0,110.0,2026-09-20T18:53:50.255810+00:00
3549102,SP,202512,ok,1339049.0,1995.0,2026-09-20T18:53:50.912654+00:00
3549201,SP,202512,ok,47284.0,73.0,2026-09-20T18:53:51.521285+00:00
3549250,SP,202512,ok,35702.0,57.0,2026-09-20T18:53:52.131353+00:00
3549300,SP,202512,ok,72655.0,108.0,2026-09-20T18:53:52.740379+00:00
3549409,SP,202512,ok,963188.0,1397.0,2026-09-20T18:53:53.356872+00:00
3549508,SP,202512,ok,455127.0,678.0,2026-09-20T18:53:53.965713+00:00
3549607,SP,202512,ok,222700.0,323.0,2026-09-20T18:53:54.580123+00:00
3549706,SP,202512,ok,1567477.0,2300.0,2026-09-20T18:53:55.194358+00:00
3549805,SP,202512,ok,10236192.0,15028.0,2026-09-20T18:53:55.812947+00:00
3549904,SP,202512,ok,21414504.0,31629.0,2026-09-20T18:53:56.478341+00:00
3549953,SP,202512,ok,929845.0,1390.0,2026-09-20T18:53:57.088499+00:00
3550001,SP,202512,ok,370684.0,565.0,2026-09-20T18:53:57.722669+00:00
3550100,SP,202512,ok,1149942.0,1655.0,2026-09-20T18:53:58.339747+00:00
3550209,SP,202512,ok,877374.0,1366.0,2026-09-20T18:53:58.953425+00:00
3550308,SP,202512,ok,411647713.0,610136.0,2026-09-20T18:53:59.560080+00:00
3550407,SP,202512,ok,1098725.0,1617.0,2026-09-20T18:54:00.171764+00:00
3550506,SP,202512,ok,211966.0,344.0,2026-09-20T18:54:00.784351+00:00
3550605,SP,202512,ok,2049250.0,3066.0,2026-09-20T18:54:01.392669+00:00
3550704,SP,202512,ok,3389295.0,5064.0,2026-09-20T18:54:02.002544+00:00
3550803,SP,202512,ok,158750.0,240.0,2026-09-20T18:54:02.615128+00:00
3550902,SP,202512,ok,388166.0,587.0,2026-09-20T18:54:03.226807+00:00
3551009,SP,202512,ok,13579378.0,18650.0,2026-09-20T18:54:03.837545+00:00
3551108,SP,202512,ok,183363.0,272.0,2026-09-20T18:54:04.480853+00:00
3551207,SP,202512,ok,158632.0,245.0,2026-09-20T18:54:05.090190+00:00
3551306,SP,202512,ok,155121.0,228.0,2026-09-20T18:54:05.702742+00:00
3551405,SP,202512,ok,656461.0,991.0,2026-09-20T18:54:06.311241+00:00
3551504,SP,202512,ok,1604454.0,2353.0,2026-09-20T18:54:06.925062+00:00
3551603,SP,202512,ok,500733.0,749.0,2026-09-20T18:54:07.540433+00:00
3551702,SP,202512,ok,3726319.0,5288.0,2026-09-20T18:54:08.154330+00:00
3551801,SP,202512,ok,1094931.0,1580.0,2026-09-20T18:54:08.770991+00:00
3551900,SP,202512,ok,575255.0,797.0,2026-09-20T18:54:09.383859+00:00
3552007,SP,202512,ok,353048.0,497.0,2026-09-20T18:54:09.995383+00:00
3552106,SP,202512,ok,860650.0,1243.0,2026-09-20T18:54:10.600491+00:00
3552205,SP,202512,ok,20045066.0,29178.0,2026-09-20T18:54:11.217330+00:00
3552304,SP,202512,ok,223021.0,334.0,2026-09-20T18:54:11.857629+00:00
3552403,SP,202512,ok,8368032.0,12249.0,2026-09-20T18:54:12.464793+00:00
3552502,SP,202512,ok,15789053.0,22967.0,2026-09-20T18:54:13.068604+00:00
3552551,SP,202512,ok,127885.0,197.0,2026-09-20T18:54:13.689017+00:00
3552601,SP,202512,ok,357292.0,534.0,2026-09-20T18:54:15.906440+00:00
3552700,SP,202512,ok,369576.0,517.0,2026-09-20T18:54:16.532318+00:00
3552809,SP,202512,ok,8511206.0,12709.0,2026-09-20T18:54:17.142883+00:00
3552908,SP,202512,ok,287160.0,431.0,2026-09-20T18:54:17.747474+00:00
3553005,SP,202512,ok,447875.0,693.0,2026-09-20T18:54:18.381911+00:00
3553104,SP,202512,ok,236030.0,336.0,2026-09-20T18:54:18.993966+00:00
3553203,SP,202512,ok,118709.0,181.0,2026-09-20T18:54:19.662387+00:00
3553302,SP,202512,ok,922525.0,1345.0,2026-09-20T18:54:20.270395+00:00
3553401,SP,202512,ok,946787.0,1378.0,2026-09-20T18:54:20.887280+00:00
3553500,SP,202512,ok,490024.0,724.0,2026-09-20T18:54:21.504485+00:00
3553609,SP,202512,ok,363236.0,548.0,2026-09-20T18:54:22.117767+00:00
3553658,SP,202512,ok,41200.0,70.0,2026-09-20T18:54:22.725679+00:00
3553708,SP,202512,ok,1757746.0,2585.0,2026-09-20T18:54:23.337099+00:00
3553807,SP,202512,ok,734515.0,1144.0,2026-09-20T18:54:23.966408+00:00
3553856,SP,202512,ok,497262.0,743.0,2026-09-20T18:54:24.583118+00:00
3553906,SP,202512,ok,230748.0,346.0,2026-09-20T18:54:25.196516+00:00
3553955,SP,202512,ok,396661.0,595.0,2026-09-20T18:54:25.812602+00:00
3554003,SP,202512,ok,3771503.0,5566.0,2026-09-20T18:54:26.425036+00:00
3554102,SP,202512,ok,6709180.0,9668.0,2026-09-20T18:54:27.035702+00:00
3554201,SP,202512,ok,191948.0,282.0,2026-09-20T18:54:27.651353+00:00
3554300,SP,202512,ok,1185349.0,1726.0,2026-09-20T18:54:28.274797+00:00
3554409,SP,202512,ok,130480.0,200.0,2026-09-20T18:54:28.892319+00:00
3554508,SP,202512,ok,789674.0,1189.0,2026-09-20T18:54:29.508268+00:00
3554607,SP,202512,ok,143961.0,211.0,2026-09-20T18:54:30.118937+00:00
3554656,SP,202512,ok,139858.0,216.0,2026-09-20T18:54:30.725197+00:00
3554706,SP,202512,ok,216364.0,323.0,2026-09-20T18:54:31.341642+00:00
3554755,SP,202512,ok,90225.0,137.0,2026-09-20T18:54:31.953485+00:00
3554805,SP,202512,ok,1425118.0,2036.0,2026-09-20T18:54:32.559953+00:00
3554904,SP,202512,ok,171287.0,245.0,2026-09-20T18:54:33.170168+00:00
3554953,SP,202512,ok,229612.0,336.0,2026-09-20T18:54:33.780117+00:00
3555000,SP,202512,ok,1754984.0,2622.0,2026-09-20T18:54:34.390018+00:00
3555109,SP,202512,ok,360077.0,553.0,2026-09-20T18:54:34.997028+00:00
3555208,SP,202512,ok,52255.0,77.0,2026-09-20T18:54:35.602893+00:00
3555307,SP,202512,ok,59077.0,85.0,2026-09-20T18:54:36.210781+00:00
3555356,SP,202512,ok,144336.0,223.0,2026-09-20T18:54:36.815766+00:00
3555406,SP,202512,ok,4985041.0,7295.0,2026-09-20T18:54:37.447477+00:00
3555505,SP,202512,ok,281535.0,405.0,2026-09-20T18:54:38.081164+00:00
3555604,SP,202512,ok,131802.0,222.0,2026-09-20T18:54:38.685987+00:00
3555703,SP,202512,ok,70042.0,98.0,2026-09-20T18:54:39.291766+00:00
3555802,SP,202512,ok,119713.0,195.0,2026-09-20T18:54:39.943760+00:00
3555901,SP,202512,ok,32865.0,50.0,2026-09-20T18:54:40.552628+00:00
3556008,SP,202512,ok,241634.0,359.0,2026-09-20T18:54:41.160315+00:00
3556107,SP,202512,ok,350666.0,558.0,2026-09-20T18:54:42.142222+00:00
3556206,SP,202512,ok,1843192.0,2692.0,2026-09-20T18:54:42.770517+00:00
3556305,SP,202512,ok,968031.0,1382.0,2026-09-20T18:54:43.387658+00:00
3556354,SP,202512,ok,253973.0,371.0,2026-09-20T18:54:44.001507+00:00
3556404,SP,202512,ok,949266.0,1318.0,2026-09-20T18:54:44.617372+00:00
3556453,SP,202512,ok,782335.0,1169.0,2026-09-20T18:54:45.224381+00:00
3556503,SP,202512,ok,3053063.0,4419.0,2026-09-20T18:54:45.839691+00:00
3556602,SP,202512,ok,248135.0,364.0,2026-09-20T18:54:46.453024+00:00
3556701,SP,202512,ok,1281637.0,1952.0,2026-09-20T18:54:47.074920+00:00
3556800,SP,202512,ok,283147.0,402.0,2026-09-20T18:54:50.720809+00:00
3556909,SP,202512,ok,186023.0,255.0,2026-09-20T18:54:51.333639+00:00
3556958,SP,202512,ok,29270.0,50.0,2026-09-20T18:54:51.946569+00:00
3557006,SP,202512,ok,3682879.0,5397.0,2026-09-20T18:54:52.575845+00:00
3557105,SP,202512,ok,2259425.0,3333.0,2026-09-20T18:54:53.182096+00:00
3557154,SP,202512,ok,79789.0,113.0,2026-09-20T18:54:53.790802+00:00
3557204,SP,202512,ok,465964.0,680.0,2026-09-20T18:54:54.421514+00:00
3557303,SP,202512,ok,316571.0,451.0,2026-09-20T18:54:55.034427+00:00
4100103,PR,202512,ok,264844.0,407.0,2026-09-20T18:54:55.646351+00:00
4100202,PR,202512,ok,315007.0,470.0,2026-09-20T18:54:56.260166+00:00
4100301,PR,202512,ok,644671.0,940.0,2026-09-20T18:54:56.874125+00:00
4100400,PR,202512,ok,4217212.0,6074.0,2026-09-20T18:54:57.485306+00:00
4100459,PR,202512,ok,159947.0,247.0,2026-09-20T18:54:58.126455+00:00
4100509,PR,202512,ok,412657.0,622.0,2026-09-20T18:54:58.727160+00:00
4100608,PR,202512,ok,660303.0,958.0,2026-09-20T18:54:59.339931+00:00
4100707,PR,202512,ok,408943.0,606.0,2026-09-20T18:54:59.951350+00:00
4100806,PR,202512,ok,465867.0,673.0,2026-09-20T18:55:00.594881+00:00
4100905,PR,202512,ok,286792.0,420.0,2026-09-20T18:55:01.207340+00:00
4101002,PR,202512,ok,131605.0,198.0,2026-09-20T18:55:01.819317+00:00
4101051,PR,202512,ok,123240.0,183.0,2026-09-20T18:55:02.432457+00:00
4101101,PR,202512,ok,1046172.0,1519.0,2026-09-20T18:55:03.045708+00:00
4101150,PR,202512,ok,95643.0,143.0,2026-09-20T18:55:03.657243+00:00
4101200,PR,202512,ok,1353929.0,1998.0,2026-09-20T18:55:04.271235+00:00
4101309,PR,202512,ok,568611.0,860.0,2026-09-20T18:55:04.886513+00:00
4101408,PR,202512,ok,3897426.0,5755.0,2026-09-20T18:55:05.499685+00:00
4101507,PR,202512,ok,2760641.0,4120.0,2026-09-20T18:55:06.109578+00:00
4101606,PR,202512,ok,797827.0,1186.0,2026-09-20T18:55:06.720836+00:00
4101655,PR,202512,ok,175712.0,270.0,2026-09-20T18:55:07.333143+00:00
4101705,PR,202512,ok,441459.0,638.0,2026-09-20T18:55:07.943537+00:00
4101804,PR,202512,ok,4805639.0,7097.0,2026-09-20T18:55:08.554524+00:00
4101853,PR,202512,ok,92670.0,147.0,2026-09-20T18:55:09.166820+00:00
4101903,PR,202512,ok,393867.0,601.0,2026-09-20T18:55:09.793102+00:00
4102000,PR,202512,ok,906940.0,1351.0,2026-09-20T18:55:10.404183+00:00
4102109,PR,202512,ok,571664.0,891.0,2026-09-20T18:55:11.013526+00:00
4102208,PR,202512,ok,126105.0,182.0,2026-09-20T18:55:11.623955+00:00
4102307,PR,202512,ok,519289.0,753.0,2026-09-20T18:55:12.255421+00:00
4102406,PR,202512,ok,844138.0,1246.0,2026-09-20T18:55:12.859639+00:00
4102505,PR,202512,ok,479589.0,730.0,2026-09-20T18:55:13.467332+00:00
4102604,PR,202512,ok,385706.0,568.0,2026-09-20T18:55:14.078542+00:00
4102703,PR,202512,ok,137860.0,209.0,2026-09-20T18:55:14.691986+00:00
4102752,PR,202512,ok,140767.0,210.0,2026-09-20T18:55:15.306085+00:00
4102802,PR,202512,ok,560658.0,839.0,2026-09-20T18:55:15.913812+00:00
4102901,PR,202512,ok,934295.0,1419.0,2026-09-20T18:55:16.525902+00:00
4103008,PR,202512,ok,183741.0,274.0,2026-09-20T18:55:17.136698+00:00
4103024,PR,202512,ok,46404.0,72.0,2026-09-20T18:55:17.747751+00:00
4103040,PR,202512,ok,459282.0,698.0,2026-09-20T18:55:18.415843+00:00
4103057,PR,202512,ok,575193.0,833.0,2026-09-20T18:55:19.029046+00:00
4103107,PR,202512,ok,1018346.0,1471.0,2026-09-20T18:55:19.647289+00:00
4103156,PR,202512,ok,126690.0,191.0,2026-09-20T18:55:20.265806+00:00
4103206,PR,202512,ok,119722.0,182.0,2026-09-20T18:55:20.876701+00:00
4103222,PR,202512,ok,67298.0,103.0,2026-09-20T18:55:21.490903+00:00
4103305,PR,202512,ok,257659.0,378.0,2026-09-20T18:55:23.780960+00:00
4103354,PR,202512,ok,158677.0,243.0,2026-09-20T18:55:24.394725+00:00
4103370,PR,202512,ok,126568.0,197.0,2026-09-20T18:55:25.008482+00:00
4103404,PR,202512,ok,66122.0,112.0,2026-09-20T18:55:25.617695+00:00
4103453,PR,202512,ok,620791.0,936.0,2026-09-20T18:55:26.229069+00:00
4103479,PR,202512,ok,125406.0,199.0,2026-09-20T18:55:26.841294+00:00
4103503,PR,202512,ok,407595.0,610.0,2026-09-20T18:55:27.465859+00:00
4103602,PR,202512,ok,910776.0,1363.0,2026-09-20T18:55:28.079558+00:00
4103701,PR,202512,ok,3145929.0,4661.0,2026-09-20T18:55:28.692105+00:00
4103800,PR,202512,ok,283500.0,452.0,2026-09-20T18:55:29.306613+00:00
4103909,PR,202512,ok,695173.0,979.0,2026-09-20T18:55:29.933063+00:00
4103958,PR,202512,ok,253454.0,357.0,2026-09-20T18:55:30.544300+00:00
4104006,PR,202512,ok,2234099.0,3227.0,2026-09-20T18:55:31.162442+00:00
4104055,PR,202512,ok,174152.0,257.0,2026-09-20T18:55:31.785784+00:00
4104105,PR,202512,ok,689590.0,974.0,2026-09-20T18:55:32.398627+00:00
4104204,PR,202512,ok,3770374.0,5508.0,2026-09-20T18:55:33.009708+00:00
4104253,PR,202512,ok,994795.0,1431.0,2026-09-20T18:55:33.613984+00:00
4104303,PR,202512,ok,3114672.0,4636.0,2026-09-20T18:55:34.212748+00:00
4104402,PR,202512,ok,1114111.0,1634.0,2026-09-20T18:55:34.840094+00:00
4104428,PR,202512,ok,557424.0,852.0,2026-09-20T18:55:35.440639+00:00
4104451,PR,202512,ok,301354.0,456.0,2026-09-20T18:55:36.045121+00:00
4104501,PR,202512,ok,388291.0,546.0,2026-09-20T18:55:36.651350+00:00
4104600,PR,202512,ok,755153.0,1137.0,2026-09-20T18:55:37.261381+00:00
4104659,PR,202512,ok,735477.0,1039.0,2026-09-20T18:55:37.867426+00:00
4104709,PR,202512,ok,659586.0,930.0,2026-09-20T18:55:38.471791+00:00
4104808,PR,202512,ok,7467039.0,11070.0,2026-09-20T18:55:39.074049+00:00
4104907,PR,202512,ok,3682112.0,5250.0,2026-09-20T18:55:39.686382+00:00
4105003,PR,202512,ok,226946.0,348.0,2026-09-20T18:55:40.302439+00:00
4105102,PR,202512,ok,400902.0,604.0,2026-09-20T18:55:40.939999+00:00
4105201,PR,202512,ok,1410305.0,2051.0,2026-09-20T18:55:41.554780+00:00
4105300,PR,202512,ok,112687.0,168.0,2026-09-20T18:55:42.207506+00:00
4105409,PR,202512,ok,759623.0,1095.0,2026-09-20T18:55:42.835270+00:00
4105508,PR,202512,ok,1478480.0,2274.0,2026-09-20T18:55:43.474277+00:00
4105607,PR,202512,ok,214927.0,337.0,2026-09-20T18:55:44.084602+00:00
4105706,PR,202512,ok,469736.0,728.0,2026-09-20T18:55:44.699224+00:00
4105805,PR,202512,ok,8242905.0,12110.0,2026-09-20T18:55:45.313307+00:00
4105904,PR,202512,ok,272005.0,423.0,2026-09-20T18:55:45.950751+00:00
4106001,PR,202512,ok,639550.0,933.0,2026-09-20T18:55:46.561626+00:00
4106100,PR,202512,ok,148139.0,227.0,2026-09-20T18:55:47.178472+00:00
4106209,PR,202512,ok,835407.0,1200.0,2026-09-20T18:55:47.791096+00:00
4106308,PR,202512,ok,249073.0,433.0,2026-09-20T18:55:48.401986+00:00
4106407,PR,202512,ok,954847.0,1403.0,2026-09-20T18:55:49.013078+00:00
4106456,PR,202512,ok,474640.0,680.0,2026-09-20T18:55:49.626961+00:00
4106506,PR,202512,ok,600706.0,906.0,2026-09-20T18:55:50.237930+00:00
4106555,PR,202512,ok,152247.0,226.0,2026-09-20T18:55:50.846414+00:00
4106571,PR,202512,ok,145709.0,212.0,2026-09-20T18:55:51.456727+00:00
4106605,PR,202512,ok,521751.0,786.0,2026-09-20T18:55:52.073986+00:00
4106704,PR,202512,ok,156328.0,241.0,2026-09-20T18:55:52.679814+00:00
4106803,PR,202512,ok,782045.0,1158.0,2026-09-20T18:56:57.391895+00:00
4106852,PR,202512,ok,140256.0,209.0,2026-09-20T18:56:58.009213+00:00
4106902,PR,202512,ok,34821505.0,53098.0,2026-09-20T18:56:58.643055+00:00
4107009,PR,202512,ok,832264.0,1208.0,2026-09-20T18:56:59.258212+00:00
4107108,PR,202512,ok,183593.0,277.0,2026-09-20T18:56:59.868507+00:00
4107124,PR,202512,ok,251621.0,368.0,2026-09-20T18:57:00.487177+00:00
4107157,PR,202512,ok,235849.0,331.0,2026-09-20T18:57:01.099908+00:00
4107207,PR,202512,ok,583887.0,979.0,2026-09-20T18:57:01.724861+00:00
4107256,PR,202512,ok,203134.0,315.0,2026-09-20T18:57:02.339220+00:00
4107306,PR,202512,ok,136293.0,211.0,2026-09-20T18:57:02.969588+00:00
4107405,PR,202512,ok,250127.0,366.0,2026-09-20T18:57:03.620638+00:00
4107504,PR,202512,ok,457842.0,694.0,2026-09-20T18:57:06.404770+00:00
4107520,PR,202512,ok,59516.0,85.0,2026-09-20T18:57:07.018714+00:00
4107538,PR,202512,ok,47493.0,67.0,2026-09-20T18:57:07.683671+00:00
4107546,PR,202512,ok,433089.0,622.0,2026-09-20T18:57:08.302738+00:00
4107553,PR,202512,ok,128433.0,189.0,2026-09-20T18:57:08.929725+00:00
4107603,PR,202512,ok,1001575.0,1436.0,2026-09-20T18:57:09.546147+00:00
4107652,PR,202512,ok,5615630.0,8203.0,2026-09-20T18:57:10.160110+00:00
4107702,PR,202512,ok,215701.0,327.0,2026-09-20T18:57:10.784957+00:00
4107736,PR,202512,ok,461181.0,673.0,2026-09-20T18:57:11.399491+00:00
4107751,PR,202512,ok,616585.0,924.0,2026-09-20T18:57:12.012410+00:00
4107801,PR,202512,ok,107417.0,151.0,2026-09-20T18:57:12.630042+00:00
4107850,PR,202512,ok,198592.0,291.0,2026-09-20T18:57:13.259318+00:00
4107900,PR,202512,ok,366760.0,497.0,2026-09-20T18:57:13.871634+00:00
4108007,PR,202512,ok,959940.0,1427.0,2026-09-20T18:57:14.489685+00:00
4108106,PR,202512,ok,92263.0,142.0,2026-09-20T18:57:15.093428+00:00
4108205,PR,202512,ok,128123.0,199.0,2026-09-20T18:57:15.693606+00:00
4108304,PR,202512,ok,12778853.0,18610.0,2026-09-20T18:57:16.296055+00:00
4108320,PR,202512,ok,309558.0,455.0,2026-09-20T18:57:16.899162+00:00
4108403,PR,202512,ok,1166028.0,1792.0,2026-09-20T18:57:17.502036+00:00
4108452,PR,202512,ok,360476.0,526.0,2026-09-20T18:57:18.105338+00:00
4108502,PR,202512,ok,769346.0,1141.0,2026-09-20T18:57:18.713347+00:00
4108551,PR,202512,ok,150234.0,242.0,2026-09-20T18:57:19.349394+00:00
4108601,PR,202512,ok,1372184.0,2058.0,2026-09-20T18:57:19.959384+00:00
4108650,PR,202512,ok,511493.0,757.0,2026-09-20T18:57:20.568140+00:00
4108700,PR,202512,ok,356045.0,532.0,2026-09-20T18:57:21.168325+00:00
4108809,PR,202512,ok,624190.0,941.0,2026-09-20T18:57:21.777353+00:00
4108908,PR,202512,ok,336607.0,485.0,2026-09-20T18:57:22.385053+00:00
4108957,PR,202512,ok,326337.0,464.0,2026-09-20T18:57:22.991632+00:00
4109005,PR,202512,ok,182779.0,275.0,2026-09-20T18:57:23.596525+00:00
4109104,PR,202512,ok,68521.0,105.0,2026-09-20T18:57:24.204185+00:00
4109203,PR,202512,ok,231602.0,334.0,2026-09-20T18:57:24.831504+00:00
4109302,PR,202512,ok,219198.0,354.0,2026-09-20T18:57:25.444051+00:00
4109401,PR,202512,ok,7891308.0,11294.0,2026-09-20T18:57:26.072869+00:00
4109500,PR,202512,ok,886838.0,1302.0,2026-09-20T18:57:26.677046+00:00
4109609,PR,202512,ok,2660691.0,3944.0,2026-09-20T18:57:27.293059+00:00
4109658,PR,202512,ok,213004.0,312.0,2026-09-20T18:57:27.900183+00:00
4109708,PR,202512,ok,832692.0,1219.0,2026-09-20T18:57:28.503843+00:00
4109757,PR,202512,ok,273079.0,434.0,2026-09-20T18:57:29.106136+00:00
4109807,PR,202512,ok,2072523.0,3122.0,2026-09-20T18:57:29.713069+00:00
4109906,PR,202512,ok,450382.0,636.0,2026-09-20T18:57:30.318835+00:00
4110003,PR,202512,ok,148816.0,227.0,2026-09-20T18:57:30.919300+00:00
4110052,PR,202512,ok,87797.0,132.0,2026-09-20T18:57:31.538689+00:00
4110078,PR,202512,ok,605906.0,912.0,2026-09-20T18:57:32.151390+00:00
4110102,PR,202512,ok,1152101.0,1688.0,2026-09-20T18:57:32.766909+00:00
4110201,PR,202512,ok,781015.0,1123.0,2026-09-20T18:57:33.383052+00:00
4110300,PR,202512,ok,135903.0,198.0,2026-09-20T18:57:33.997334+00:00
4110409,PR,202512,ok,136390.0,198.0,2026-09-20T18:57:34.612434+00:00
4110508,PR,202512,ok,441503.0,673.0,2026-09-20T18:57:35.247680+00:00
4110607,PR,202512,ok,345710.0,555.0,2026-09-20T18:57:35.860908+00:00
4110656,PR,202512,ok,62742.0,104.0,2026-09-20T18:57:36.468003+00:00
4110706,PR,202512,ok,2414749.0,3545.0,2026-09-20T18:57:37.078829+00:00
4110805,PR,202512,ok,498491.0,760.0,2026-09-20T18:57:37.690875+00:00
4110904,PR,202512,ok,127266.0,167.0,2026-09-20T18:57:38.304776+00:00
4110953,PR,202512,ok,256828.0,382.0,2026-09-20T18:57:41.133327+00:00
4111001,PR,202512,ok,275196.0,414.0,2026-09-20T18:57:41.747392+00:00
4111100,PR,202512,ok,36838.0,60.0,2026-09-20T18:57:42.367124+00:00
4111209,PR,202512,ok,276140.0,425.0,2026-09-20T18:57:43.030993+00:00
4111258,PR,202512,ok,2069886.0,2895.0,2026-09-20T18:57:43.662452+00:00
4111308,PR,202512,ok,158417.0,253.0,2026-09-20T18:57:44.280157+00:00
4111407,PR,202512,ok,719099.0,1048.0,2026-09-20T18:57:44.897821+00:00
4111506,PR,202512,ok,530968.0,825.0,2026-09-20T18:57:45.568453+00:00
4111555,PR,202512,ok,267494.0,394.0,2026-09-20T18:57:46.211156+00:00
4111605,PR,202512,ok,48508.0,80.0,2026-09-20T18:57:46.844848+00:00
4111704,PR,202512,ok,311205.0,453.0,2026-09-20T18:57:47.461158+00:00
4111803,PR,202512,ok,1860869.0,2710.0,2026-09-20T18:57:48.075054+00:00
4111902,PR,202512,ok,501538.0,736.0,2026-09-20T18:57:48.697829+00:00
4112009,PR,202512,ok,1359544.0,1996.0,2026-09-20T18:57:49.317334+00:00
4112108,PR,202512,ok,693297.0,1022.0,2026-09-20T18:57:49.953141+00:00
4112207,PR,202512,ok,199474.0,299.0,2026-09-20T18:57:50.560030+00:00
4112306,PR,202512,ok,128211.0,203.0,2026-09-20T18:57:51.167585+00:00
4112405,PR,202512,ok,288317.0,448.0,2026-09-20T18:57:51.766609+00:00
4112504,PR,202512,ok,489677.0,749.0,2026-09-20T18:57:52.389616+00:00
4112603,PR,202512,ok,58400.0,95.0,2026-09-20T18:57:53.051038+00:00
4112702,PR,202512,ok,671488.0,990.0,2026-09-20T18:57:53.702529+00:00
4112751,PR,202512,ok,383292.0,590.0,2026-09-20T18:57:54.321959+00:00
4112801,PR,202512,ok,403067.0,582.0,2026-09-20T18:57:54.930739+00:00
4112900,PR,202512,ok,184874.0,285.0,2026-09-20T18:57:55.543663+00:00
4112959,PR,202512,ok,286889.0,430.0,2026-09-20T18:57:56.148821+00:00
4113007,PR,202512,ok,167524.0,244.0,2026-09-20T18:57:56.751833+00:00
4113106,PR,202512,ok,259887.0,384.0,2026-09-20T18:57:57.393814+00:00
4113205,PR,202512,ok,1559074.0,2346.0,2026-09-20T18:57:57.990694+00:00
4113254,PR,202512,ok,604722.0,861.0,2026-09-20T18:57:58.608814+00:00
4113304,PR,202512,ok,807426.0,1204.0,2026-09-20T18:57:59.237285+00:00
4113403,PR,202512,ok,162569.0,243.0,2026-09-20T18:57:59.843515+00:00
4113429,PR,202512,ok,201041.0,307.0,2026-09-20T18:58:00.446516+00:00
4113452,PR,202512,ok,403506.0,575.0,2026-09-20T18:58:01.052540+00:00
4113502,PR,202512,ok,414861.0,641.0,2026-09-20T18:58:01.660757+00:00
4113601,PR,202512,ok,151700.0,229.0,2026-09-20T18:58:02.267224+00:00
4113700,PR,202512,ok,16220229.0,24192.0,2026-09-20T18:58:02.877125+00:00
4113734,PR,202512,ok,460757.0,658.0,2026-09-20T18:58:04.494176+00:00
4113759,PR,202512,ok,175500.0,279.0,2026-09-20T18:58:05.102722+00:00
4113809,PR,202512,ok,242665.0,353.0,2026-09-20T18:58:05.738067+00:00
4113908,PR,202512,ok,440484.0,648.0,2026-09-20T18:58:06.346968+00:00
4114005,PR,202512,ok,578328.0,865.0,2026-09-20T18:58:06.958897+00:00
4114104,PR,202512,ok,719129.0,1016.0,2026-09-20T18:58:07.569893+00:00
4114203,PR,202512,ok,379545.0,606.0,2026-09-20T18:58:08.183805+00:00
4114302,PR,202512,ok,1125452.0,1630.0,2026-09-20T18:58:08.795281+00:00
4114351,PR,202512,ok,51215.0,83.0,2026-09-20T18:58:09.411229+00:00
4114401,PR,202512,ok,682036.0,1049.0,2026-09-20T18:58:10.018047+00:00
4114500,PR,202512,ok,770790.0,1142.0,2026-09-20T18:58:10.631302+00:00
4114609,PR,202512,ok,723425.0,1053.0,2026-09-20T18:58:11.282423+00:00
4114708,PR,202512,ok,319527.0,467.0,2026-09-20T18:58:11.893485+00:00
4114807,PR,202512,ok,1068256.0,1615.0,2026-09-20T18:58:12.501234+00:00
4114906,PR,202512,ok,456617.0,705.0,2026-09-20T18:58:15.349869+00:00
4115002,PR,202512,ok,254191.0,383.0,2026-09-20T18:58:16.005807+00:00
4115101,PR,202512,ok,518795.0,741.0,2026-09-20T18:58:16.630358+00:00
4115200,PR,202512,ok,7597664.0,11187.0,2026-09-20T18:58:17.269734+00:00
4115309,PR,202512,ok,165186.0,233.0,2026-09-20T18:58:17.887575+00:00
4115358,PR,202512,ok,48047.0,89.0,2026-09-20T18:58:18.500150+00:00
4115408,PR,202512,ok,669422.0,962.0,2026-09-20T18:58:19.116469+00:00
4115457,PR,202512,ok,349465.0,516.0,2026-09-20T18:58:19.744595+00:00
4115507,PR,202512,ok,207522.0,300.0,2026-09-20T18:58:20.372973+00:00
4115606,PR,202512,ok,150268.0,218.0,2026-09-20T18:58:20.990627+00:00
4115705,PR,202512,ok,1730003.0,2550.0,2026-09-20T18:58:21.600931+00:00
4115739,PR,202512,ok,261939.0,392.0,2026-09-20T18:58:22.225438+00:00
4115754,PR,202512,ok,594319.0,870.0,2026-09-20T18:58:22.842864+00:00
4115804,PR,202512,ok,681405.0,1021.0,2026-09-20T18:58:23.464725+00:00
4115853,PR,202512,ok,40654.0,61.0,2026-09-20T18:58:24.079867+00:00
4115903,PR,202512,ok,99793.0,147.0,2026-09-20T18:58:24.699367+00:00
4116000,PR,202512,ok,58637.0,91.0,2026-09-20T18:58:25.305499+00:00
4116059,PR,202512,ok,383761.0,557.0,2026-09-20T18:58:25.905220+00:00
4116109,PR,202512,ok,712936.0,1061.0,2026-09-20T18:58:26.500664+00:00
4116208,PR,202512,ok,968166.0,1389.0,2026-09-20T18:58:27.102968+00:00
4116307,PR,202512,ok,174636.0,260.0,2026-09-20T18:58:27.723584+00:00
4116406,PR,202512,ok,48294.0,87.0,2026-09-20T18:58:28.329262+00:00
4116505,PR,202512,ok,32248.0,48.0,2026-09-20T18:58:28.929592+00:00
4116604,PR,202512,ok,196238.0,298.0,2026-09-20T18:58:29.533999+00:00
4116703,PR,202512,ok,357507.0,532.0,2026-09-20T18:58:30.140324+00:00
4116802,PR,202512,ok,358392.0,535.0,2026-09-20T18:58:30.771631+00:00
4116901,PR,202512,ok,913017.0,1378.0,2026-09-20T18:58:31.376892+00:00
4116950,PR,202512,ok,141591.0,210.0,2026-09-20T18:58:31.985276+00:00
4117008,PR,202512,ok,298894.0,465.0,2026-09-20T18:58:32.586064+00:00
4117057,PR,202512,ok,1178066.0,1734.0,2026-09-20T18:58:33.195448+00:00
4117107,PR,202512,ok,486538.0,717.0,2026-09-20T18:58:33.806224+00:00
4117206,PR,202512,ok,159633.0,245.0,2026-09-20T18:58:34.404529+00:00
4117214,PR,202512,ok,212041.0,322.0,2026-09-20T18:58:35.010754+00:00
4117222,PR,202512,ok,168629.0,252.0,2026-09-20T18:58:35.602648+00:00
4117255,PR,202512,ok,289443.0,426.0,2026-09-20T18:58:36.200171+00:00
4117271,PR,202512,ok,246063.0,370.0,2026-09-20T18:58:36.800144+00:00
4117297,PR,202512,ok,133064.0,216.0,2026-09-20T18:58:37.405620+00:00
4117305,PR,202512,ok,1505300.0,2302.0,2026-09-20T18:58:38.005982+00:00
4117404,PR,202512,ok,59499.0,90.0,2026-09-20T18:58:38.608443+00:00
4117453,PR,202512,ok,172100.0,260.0,2026-09-20T18:58:39.211890+00:00
4117503,PR,202512,ok,1581478.0,2316.0,2026-09-20T18:58:39.812346+00:00
4117602,PR,202512,ok,2132620.0,3131.0,2026-09-20T18:58:40.424179+00:00
4117701,PR,202512,ok,806586.0,1208.0,2026-09-20T18:58:41.032715+00:00
4117800,PR,202512,ok,799385.0,1170.0,2026-09-20T18:58:41.650693+00:00
4117909,PR,202512,ok,626101.0,959.0,2026-09-20T18:58:42.261105+00:00
4118006,PR,202512,ok,262889.0,383.0,2026-09-20T18:58:42.868689+00:00
4118105,PR,202512,ok,334749.0,495.0,2026-09-20T18:58:43.482837+00:00
4118204,PR,202512,ok,7358401.0,10460.0,2026-09-20T18:58:44.096266+00:00
4118303,PR,202512,ok,85607.0,122.0,2026-09-20T18:58:44.703446+00:00
4118402,PR,202512,ok,2770537.0,4132.0,2026-09-20T18:58:45.318321+00:00
4118451,PR,202512,ok,81431.0,131.0,2026-09-20T18:58:45.929729+00:00
4118501,PR,202512,ok,1453267.0,2198.0,2026-09-20T18:58:46.544790+00:00
4118600,PR,202512,ok,219587.0,322.0,2026-09-20T18:58:47.158264+00:00
4118709,PR,202512,ok,192482.0,282.0,2026-09-20T18:58:50.048151+00:00
4118808,PR,202512,ok,549568.0,817.0,2026-09-20T18:58:50.662360+00:00
4118857,PR,202512,ok,165118.0,232.0,2026-09-20T18:58:51.280397+00:00
4118907,PR,202512,ok,274213.0,405.0,2026-09-20T18:58:51.901794+00:00
4119004,PR,202512,ok,115097.0,186.0,2026-09-20T18:58:52.521157+00:00
4119103,PR,202512,ok,324467.0,460.0,2026-09-20T18:58:53.146587+00:00
4119152,PR,202512,ok,3928562.0,5835.0,2026-09-20T18:58:53.766719+00:00
4119202,PR,202512,ok,462766.0,665.0,2026-09-20T18:58:54.408444+00:00
4119251,PR,202512,ok,125942.0,187.0,2026-09-20T18:58:55.026822+00:00
4119301,PR,202512,ok,2071341.0,2887.0,2026-09-20T18:58:55.654503+00:00
4119400,PR,202512,ok,997771.0,1504.0,2026-09-20T18:58:56.271587+00:00
4119509,PR,202512,ok,5799523.0,8350.0,2026-09-20T18:58:56.888557+00:00
4119608,PR,202512,ok,1604872.0,2446.0,2026-09-20T18:58:57.507235+00:00
4119657,PR,202512,ok,130413.0,194.0,2026-09-20T18:58:58.118723+00:00
4119707,PR,202512,ok,215147.0,308.0,2026-09-20T18:58:58.761159+00:00
4119806,PR,202512,ok,395513.0,588.0,2026-09-20T18:58:59.375765+00:00
4119905,PR,202512,ok,11311468.0,16306.0,2026-09-20T18:58:59.975987+00:00
4119954,PR,202512,ok,1466565.0,2176.0,2026-09-20T18:59:00.574348+00:00
4120002,PR,202512,ok,485901.0,716.0,2026-09-20T18:59:01.184445+00:00
4120101,PR,202512,ok,114487.0,176.0,2026-09-20T18:59:01.789287+00:00
4120150,PR,202512,ok,154509.0,243.0,2026-09-20T18:59:02.396309+00:00
4120200,PR,202512,ok,99806.0,142.0,2026-09-20T18:59:03.005470+00:00
4120309,PR,202512,ok,212344.0,311.0,2026-09-20T18:59:03.621592+00:00
4120333,PR,202512,ok,177024.0,266.0,2026-09-20T18:59:04.230355+00:00
4120358,PR,202512,ok,151429.0,228.0,2026-09-20T18:59:04.841767+00:00
4120408,PR,202512,ok,127228.0,187.0,2026-09-20T18:59:05.478217+00:00
4120507,PR,202512,ok,279151.0,418.0,2026-09-20T18:59:06.081079+00:00
4120606,PR,202512,ok,1762713.0,2709.0,2026-09-20T18:59:06.688842+00:00
4120655,PR,202512,ok,125331.0,187.0,2026-09-20T18:59:07.296710+00:00
4120705,PR,202512,ok,336833.0,494.0,2026-09-20T18:59:07.904985+00:00
4120804,PR,202512,ok,794933.0,1151.0,2026-09-20T18:59:08.513131+00:00
4120853,PR,202512,ok,25006.0,45.0,2026-09-20T18:59:09.119375+00:00
4120903,PR,202512,ok,1846187.0,2742.0,2026-09-20T18:59:09.725115+00:00
4121000,PR,202512,ok,420388.0,633.0,2026-09-20T19:00:15.195550+00:00
4121109,PR,202512,ok,177314.0,259.0,2026-09-20T19:00:15.804137+00:00
4121208,PR,202512,ok,646338.0,941.0,2026-09-20T19:00:16.410708+00:00
4121257,PR,202512,ok,118543.0,179.0,2026-09-20T19:00:17.068999+00:00
4121307,PR,202512,ok,166264.0,256.0,2026-09-20T19:00:17.671121+00:00
4121356,PR,202512,ok,84153.0,139.0,2026-09-20T19:00:18.276542+00:00
4121406,PR,202512,ok,342400.0,517.0,2026-09-20T19:00:18.881687+00:00
4121505,PR,202512,ok,1044260.0,1548.0,2026-09-20T19:00:19.495324+00:00
4121604,PR,202512,ok,56570.0,83.0,2026-09-20T19:00:20.096604+00:00
4121703,PR,202512,ok,1710563.0,2592.0,2026-09-20T19:00:20.701102+00:00
4121752,PR,202512,ok,313157.0,464.0,2026-09-20T19:00:21.315551+00:00
4121802,PR,202512,ok,373213.0,558.0,2026-09-20T19:00:21.920767+00:00
4121901,PR,202512,ok,655692.0,1010.0,2026-09-20T19:00:22.570193+00:00
4122008,PR,202512,ok,305846.0,496.0,2026-09-20T19:00:23.184295+00:00
4122107,PR,202512,ok,137852.0,205.0,2026-09-20T19:00:23.813024+00:00
4122156,PR,202512,ok,951539.0,1421.0,2026-09-20T19:00:24.433347+00:00
4122172,PR,202512,ok,418924.0,616.0,2026-09-20T19:00:25.048286+00:00
4122206,PR,202512,ok,1646993.0,2359.0,2026-09-20T19:00:25.712836+00:00
4122305,PR,202512,ok,664378.0,978.0,2026-09-20T19:00:26.320098+00:00
4122404,PR,202512,ok,1716854.0,2541.0,2026-09-20T19:00:26.926012+00:00
4122503,PR,202512,ok,297656.0,484.0,2026-09-20T19:00:27.551800+00:00
4122602,PR,202512,ok,257155.0,384.0,2026-09-20T19:00:28.162281+00:00
4122651,PR,202512,ok,391016.0,562.0,2026-09-20T19:00:28.789685+00:00
4122701,PR,202512,ok,273739.0,397.0,2026-09-20T19:00:29.416329+00:00
4122800,PR,202512,ok,73564.0,115.0,2026-09-20T19:00:30.021556+00:00
4122909,PR,202512,ok,317557.0,458.0,2026-09-20T19:00:30.634059+00:00
4123006,PR,202512,ok,465468.0,668.0,2026-09-20T19:00:33.391364+00:00
4123105,PR,202512,ok,106529.0,166.0,2026-09-20T19:00:34.007682+00:00
4123204,PR,202512,ok,141520.0,210.0,2026-09-20T19:00:34.623432+00:00
4123303,PR,202512,ok,360843.0,538.0,2026-09-20T19:00:35.244253+00:00
4123402,PR,202512,ok,152155.0,245.0,2026-09-20T19:00:35.865716+00:00
4123501,PR,202512,ok,523539.0,789.0,2026-09-20T19:00:36.474918+00:00
4123600,PR,202512,ok,80937.0,116.0,2026-09-20T19:00:37.114462+00:00
4123709,PR,202512,ok,194541.0,311.0,2026-09-20T19:00:37.723667+00:00
4123808,PR,202512,ok,214318.0,328.0,2026-09-20T19:00:38.347103+00:00
4123824,PR,202512,ok,135901.0,200.0,2026-09-20T19:00:38.964028+00:00
4123857,PR,202512,ok,725278.0,1076.0,2026-09-20T19:00:39.576010+00:00
4123907,PR,202512,ok,540388.0,835.0,2026-09-20T19:00:40.189446+00:00
4123956,PR,202512,ok,165823.0,241.0,2026-09-20T19:00:40.802200+00:00
4124004,PR,202512,ok,265813.0,393.0,2026-09-20T19:00:41.419226+00:00
4124020,PR,202512,ok,424894.0,631.0,2026-09-20T19:00:42.024136+00:00
4124053,PR,202512,ok,787475.0,1179.0,2026-09-20T19:00:42.641876+00:00
4124103,PR,202512,ok,1889805.0,2783.0,2026-09-20T19:00:43.243031+00:00
4124202,PR,202512,ok,80853.0,120.0,2026-09-20T19:00:43.842639+00:00
4124301,PR,202512,ok,90235.0,130.0,2026-09-20T19:00:44.446303+00:00
4124400,PR,202512,ok,694658.0,1026.0,2026-09-20T19:00:45.049422+00:00
4124509,PR,202512,ok,49753.0,74.0,2026-09-20T19:00:45.650676+00:00
4124608,PR,202512,ok,273132.0,421.0,2026-09-20T19:00:46.254509+00:00
4124707,PR,202512,ok,685814.0,963.0,2026-09-20T19:00:46.865185+00:00
4124806,PR,202512,ok,207874.0,308.0,2026-09-20T19:00:47.469821+00:00
4124905,PR,202512,ok,319062.0,470.0,2026-09-20T19:00:48.076705+00:00
4125001,PR,202512,ok,454982.0,681.0,2026-09-20T19:00:48.679201+00:00
4125100,PR,202512,ok,343705.0,524.0,2026-09-20T19:00:49.286489+00:00
4125209,PR,202512,ok,154316.0,235.0,2026-09-20T19:00:49.897242+00:00
4125308,PR,202512,ok,90869.0,148.0,2026-09-20T19:00:50.494576+00:00
4125357,PR,202512,ok,116077.0,170.0,2026-09-20T19:00:51.101298+00:00
4125407,PR,202512,ok,222291.0,314.0,2026-09-20T19:00:51.709965+00:00
4125456,PR,202512,ok,161255.0,238.0,2026-09-20T19:00:52.315866+00:00
4125506,PR,202512,ok,9922816.0,14604.0,2026-09-20T19:00:52.918267+00:00
4125555,PR,202512,ok,45424.0,71.0,2026-09-20T19:00:53.526333+00:00
4125605,PR,202512,ok,840780.0,1432.0,2026-09-20T19:00:54.155287+00:00
4125704,PR,202512,ok,1072631.0,1557.0,2026-09-20T19:00:54.761171+00:00
4125753,PR,202512,ok,344921.0,519.0,2026-09-20T19:00:55.371518+00:00
4125803,PR,202512,ok,415553.0,622.0,2026-09-20T19:00:55.989702+00:00
4125902,PR,202512,ok,60506.0,89.0,2026-09-20T19:00:56.637089+00:00
4126009,PR,202512,ok,525083.0,810.0,2026-09-20T19:00:57.251512+00:00
4126108,PR,202512,ok,147277.0,220.0,2026-09-20T19:00:57.865208+00:00
4126207,PR,202512,ok,411685.0,612.0,2026-09-20T19:00:58.472148+00:00
4126256,PR,202512,ok,2128745.0,3062.0,2026-09-20T19:00:59.085339+00:00
4126272,PR,202512,ok,232700.0,347.0,2026-09-20T19:00:59.699609+00:00
4126306,PR,202512,ok,588769.0,831.0,2026-09-20T19:01:00.327976+00:00
4126355,PR,202512,ok,96453.0,143.0,2026-09-20T19:01:00.940101+00:00
4126405,PR,202512,ok,142052.0,216.0,2026-09-20T19:01:01.554162+00:00
4126504,PR,202512,ok,454213.0,694.0,2026-09-20T19:01:02.166853+00:00
4126603,PR,202512,ok,664279.0,988.0,2026-09-20T19:01:02.780925+00:00
4126652,PR,202512,ok,92533.0,142.0,2026-09-20T19:01:03.394739+00:00
4126678,PR,202512,ok,505847.0,738.0,2026-09-20T19:01:04.004283+00:00
4126702,PR,202512,ok,162683.0,252.0,2026-09-20T19:01:04.614864+00:00
4126801,PR,202512,ok,433421.0,623.0,2026-09-20T19:01:05.229446+00:00
4126900,PR,202512,ok,192600.0,304.0,2026-09-20T19:01:08.113488+00:00
4127007,PR,202512,ok,551889.0,795.0,2026-09-20T19:01:08.725146+00:00
4127106,PR,202512,ok,1103149.0,1612.0,2026-09-20T19:01:09.348323+00:00
4127205,PR,202512,ok,286289.0,434.0,2026-09-20T19:01:09.968310+00:00
4127304,PR,202512,ok,705896.0,1054.0,2026-09-20T19:01:10.590066+00:00
4127403,PR,202512,ok,444077.0,618.0,2026-09-20T19:01:11.208820+00:00
4127502,PR,202512,ok,1281026.0,1900.0,2026-09-20T19:01:11.834214+00:00
4127601,PR,202512,ok,1096745.0,1607.0,2026-09-20T19:01:12.563685+00:00
4127700,PR,202512,ok,2125820.0,3226.0,2026-09-20T19:01:13.178009+00:00
4127809,PR,202512,ok,298982.0,463.0,2026-09-20T19:01:13.790376+00:00
4127858,PR,202512,ok,531176.0,818.0,2026-09-20T19:01:14.402582+00:00
4127882,PR,202512,ok,503717.0,715.0,2026-09-20T19:01:15.019290+00:00
4127908,PR,202512,ok,253657.0,375.0,2026-09-20T19:01:15.635443+00:00
4127957,PR,202512,ok,185061.0,271.0,2026-09-20T19:01:16.327625+00:00
4127965,PR,202512,ok,619881.0,954.0,2026-09-20T19:01:16.945757+00:00
4128005,PR,202512,ok,1022176.0,1564.0,2026-09-20T19:01:17.555295+00:00
4128104,PR,202512,ok,2915133.0,4301.0,2026-09-20T19:01:18.160947+00:00
4128203,PR,202512,ok,1481768.0,2192.0,2026-09-20T19:01:18.772821+00:00
4128302,PR,202512,ok,82645.0,123.0,2026-09-20T19:01:19.390209+00:00
4128401,PR,202512,ok,480540.0,734.0,2026-09-20T19:01:20.004041+00:00
4128500,PR,202512,ok,1071362.0,1549.0,2026-09-20T19:01:20.616291+00:00
4128534,PR,202512,ok,523661.0,784.0,2026-09-20T19:01:22.241136+00:00
4128559,PR,202512,ok,165201.0,261.0,2026-09-20T19:01:22.854796+00:00
4128609,PR,202512,ok,139161.0,217.0,2026-09-20T19:01:23.462188+00:00
4128625,PR,202512,ok,175490.0,272.0,2026-09-20T19:01:24.070821+00:00
4128633,PR,202512,ok,542785.0,820.0,2026-09-20T19:01:24.727502+00:00
4128658,PR,202512,ok,115320.0,176.0,2026-09-20T19:01:25.335230+00:00
4128708,PR,202512,ok,319902.0,439.0,2026-09-20T19:01:25.941355+00:00
4128807,PR,202512,ok,280295.0,405.0,2026-09-20T19:01:26.553883+00:00
4200051,SC,202512,ok,116757.0,163.0,2026-09-20T19:01:27.160302+00:00
4200101,SC,202512,ok,983719.0,1401.0,2026-09-20T19:01:27.766987+00:00
4200200,SC,202512,ok,117747.0,162.0,2026-09-20T19:01:28.368741+00:00
4200309,SC,202512,ok,52832.0,68.0,2026-09-20T19:01:28.976318+00:00
4200408,SC,202512,ok,51250.0,75.0,2026-09-20T19:01:29.580972+00:00
4200507,SC,202512,ok,147787.0,225.0,2026-09-20T19:01:30.180290+00:00
4200556,SC,202512,ok,22734.0,37.0,2026-09-20T19:01:30.785451+00:00
4200606,SC,202512,ok,116791.0,160.0,2026-09-20T19:01:31.402184+00:00
4200705,SC,202512,ok,301493.0,449.0,2026-09-20T19:01:32.020273+00:00
4200754,SC,202512,ok,11687.0,19.0,2026-09-20T19:01:32.635254+00:00
4200804,SC,202512,ok,58752.0,97.0,2026-09-20T19:01:33.250771+00:00
4200903,SC,202512,ok,98724.0,148.0,2026-09-20T19:01:33.920835+00:00
4201000,SC,202512,ok,442444.0,661.0,2026-09-20T19:01:34.537583+00:00
4201109,SC,202512,ok,56124.0,81.0,2026-09-20T19:01:35.152672+00:00
4201208,SC,202512,ok,111680.0,166.0,2026-09-20T19:01:35.763844+00:00
4201257,SC,202512,ok,79888.0,107.0,2026-09-20T19:01:36.376233+00:00
4201273,SC,202512,ok,42975.0,61.0,2026-09-20T19:01:36.989174+00:00
4201307,SC,202512,ok,1259850.0,1786.0,2026-09-20T19:01:37.599727+00:00
4201406,SC,202512,ok,1369223.0,2010.0,2026-09-20T19:01:38.209133+00:00
4201505,SC,202512,ok,228206.0,308.0,2026-09-20T19:01:38.818002+00:00
4201604,SC,202512,ok,15848.0,26.0,2026-09-20T19:01:39.406945+00:00
4201653,SC,202512,ok,32800.0,42.0,2026-09-20T19:01:40.021933+00:00
4201703,SC,202512,ok,106289.0,138.0,2026-09-20T19:01:42.679472+00:00
4201802,SC,202512,ok,27280.0,38.0,2026-09-20T19:01:43.292119+00:00
4201901,SC,202512,ok,47994.0,66.0,2026-09-20T19:01:43.909767+00:00
4201950,SC,202512,ok,799964.0,1104.0,2026-09-20T19:01:44.527238+00:00
4202008,SC,202512,ok,1702269.0,2595.0,2026-09-20T19:01:45.139508+00:00
4202057,SC,202512,ok,550739.0,788.0,2026-09-20T19:01:45.755857+00:00
4202073,SC,202512,ok,601717.0,834.0,2026-09-20T19:01:46.372632+00:00
4202081,SC,202512,ok,81970.0,125.0,2026-09-20T19:01:46.986659+00:00
4202099,SC,202512,ok,44499.0,63.0,2026-09-20T19:01:47.606834+00:00
4202107,SC,202512,ok,1182750.0,1715.0,2026-09-20T19:01:48.220003+00:00
4202131,SC,202512,ok,209285.0,319.0,2026-09-20T19:01:48.839214+00:00
4202156,SC,202512,ok,52066.0,75.0,2026-09-20T19:01:49.453241+00:00
4202206,SC,202512,ok,95532.0,131.0,2026-09-20T19:01:50.061103+00:00
4202305,SC,202512,ok,2133933.0,3159.0,2026-09-20T19:01:50.668244+00:00
4202404,SC,202512,ok,4236563.0,6299.0,2026-09-20T19:01:51.271918+00:00
4202438,SC,202512,ok,161842.0,262.0,2026-09-20T19:01:51.881858+00:00
4202453,SC,202512,ok,675748.0,971.0,2026-09-20T19:01:52.489008+00:00
4202503,SC,202512,ok,325415.0,452.0,2026-09-20T19:01:53.102124+00:00
4202537,SC,202512,ok,158409.0,236.0,2026-09-20T19:01:53.706895+00:00
4202578,SC,202512,ok,49252.0,68.0,2026-09-20T20:50:27.701993+00:00
4202602,SC,202512,ok,301063.0,450.0,2026-09-20T20:50:28.370537+00:00
4202701,SC,202512,ok,58619.0,88.0,2026-09-20T20:50:29.023860+00:00
4202800,SC,202512,ok,597345.0,845.0,2026-09-20T20:50:29.669798+00:00
4202859,SC,202512,ok,4081.0,9.0,2026-09-20T20:50:30.279985+00:00
4202875,SC,202512,ok,104473.0,157.0,2026-09-20T20:50:30.892611+00:00
4202909,SC,202512,ok,1526972.0,2309.0,2026-09-20T20:50:31.508238+00:00
4203006,SC,202512,ok,1718793.0,2527.0,2026-09-20T20:50:32.119746+00:00
4203105,SC,202512,ok,43352.0,72.0,2026-09-20T20:50:32.736350+00:00
4203154,SC,202512,ok,198517.0,287.0,2026-09-20T20:50:33.370188+00:00
4203204,SC,202512,ok,1779254.0,2646.0,2026-09-20T20:50:33.978650+00:00
4203253,SC,202512,ok,61913.0,92.0,2026-09-20T20:50:34.630347+00:00
4203303,SC,202512,ok,242117.0,331.0,2026-09-20T20:50:35.240155+00:00
4203402,SC,202512,ok,351771.0,549.0,2026-09-20T20:50:35.859215+00:00
4203501,SC,202512,ok,444225.0,672.0,2026-09-20T20:50:36.466903+00:00
4203600,SC,202512,ok,233631.0,336.0,2026-09-20T20:50:37.080935+00:00
4203709,SC,202512,ok,833280.0,1174.0,2026-09-20T20:50:37.726674+00:00
4203808,SC,202512,ok,1221013.0,1779.0,2026-09-20T20:50:38.339523+00:00
4203907,SC,202512,ok,190698.0,283.0,2026-09-20T20:50:38.953157+00:00
4203956,SC,202512,ok,221869.0,336.0,2026-09-20T20:50:39.596303+00:00
4204004,SC,202512,ok,268526.0,399.0,2026-09-20T20:50:40.205501+00:00
4204103,SC,202512,ok,134771.0,202.0,2026-09-20T20:50:40.817631+00:00
4204152,SC,202512,ok,124661.0,171.0,2026-09-20T20:50:41.446079+00:00
4204178,SC,202512,ok,182250.0,285.0,2026-09-20T20:50:42.054988+00:00
4204194,SC,202512,ok,22602.0,33.0,2026-09-20T20:50:42.666979+00:00
4204202,SC,202512,ok,2590552.0,4016.0,2026-09-20T20:50:43.282839+00:00
4204251,SC,202512,ok,131771.0,199.0,2026-09-20T20:50:43.889705+00:00
4204301,SC,202512,ok,707622.0,1042.0,2026-09-20T20:50:44.502335+00:00
4204350,SC,202512,ok,122552.0,177.0,2026-09-20T20:50:45.112219+00:00
4204400,SC,202512,ok,240806.0,361.0,2026-09-20T20:50:45.715670+00:00
4204459,SC,202512,ok,35385.0,55.0,2026-09-20T20:50:46.320942+00:00
4204509,SC,202512,ok,237634.0,328.0,2026-09-20T20:50:46.933933+00:00
4204558,SC,202512,ok,604355.0,867.0,2026-09-20T20:50:47.570557+00:00
4204608,SC,202512,ok,3064855.0,4483.0,2026-09-20T20:50:48.177449+00:00
4204707,SC,202512,ok,105350.0,159.0,2026-09-20T20:50:48.795955+00:00
4204756,SC,202512,ok,3610.0,6.0,2026-09-20T20:50:49.408103+00:00
4204806,SC,202512,ok,1385544.0,2028.0,2026-09-20T20:50:50.027239+00:00
4204905,SC,202512,ok,89701.0,132.0,2026-09-20T20:50:50.650471+00:00
4205001,SC,202512,ok,361236.0,498.0,2026-09-20T20:50:51.273669+00:00
4205100,SC,202512,ok,33775.0,53.0,2026-09-20T20:50:52.517390+00:00
4205159,SC,202512,ok,32620.0,48.0,2026-09-20T20:50:53.162578+00:00
4205175,SC,202512,ok,283729.0,435.0,2026-09-20T20:50:53.781173+00:00
4205191,SC,202512,ok,73785.0,108.0,2026-09-20T20:50:54.430994+00:00
4205209,SC,202512,ok,14946.0,26.0,2026-09-20T20:50:55.053947+00:00
4205308,SC,202512,ok,138357.0,210.0,2026-09-20T20:50:55.711553+00:00
4205357,SC,202512,ok,26952.0,40.0,2026-09-20T20:50:56.330373+00:00
4205407,SC,202512,ok,8284073.0,12439.0,2026-09-20T20:50:57.004840+00:00
4205431,SC,202512,ok,48224.0,74.0,2026-09-20T20:50:57.617939+00:00
4205456,SC,202512,ok,581153.0,820.0,2026-09-20T20:50:58.230365+00:00
4205506,SC,202512,ok,770783.0,1228.0,2026-09-20T20:50:58.862000+00:00
4205555,SC,202512,ok,96703.0,151.0,2026-09-20T20:50:59.480097+00:00
4205605,SC,202512,ok,138087.0,202.0,2026-09-20T20:52:01.581817+00:00
4205704,SC,202512,ok,1077680.0,1567.0,2026-09-20T20:52:02.227690+00:00
4205803,SC,202512,ok,258470.0,373.0,2026-09-20T20:52:02.874201+00:00
4205902,SC,202512,ok,839445.0,1213.0,2026-09-20T20:52:03.528746+00:00
4206009,SC,202512,ok,593927.0,843.0,2026-09-20T20:52:04.144572+00:00
4206108,SC,202512,ok,174624.0,246.0,2026-09-20T20:52:04.756520+00:00
4206207,SC,202512,ok,180385.0,266.0,2026-09-20T20:52:05.379757+00:00
4206306,SC,202512,ok,388943.0,564.0,2026-09-20T20:52:05.997732+00:00
4206405,SC,202512,ok,34039.0,54.0,2026-09-20T20:52:06.619693+00:00
4206504,SC,202512,ok,814197.0,1234.0,2026-09-20T20:52:07.236299+00:00
4206603,SC,202512,ok,48909.0,74.0,2026-09-20T20:52:07.852844+00:00
4206652,SC,202512,ok,160928.0,254.0,2026-09-20T20:52:08.485677+00:00
4206702,SC,202512,ok,189685.0,275.0,2026-09-20T20:52:09.098801+00:00
4206751,SC,202512,ok,81845.0,113.0,2026-09-20T20:52:09.735199+00:00
4206801,SC,202512,ok,56952.0,83.0,2026-09-20T20:52:10.349664+00:00
4206900,SC,202512,ok,126265.0,203.0,2026-09-20T20:52:10.963041+00:00
4207007,SC,202512,ok,1084035.0,1599.0,2026-09-20T20:52:11.603927+00:00
4207106,SC,202512,ok,452140.0,630.0,2026-09-20T20:52:12.229823+00:00
4207205,SC,202512,ok,472963.0,685.0,2026-09-20T20:52:12.857029+00:00
4207304,SC,202512,ok,1279995.0,1773.0,2026-09-20T20:52:13.478119+00:00
4207403,SC,202512,ok,92770.0,132.0,2026-09-20T20:52:14.109462+00:00
4207502,SC,202512,ok,561225.0,832.0,2026-09-20T20:52:14.730453+00:00
4207577,SC,202512,ok,21908.0,35.0,2026-09-20T20:52:15.357327+00:00
4207601,SC,202512,ok,36692.0,56.0,2026-09-20T20:52:15.972102+00:00
4207650,SC,202512,ok,44281.0,75.0,2026-09-20T20:52:16.620036+00:00
4207684,SC,202512,ok,606993.0,862.0,2026-09-20T20:52:17.245068+00:00
4207700,SC,202512,ok,39133.0,52.0,2026-09-20T20:52:17.860921+00:00
4207759,SC,202512,ok,83913.0,123.0,2026-09-20T20:52:18.470375+00:00
4207809,SC,202512,ok,173882.0,248.0,2026-09-20T20:52:19.083140+00:00
4207858,SC,202512,ok,51595.0,78.0,2026-09-20T20:52:19.703036+00:00
4207908,SC,202512,ok,337683.0,482.0,2026-09-20T20:52:20.327299+00:00
4208005,SC,202512,ok,215145.0,299.0,2026-09-20T20:52:20.962800+00:00
4208104,SC,202512,ok,350355.0,556.0,2026-09-20T20:52:21.585886+00:00
4208203,SC,202512,ok,4676492.0,6810.0,2026-09-20T20:52:22.211777+00:00
4208302,SC,202512,ok,1468998.0,2117.0,2026-09-20T20:52:22.843065+00:00
4208401,SC,202512,ok,122643.0,180.0,2026-09-20T20:52:23.491432+00:00
4208450,SC,202512,ok,879480.0,1263.0,2026-09-20T20:52:24.105697+00:00
4208500,SC,202512,ok,333863.0,479.0,2026-09-20T20:52:24.712197+00:00
4208609,SC,202512,ok,107698.0,142.0,2026-09-20T20:52:25.332699+00:00
4208708,SC,202512,ok,230108.0,308.0,2026-09-20T20:52:25.943561+00:00
4208807,SC,202512,ok,399649.0,556.0,2026-09-20T20:52:26.551440+00:00
4208906,SC,202512,ok,1865322.0,2808.0,2026-09-20T20:52:27.168809+00:00
4208955,SC,202512,ok,53553.0,78.0,2026-09-20T20:52:27.784033+00:00
4209003,SC,202512,ok,305707.0,453.0,2026-09-20T20:52:28.409658+00:00
4209102,SC,202512,ok,9213228.0,13493.0,2026-09-20T20:52:29.049506+00:00
4209151,SC,202512,ok,259198.0,326.0,2026-09-20T20:52:29.672241+00:00
4209177,SC,202512,ok,58843.0,89.0,2026-09-20T20:52:30.792848+00:00
4209201,SC,202512,ok,5462.0,8.0,2026-09-20T20:52:32.409045+00:00
4209300,SC,202512,ok,5392645.0,7904.0,2026-09-20T20:52:33.047420+00:00
4209409,SC,202512,ok,918236.0,1304.0,2026-09-20T20:52:33.659627+00:00
4209458,SC,202512,ok,31648.0,46.0,2026-09-20T20:52:34.271402+00:00
4209508,SC,202512,ok,89982.0,131.0,2026-09-20T20:52:34.880015+00:00
4209607,SC,202512,ok,217024.0,324.0,2026-09-20T20:52:35.492767+00:00
4209706,SC,202512,ok,581475.0,828.0,2026-09-20T20:52:36.102626+00:00
4209805,SC,202512,ok,55134.0,82.0,2026-09-20T20:52:36.725123+00:00
4209854,SC,202512,ok,57618.0,92.0,2026-09-20T20:52:37.337766+00:00
4209904,SC,202512,ok,68658.0,97.0,2026-09-20T20:52:37.954385+00:00
4210001,SC,202512,ok,140437.0,213.0,2026-09-20T20:52:38.571472+00:00
4210035,SC,202512,ok,17339.0,24.0,2026-09-20T20:52:39.189381+00:00
4210050,SC,202512,ok,27463.0,44.0,2026-09-20T20:52:39.812030+00:00
4210100,SC,202512,ok,1044000.0,1493.0,2026-09-20T20:52:40.446142+00:00
4210209,SC,202512,ok,144057.0,203.0,2026-09-20T20:52:41.060682+00:00
4210308,SC,202512,ok,301361.0,451.0,2026-09-20T20:52:41.674613+00:00
4210407,SC,202512,ok,173182.0,246.0,2026-09-20T20:52:42.286392+00:00
4210506,SC,202512,ok,214859.0,330.0,2026-09-20T20:52:42.890367+00:00
4210555,SC,202512,ok,30332.0,44.0,2026-09-20T20:52:43.508249+00:00
4210605,SC,202512,ok,221046.0,337.0,2026-09-20T20:52:44.113935+00:00
4210704,SC,202512,ok,175129.0,241.0,2026-09-20T20:52:44.733834+00:00
4210803,SC,202512,ok,122677.0,183.0,2026-09-20T20:52:45.362610+00:00
4210852,SC,202512,ok,14411.0,26.0,2026-09-20T20:52:46.000011+00:00
4210902,SC,202512,ok,62033.0,87.0,2026-09-20T20:52:46.641081+00:00
4211009,SC,202512,ok,19267.0,30.0,2026-09-20T20:52:47.272239+00:00
4211058,SC,202512,ok,302223.0,464.0,2026-09-20T20:52:47.882959+00:00
4211108,SC,202512,ok,445714.0,602.0,2026-09-20T20:52:48.495602+00:00
4211207,SC,202512,ok,250739.0,366.0,2026-09-20T20:52:49.107984+00:00
4211256,SC,202512,ok,77272.0,117.0,2026-09-20T20:52:49.731386+00:00
4211306,SC,202512,ok,2877329.0,4122.0,2026-09-20T20:52:50.345794+00:00
4211405,SC,202512,ok,120360.0,167.0,2026-09-20T20:52:50.955047+00:00
4211454,SC,202512,ok,76955.0,121.0,2026-09-20T20:52:51.596463+00:00
4211504,SC,202512,ok,216700.0,312.0,2026-09-20T20:52:52.208259+00:00
4211603,SC,202512,ok,146628.0,234.0,2026-09-20T20:52:52.849203+00:00
4211652,SC,202512,ok,28487.0,44.0,2026-09-20T20:52:53.477493+00:00
4211702,SC,202512,ok,394592.0,574.0,2026-09-20T20:52:54.113985+00:00
4211751,SC,202512,ok,280750.0,414.0,2026-09-20T20:52:54.755531+00:00
4211801,SC,202512,ok,39608.0,56.0,2026-09-20T20:52:55.377382+00:00
4211850,SC,202512,ok,97090.0,145.0,2026-09-20T20:52:56.012876+00:00
4211876,SC,202512,ok,23382.0,36.0,2026-09-20T20:52:56.627968+00:00
4211892,SC,202512,ok,74671.0,111.0,2026-09-20T20:52:57.243902+00:00
4211900,SC,202512,ok,5277445.0,7611.0,2026-09-20T20:52:57.861928+00:00
4212007,SC,202512,ok,269220.0,404.0,2026-09-20T20:52:58.472008+00:00
4212056,SC,202512,ok,77008.0,113.0,2026-09-20T20:52:59.106992+00:00
4212106,SC,202512,ok,216576.0,332.0,2026-09-20T20:52:59.720058+00:00
4212205,SC,202512,ok,314872.0,501.0,2026-09-20T20:53:00.327815+00:00
4212239,SC,202512,ok,107105.0,157.0,2026-09-20T20:53:00.954941+00:00
4212254,SC,202512,ok,506473.0,702.0,2026-09-20T20:53:01.636824+00:00
4212270,SC,202512,ok,202740.0,293.0,2026-09-20T20:53:02.274123+00:00
4212304,SC,202512,ok,252454.0,374.0,2026-09-20T20:53:02.911784+00:00
4212403,SC,202512,ok,49280.0,71.0,2026-09-20T20:53:04.011087+00:00
4212502,SC,202512,ok,900312.0,1239.0,2026-09-20T20:53:04.647107+00:00
4212601,SC,202512,ok,9530.0,17.0,2026-09-20T20:53:05.261943+00:00
4212650,SC,202512,ok,386871.0,584.0,2026-09-20T20:53:05.873508+00:00
4212700,SC,202512,ok,97287.0,144.0,2026-09-20T20:53:06.476563+00:00
4212809,SC,202512,ok,746789.0,1093.0,2026-09-20T20:53:07.123671+00:00
4212908,SC,202512,ok,106097.0,158.0,2026-09-20T20:53:07.737350+00:00
4213005,SC,202512,ok,17462.0,30.0,2026-09-20T20:53:08.353459+00:00
4213104,SC,202512,ok,70382.0,107.0,2026-09-20T20:53:08.980334+00:00
4213153,SC,202512,ok,33854.0,51.0,2026-09-20T20:53:09.599204+00:00
4213203,SC,202512,ok,44601.0,67.0,2026-09-20T20:53:10.222785+00:00
4213302,SC,202512,ok,102347.0,157.0,2026-09-20T20:53:10.847457+00:00
4213351,SC,202512,ok,145528.0,210.0,2026-09-20T20:53:11.474193+00:00
4213401,SC,202512,ok,363433.0,520.0,2026-09-20T20:53:12.099995+00:00
4213500,SC,202512,ok,392397.0,580.0,2026-09-20T20:53:12.724746+00:00
4213609,SC,202512,ok,419555.0,638.0,2026-09-20T20:53:13.339106+00:00
4213708,SC,202512,ok,127030.0,214.0,2026-09-20T20:53:13.952351+00:00
4213807,SC,202512,ok,295381.0,439.0,2026-09-20T20:53:14.567421+00:00
4213906,SC,202512,ok,29742.0,42.0,2026-09-20T20:53:15.193650+00:00
4214003,SC,202512,ok,172776.0,238.0,2026-09-20T20:53:15.807218+00:00
4214102,SC,202512,ok,28774.0,42.0,2026-09-20T20:53:16.419663+00:00
4214151,SC,202512,ok,44128.0,67.0,2026-09-20T20:53:17.061370+00:00
4214201,SC,202512,ok,159171.0,242.0,2026-09-20T20:53:17.684541+00:00
4214300,SC,202512,ok,15292.0,23.0,2026-09-20T20:53:18.324213+00:00
4214409,SC,202512,ok,182267.0,266.0,2026-09-20T20:53:18.970434+00:00
4214508,SC,202512,ok,45002.0,64.0,2026-09-20T20:53:19.602720+00:00
4214607,SC,202512,ok,13309.0,19.0,2026-09-20T20:53:20.270859+00:00
4214706,SC,202512,ok,72088.0,110.0,2026-09-20T20:53:20.889894+00:00
4214805,SC,202512,ok,989770.0,1423.0,2026-09-20T20:53:21.503358+00:00
4214904,SC,202512,ok,16295.0,24.0,2026-09-20T20:53:22.110064+00:00
4215000,SC,202512,ok,725425.0,1016.0,2026-09-20T20:53:22.723514+00:00
4215059,SC,202512,ok,100896.0,153.0,2026-09-20T20:53:23.341510+00:00
4215075,SC,202512,ok,61072.0,97.0,2026-09-20T20:53:23.962283+00:00
4215109,SC,202512,ok,155123.0,220.0,2026-09-20T20:53:24.577234+00:00
4215208,SC,202512,ok,87582.0,130.0,2026-09-20T20:53:25.220295+00:00
4215307,SC,202512,ok,71346.0,91.0,2026-09-20T20:53:25.847824+00:00
4215356,SC,202512,ok,119948.0,156.0,2026-09-20T20:53:26.486842+00:00
4215406,SC,202512,ok,52568.0,75.0,2026-09-20T20:53:27.127260+00:00
4215455,SC,202512,ok,248628.0,359.0,2026-09-20T20:53:27.750298+00:00
4215505,SC,202512,ok,663273.0,933.0,2026-09-20T20:53:28.388858+00:00
4215554,SC,202512,ok,12989.0,19.0,2026-09-20T20:53:29.080771+00:00
4215604,SC,202512,ok,22884.0,36.0,2026-09-20T20:53:29.686124+00:00
4215653,SC,202512,ok,355631.0,501.0,2026-09-20T20:53:30.291528+00:00
4215679,SC,202512,ok,101667.0,138.0,2026-09-20T20:53:30.914598+00:00
4215687,SC,202512,ok,58861.0,91.0,2026-09-20T20:53:31.526583+00:00
4215695,SC,202512,ok,16440.0,26.0,2026-09-20T20:53:32.166169+00:00
4215703,SC,202512,ok,486121.0,715.0,2026-09-20T20:53:32.778870+00:00
4215752,SC,202512,ok,33152.0,46.0,2026-09-20T20:53:33.393662+00:00
4215802,SC,202512,ok,1022535.0,1537.0,2026-09-20T20:53:34.024857+00:00
4215901,SC,202512,ok,81495.0,122.0,2026-09-20T20:53:34.666268+00:00
4216008,SC,202512,ok,153150.0,222.0,2026-09-20T20:53:36.796094+00:00
4216057,SC,202512,ok,174641.0,261.0,2026-09-20T20:53:37.430972+00:00
4216107,SC,202512,ok,204572.0,316.0,2026-09-20T20:53:38.045756+00:00
4216206,SC,202512,ok,1101186.0,1618.0,2026-09-20T20:53:38.656677+00:00
4216255,SC,202512,ok,24752.0,38.0,2026-09-20T20:53:39.269122+00:00
4216305,SC,202512,ok,541516.0,787.0,2026-09-20T20:53:39.883824+00:00
4216354,SC,202512,ok,143223.0,196.0,2026-09-20T20:53:40.503414+00:00
4216404,SC,202512,ok,319484.0,456.0,2026-09-20T20:53:41.114075+00:00
4216503,SC,202512,ok,772482.0,1153.0,2026-09-20T20:53:41.721102+00:00
4216602,SC,202512,ok,4866038.0,7060.0,2026-09-20T20:53:42.347594+00:00
4216701,SC,202512,ok,203240.0,298.0,2026-09-20T20:53:42.987456+00:00
4216800,SC,202512,ok,547654.0,845.0,2026-09-20T20:53:43.622888+00:00
4216909,SC,202512,ok,266745.0,389.0,2026-09-20T20:53:44.262110+00:00
4217006,SC,202512,ok,78939.0,123.0,2026-09-20T20:53:44.887562+00:00
4217105,SC,202512,ok,37173.0,55.0,2026-09-20T20:53:45.485792+00:00
4217154,SC,202512,ok,32047.0,51.0,2026-09-20T20:53:46.100963+00:00
4217204,SC,202512,ok,526498.0,786.0,2026-09-20T20:53:46.713468+00:00
4217253,SC,202512,ok,61498.0,93.0,2026-09-20T20:53:47.358545+00:00
4217303,SC,202512,ok,101624.0,165.0,2026-09-20T20:53:47.960279+00:00
4217402,SC,202512,ok,166836.0,230.0,2026-09-20T20:53:48.570296+00:00
4217501,SC,202512,ok,161987.0,251.0,2026-09-20T20:53:49.198807+00:00
4217550,SC,202512,ok,26843.0,41.0,2026-09-20T20:53:49.808791+00:00
4217600,SC,202512,ok,212096.0,328.0,2026-09-20T20:53:50.432596+00:00
4217709,SC,202512,ok,694761.0,1026.0,2026-09-20T20:53:51.074338+00:00
4217758,SC,202512,ok,48252.0,70.0,2026-09-20T20:53:51.700833+00:00
4217808,SC,202512,ok,274710.0,411.0,2026-09-20T20:53:52.330475+00:00
4217907,SC,202512,ok,126974.0,190.0,2026-09-20T20:53:52.967854+00:00
4217956,SC,202512,ok,57927.0,70.0,2026-09-20T20:53:53.594674+00:00
4218004,SC,202512,ok,1154548.0,1645.0,2026-09-20T20:53:54.216003+00:00
4218103,SC,202512,ok,114185.0,160.0,2026-09-20T20:53:54.847551+00:00
4218202,SC,202512,ok,217688.0,341.0,2026-09-20T20:53:55.460918+00:00
4218251,SC,202512,ok,565844.0,816.0,2026-09-20T20:53:56.075547+00:00
4218301,SC,202512,ok,414574.0,595.0,2026-09-20T20:53:56.686529+00:00
4218350,SC,202512,ok,93087.0,125.0,2026-09-20T20:53:57.299472+00:00
4218400,SC,202512,ok,95742.0,140.0,2026-09-20T20:53:57.909475+00:00
4218509,SC,202512,ok,67385.0,101.0,2026-09-20T20:53:58.536174+00:00
4218608,SC,202512,ok,30734.0,45.0,2026-09-20T20:53:59.191479+00:00
4218707,SC,202512,ok,1773009.0,2585.0,2026-09-20T20:53:59.820120+00:00
4218756,SC,202512,ok,22216.0,35.0,2026-09-20T20:54:00.452587+00:00
4218806,SC,202512,ok,120147.0,196.0,2026-09-20T20:54:01.094608+00:00
4218855,SC,202512,ok,30475.0,44.0,2026-09-20T20:54:01.728077+00:00
4218905,SC,202512,ok,439336.0,602.0,2026-09-20T20:54:02.390212+00:00
4218954,SC,202512,ok,154359.0,230.0,2026-09-20T20:54:03.007373+00:00
4219002,SC,202512,ok,192310.0,297.0,2026-09-20T20:54:03.618352+00:00
4219101,SC,202512,ok,54328.0,92.0,2026-09-20T20:54:04.230410+00:00
4219150,SC,202512,ok,59284.0,90.0,2026-09-20T20:54:04.848328+00:00
4219176,SC,202512,ok,101697.0,138.0,2026-09-20T20:54:05.462817+00:00
4219200,SC,202512,ok,68041.0,108.0,2026-09-20T20:54:06.122732+00:00
4219309,SC,202512,ok,572351.0,884.0,2026-09-20T20:54:06.746445+00:00
4219358,SC,202512,ok,102522.0,138.0,2026-09-20T20:54:07.380021+00:00
4219408,SC,202512,ok,36783.0,62.0,2026-09-20T20:54:08.021760+00:00
4219507,SC,202512,ok,473522.0,718.0,2026-09-20T20:54:09.108139+00:00
4219606,SC,202512,ok,27419.0,40.0,2026-09-20T20:54:09.743984+00:00
4219705,SC,202512,ok,527610.0,764.0,2026-09-20T20:55:11.173624+00:00
4219853,SC,202512,ok,80055.0,115.0,2026-09-20T20:55:11.786575+00:00
4220000,SC,202512,ok,704247.0,948.0,2026-09-20T20:55:12.404606+00:00
4300034,RS,202512,ok,176305.0,255.0,2026-09-20T20:55:13.043102+00:00
4300059,RS,202512,ok,161948.0,248.0,2026-09-20T20:55:13.674306+00:00
4300109,RS,202512,ok,509637.0,770.0,2026-09-20T20:55:14.738910+00:00
4300208,RS,202512,ok,162652.0,251.0,2026-09-20T20:55:15.374005+00:00
4300307,RS,202512,ok,256558.0,394.0,2026-09-20T20:55:16.005966+00:00
4300406,RS,202512,ok,2045608.0,2996.0,2026-09-20T20:55:16.621422+00:00
4300455,RS,202512,ok,161491.0,245.0,2026-09-20T20:55:17.236492+00:00
4300471,RS,202512,ok,26862.0,38.0,2026-09-20T20:55:17.852375+00:00
4300505,RS,202512,ok,136403.0,210.0,2026-09-20T20:55:18.467494+00:00
4300554,RS,202512,ok,33705.0,53.0,2026-09-20T20:55:19.076946+00:00
4300570,RS,202512,ok,8351.0,12.0,2026-09-20T20:55:19.688797+00:00
4300604,RS,202512,ok,7970200.0,11496.0,2026-09-20T20:55:20.314461+00:00
4300638,RS,202512,ok,303944.0,443.0,2026-09-20T20:55:20.922799+00:00
4300646,RS,202512,ok,318781.0,493.0,2026-09-20T20:55:21.549569+00:00
4300661,RS,202512,ok,15087.0,26.0,2026-09-20T20:55:22.180405+00:00
4300703,RS,202512,ok,17172.0,25.0,2026-09-20T20:55:22.803781+00:00
4300802,RS,202512,ok,111308.0,166.0,2026-09-20T20:55:23.466272+00:00
4300851,RS,202512,ok,202112.0,321.0,2026-09-20T20:55:24.084739+00:00
4300877,RS,202512,ok,269069.0,384.0,2026-09-20T20:55:24.697488+00:00
4300901,RS,202512,ok,53260.0,79.0,2026-09-20T20:55:25.302383+00:00
4301008,RS,202512,ok,176872.0,264.0,2026-09-20T20:55:25.915576+00:00
4301057,RS,202512,ok,502327.0,723.0,2026-09-20T20:55:26.540205+00:00
4301073,RS,202512,ok,21115.0,33.0,2026-09-20T20:55:27.151984+00:00
4301107,RS,202512,ok,954122.0,1411.0,2026-09-20T20:55:27.763393+00:00
4301206,RS,202512,ok,297351.0,456.0,2026-09-20T20:55:28.369685+00:00
4301305,RS,202512,ok,991328.0,1441.0,2026-09-20T20:55:28.987949+00:00
4301404,RS,202512,ok,234031.0,349.0,2026-09-20T20:55:29.615211+00:00
4301503,RS,202512,ok,118043.0,177.0,2026-09-20T20:55:30.240115+00:00
4301552,RS,202512,ok,41683.0,63.0,2026-09-20T20:55:30.877277+00:00
4301602,RS,202512,ok,6967001.0,10336.0,2026-09-20T20:55:31.509968+00:00
4301636,RS,202512,ok,1066757.0,1566.0,2026-09-20T20:55:32.145202+00:00
4301651,RS,202512,ok,10341.0,18.0,2026-09-20T20:55:32.761143+00:00
4301701,RS,202512,ok,86714.0,146.0,2026-09-20T20:55:33.374675+00:00
4301750,RS,202512,ok,250998.0,368.0,2026-09-20T20:55:33.988904+00:00
4301800,RS,202512,ok,146899.0,225.0,2026-09-20T20:55:34.604181+00:00
4301859,RS,202512,ok,85056.0,127.0,2026-09-20T20:55:35.218373+00:00
4301875,RS,202512,ok,303660.0,431.0,2026-09-20T20:55:35.833563+00:00
4301909,RS,202512,ok,414223.0,605.0,2026-09-20T20:55:36.447660+00:00
4301925,RS,202512,ok,4650.0,8.0,2026-09-20T20:55:37.095841+00:00
4301958,RS,202512,ok,9130.0,16.0,2026-09-20T20:55:37.723818+00:00
4302006,RS,202512,ok,177397.0,266.0,2026-09-20T20:55:38.362081+00:00
4302055,RS,202512,ok,350192.0,523.0,2026-09-20T20:55:39.000417+00:00
4302105,RS,202512,ok,682436.0,1032.0,2026-09-20T20:55:39.625977+00:00
4302154,RS,202512,ok,66692.0,91.0,2026-09-20T20:55:40.256081+00:00
4302204,RS,202512,ok,77991.0,121.0,2026-09-20T20:55:40.882596+00:00
4302220,RS,202512,ok,55124.0,85.0,2026-09-20T20:55:41.500236+00:00
4302238,RS,202512,ok,95388.0,145.0,2026-09-20T20:55:42.116361+00:00
4302253,RS,202512,ok,13850.0,20.0,2026-09-20T20:55:42.728104+00:00
4302303,RS,202512,ok,829635.0,1205.0,2026-09-20T20:55:44.367038+00:00
4302352,RS,202512,ok,71848.0,111.0,2026-09-20T20:55:44.979615+00:00
4302378,RS,202512,ok,127731.0,199.0,2026-09-20T20:55:45.603187+00:00
4302402,RS,202512,ok,269229.0,385.0,2026-09-20T20:55:46.226469+00:00
4302451,RS,202512,ok,317510.0,453.0,2026-09-20T20:55:47.293502+00:00
4302501,RS,202512,ok,251040.0,387.0,2026-09-20T20:55:47.928096+00:00
4302584,RS,202512,ok,35712.0,50.0,2026-09-20T20:55:48.574229+00:00
4302600,RS,202512,ok,186150.0,284.0,2026-09-20T20:55:49.210599+00:00
4302659,RS,202512,ok,65484.0,102.0,2026-09-20T20:55:49.824012+00:00
4302709,RS,202512,ok,1155226.0,1716.0,2026-09-20T20:55:50.437402+00:00
4302808,RS,202512,ok,1409140.0,2130.0,2026-09-20T20:55:51.045773+00:00
4302907,RS,202512,ok,916390.0,1336.0,2026-09-20T20:55:51.647097+00:00
4303004,RS,202512,ok,3708385.0,5445.0,2026-09-20T20:55:52.260075+00:00
4303103,RS,202512,ok,3818419.0,5757.0,2026-09-20T20:55:52.872330+00:00
4303202,RS,202512,ok,206159.0,316.0,2026-09-20T20:55:53.540617+00:00
4303301,RS,202512,ok,118751.0,184.0,2026-09-20T20:55:54.160540+00:00
4303400,RS,202512,ok,218785.0,316.0,2026-09-20T20:55:54.779089+00:00
4303509,RS,202512,ok,2496733.0,3754.0,2026-09-20T20:55:55.412608+00:00
4303558,RS,202512,ok,24135.0,36.0,2026-09-20T20:55:56.050896+00:00
4303608,RS,202512,ok,156091.0,234.0,2026-09-20T20:55:56.710402+00:00
4303673,RS,202512,ok,88363.0,132.0,2026-09-20T20:55:57.324578+00:00
4303707,RS,202512,ok,48709.0,75.0,2026-09-20T20:55:57.936237+00:00
4303806,RS,202512,ok,104343.0,148.0,2026-09-20T20:55:58.542054+00:00
4303905,RS,202512,ok,493800.0,720.0,2026-09-20T20:55:59.154421+00:00
4304002,RS,202512,ok,230196.0,345.0,2026-09-20T20:55:59.770311+00:00
4304101,RS,202512,ok,194047.0,301.0,2026-09-20T20:56:00.415964+00:00
4304200,RS,202512,ok,1124618.0,1661.0,2026-09-20T20:56:01.027229+00:00
4304309,RS,202512,ok,33495.0,53.0,2026-09-20T20:56:01.641119+00:00
4304358,RS,202512,ok,531958.0,796.0,2026-09-20T20:56:02.268640+00:00
4304408,RS,202512,ok,1433277.0,2109.0,2026-09-20T20:56:02.894815+00:00
4304507,RS,202512,ok,2280476.0,3555.0,2026-09-20T20:56:03.532274+00:00
4304606,RS,202512,ok,12307118.0,17672.0,2026-09-20T20:56:04.159298+00:00
4304614,RS,202512,ok,33042.0,49.0,2026-09-20T20:56:04.794926+00:00
4304622,RS,202512,ok,52239.0,83.0,2026-09-20T20:56:05.413690+00:00
4304630,RS,202512,ok,2157820.0,3142.0,2026-09-20T20:56:06.025532+00:00
4304655,RS,202512,ok,166421.0,245.0,2026-09-20T20:56:06.684509+00:00
4304663,RS,202512,ok,1732175.0,2512.0,2026-09-20T20:56:07.299467+00:00
4304671,RS,202512,ok,134097.0,200.0,2026-09-20T20:56:07.912694+00:00
4304689,RS,202512,ok,497743.0,739.0,2026-09-20T20:56:08.559573+00:00
4304697,RS,202512,ok,19872.0,33.0,2026-09-20T20:56:09.170815+00:00
4304705,RS,202512,ok,1082533.0,1606.0,2026-09-20T20:56:09.782065+00:00
4304713,RS,202512,ok,260769.0,401.0,2026-09-20T20:56:10.401858+00:00
4304804,RS,202512,ok,116088.0,181.0,2026-09-20T20:56:11.041463+00:00
4304853,RS,202512,ok,11052.0,18.0,2026-09-20T20:56:11.688847+00:00
4304903,RS,202512,ok,76802.0,116.0,2026-09-20T20:56:12.319568+00:00
4304952,RS,202512,ok,119033.0,166.0,2026-09-20T20:56:12.946469+00:00
4305009,RS,202512,ok,277151.0,429.0,2026-09-20T20:56:13.571981+00:00
4305108,RS,202512,ok,6631121.0,9997.0,2026-09-20T20:56:14.177077+00:00
4305116,RS,202512,ok,22797.0,36.0,2026-09-20T20:56:14.794921+00:00
4305124,RS,202512,ok,249639.0,376.0,2026-09-20T20:56:15.399641+00:00
4305132,RS,202512,ok,167732.0,259.0,2026-09-20T20:56:16.008203+00:00
4305157,RS,202512,ok,93673.0,142.0,2026-09-20T20:56:16.618109+00:00
4305173,RS,202512,ok,465051.0,691.0,2026-09-20T20:56:17.235662+00:00
4305207,RS,202512,ok,199599.0,305.0,2026-09-20T20:56:17.848203+00:00
4305306,RS,202512,ok,103988.0,159.0,2026-09-20T20:56:18.487241+00:00
4305355,RS,202512,ok,945972.0,1393.0,2026-09-20T20:56:19.123977+00:00
4305371,RS,202512,ok,254905.0,403.0,2026-09-20T20:56:20.196084+00:00
4305405,RS,202512,ok,112766.0,164.0,2026-09-20T20:56:20.846835+00:00
4305439,RS,202512,ok,168826.0,238.0,2026-09-20T20:56:21.484636+00:00
4305447,RS,202512,ok,140519.0,219.0,2026-09-20T20:56:22.094173+00:00
4305454,RS,202512,ok,859052.0,1234.0,2026-09-20T20:56:22.708226+00:00
4305504,RS,202512,ok,43726.0,56.0,2026-09-20T20:56:23.320365+00:00
4305587,RS,202512,ok,20880.0,32.0,2026-09-20T20:56:23.934901+00:00
4305603,RS,202512,ok,38621.0,66.0,2026-09-20T20:56:24.548218+00:00
4305702,RS,202512,ok,191809.0,301.0,2026-09-20T20:56:25.157062+00:00
4305801,RS,202512,ok,252439.0,344.0,2026-09-20T20:56:25.773406+00:00
4305835,RS,202512,ok,10002.0,17.0,2026-09-20T20:56:26.395443+00:00
4305850,RS,202512,ok,26533.0,39.0,2026-09-20T20:56:27.014639+00:00
4305871,RS,202512,ok,54742.0,76.0,2026-09-20T20:56:27.655472+00:00
4305900,RS,202512,ok,341533.0,504.0,2026-09-20T20:56:28.290102+00:00
4305934,RS,202512,ok,3927.0,7.0,2026-09-20T20:56:28.938503+00:00
4305959,RS,202512,ok,9985.0,14.0,2026-09-20T20:56:29.553322+00:00
4305975,RS,202512,ok,38589.0,60.0,2026-09-20T20:56:30.173027+00:00
4306007,RS,202512,ok,167188.0,258.0,2026-09-20T20:56:30.799462+00:00
4306056,RS,202512,ok,378532.0,567.0,2026-09-20T20:56:31.414100+00:00
4306072,RS,202512,ok,156070.0,249.0,2026-09-20T20:56:32.024287+00:00
4306106,RS,202512,ok,1919883.0,2776.0,2026-09-20T20:56:32.642798+00:00
4306130,RS,202512,ok,10925.0,20.0,2026-09-20T20:56:33.253061+00:00
4306205,RS,202512,ok,239453.0,362.0,2026-09-20T20:56:33.859671+00:00
4306304,RS,202512,ok,39105.0,60.0,2026-09-20T20:56:34.471740+00:00
4306320,RS,202512,ok,48925.0,72.0,2026-09-20T20:56:35.099268+00:00
4306353,RS,202512,ok,171577.0,258.0,2026-09-20T20:56:35.722975+00:00
4306379,RS,202512,ok,158485.0,235.0,2026-09-20T20:56:36.348306+00:00
4306403,RS,202512,ok,156604.0,241.0,2026-09-20T20:56:36.985615+00:00
4306429,RS,202512,ok,76705.0,115.0,2026-09-20T20:56:37.624161+00:00
4306452,RS,202512,ok,16877.0,28.0,2026-09-20T20:56:38.258225+00:00
4306502,RS,202512,ok,589095.0,838.0,2026-09-20T20:56:38.868834+00:00
4306551,RS,202512,ok,58148.0,87.0,2026-09-20T20:56:39.483492+00:00
4306601,RS,202512,ok,1523257.0,2157.0,2026-09-20T20:56:40.092605+00:00
4306700,RS,202512,ok,150793.0,227.0,2026-09-20T20:56:40.730651+00:00
4306734,RS,202512,ok,79666.0,115.0,2026-09-20T20:56:41.366399+00:00
4306759,RS,202512,ok,18366.0,26.0,2026-09-20T20:56:41.981935+00:00
4306767,RS,202512,ok,2489442.0,3732.0,2026-09-20T20:56:42.598611+00:00
4306809,RS,202512,ok,367080.0,533.0,2026-09-20T20:56:43.228668+00:00
4306908,RS,202512,ok,1223833.0,1810.0,2026-09-20T20:56:43.855546+00:00
4306924,RS,202512,ok,104562.0,147.0,2026-09-20T20:56:44.494215+00:00
4306932,RS,202512,ok,174916.0,265.0,2026-09-20T20:56:45.128743+00:00
4306957,RS,202512,ok,92541.0,142.0,2026-09-20T20:56:45.763507+00:00
4306973,RS,202512,ok,193799.0,281.0,2026-09-20T20:56:46.394601+00:00
4307005,RS,202512,ok,1372017.0,2100.0,2026-09-20T20:57:33.040306+00:00
4307054,RS,202512,ok,46403.0,67.0,2026-09-20T20:57:33.702382+00:00
4307104,RS,202512,ok,634433.0,945.0,2026-09-20T20:57:34.369117+00:00
4307203,RS,202512,ok,191742.0,287.0,2026-09-20T20:57:35.037005+00:00
4307302,RS,202512,ok,208120.0,316.0,2026-09-20T20:57:36.653828+00:00
4307401,RS,202512,ok,98298.0,148.0,2026-09-20T20:57:37.268404+00:00
4307450,RS,202512,ok,154605.0,232.0,2026-09-20T20:57:37.879693+00:00
4307500,RS,202512,ok,536554.0,783.0,2026-09-20T20:57:38.490773+00:00
4307559,RS,202512,ok,107538.0,163.0,2026-09-20T20:57:39.102572+00:00
4307609,RS,202512,ok,758003.0,1121.0,2026-09-20T20:57:39.718199+00:00
4307708,RS,202512,ok,2659383.0,3866.0,2026-09-20T20:57:40.329295+00:00
4307807,RS,202512,ok,726000.0,1051.0,2026-09-20T20:57:40.945936+00:00
4307815,RS,202512,ok,193081.0,288.0,2026-09-20T20:57:41.576744+00:00
4307831,RS,202512,ok,91670.0,134.0,2026-09-20T20:57:42.204261+00:00
4307864,RS,202512,ok,5595.0,8.0,2026-09-20T20:57:42.847762+00:00
4307906,RS,202512,ok,1233436.0,1808.0,2026-09-20T20:57:43.486913+00:00
4308003,RS,202512,ok,305979.0,453.0,2026-09-20T20:57:44.104623+00:00
4308052,RS,202512,ok,102238.0,154.0,2026-09-20T20:57:44.725327+00:00
4308078,RS,202512,ok,125927.0,188.0,2026-09-20T20:57:45.347894+00:00
4308102,RS,202512,ok,66311.0,113.0,2026-09-20T20:57:45.954300+00:00
4308201,RS,202512,ok,230899.0,355.0,2026-09-20T20:57:46.566355+00:00
4308250,RS,202512,ok,20857.0,37.0,2026-09-20T20:57:47.178863+00:00
4308300,RS,202512,ok,684607.0,1030.0,2026-09-20T20:57:47.800828+00:00
4308409,RS,202512,ok,347473.0,529.0,2026-09-20T20:57:48.412202+00:00
4308433,RS,202512,ok,16743.0,27.0,2026-09-20T20:57:49.031923+00:00
4308458,RS,202512,ok,101382.0,147.0,2026-09-20T20:57:49.669311+00:00
4308508,RS,202512,ok,559025.0,796.0,2026-09-20T20:57:50.284332+00:00
4308607,RS,202512,ok,163540.0,249.0,2026-09-20T20:57:50.922340+00:00
4308656,RS,202512,ok,143423.0,223.0,2026-09-20T20:57:51.558080+00:00
4308706,RS,202512,ok,52313.0,80.0,2026-09-20T20:57:52.184810+00:00
4308805,RS,202512,ok,382598.0,579.0,2026-09-20T20:57:52.822663+00:00
4308854,RS,202512,ok,32191.0,50.0,2026-09-20T20:57:53.436123+00:00
4308904,RS,202512,ok,195346.0,264.0,2026-09-20T20:57:54.049552+00:00
4309001,RS,202512,ok,858580.0,1318.0,2026-09-20T20:57:54.662914+00:00
4309050,RS,202512,ok,194450.0,293.0,2026-09-20T20:57:55.273804+00:00
4309100,RS,202512,ok,554834.0,837.0,2026-09-20T20:57:55.887617+00:00
4309126,RS,202512,ok,162020.0,230.0,2026-09-20T20:57:56.547046+00:00
4309159,RS,202512,ok,101146.0,151.0,2026-09-20T20:57:57.169005+00:00
4309209,RS,202512,ok,9690070.0,14164.0,2026-09-20T20:57:58.266939+00:00
4309258,RS,202512,ok,13300.0,21.0,2026-09-20T20:57:58.906512+00:00
4309308,RS,202512,ok,3889285.0,5655.0,2026-09-20T20:57:59.540177+00:00
4309407,RS,202512,ok,354953.0,506.0,2026-09-20T20:58:00.168155+00:00
4309506,RS,202512,ok,180817.0,284.0,2026-09-20T20:58:00.817956+00:00
4309555,RS,202512,ok,31365.0,53.0,2026-09-20T20:58:01.432643+00:00
4309571,RS,202512,ok,97571.0,142.0,2026-09-20T20:58:02.044665+00:00
4309605,RS,202512,ok,277909.0,403.0,2026-09-20T20:58:02.655413+00:00
4309654,RS,202512,ok,511359.0,741.0,2026-09-20T20:58:03.320988+00:00
4309704,RS,202512,ok,75788.0,111.0,2026-09-20T20:58:03.936478+00:00
4309753,RS,202512,ok,89070.0,143.0,2026-09-20T20:58:04.546194+00:00
4309803,RS,202512,ok,87103.0,136.0,2026-09-20T20:58:05.150841+00:00
4309902,RS,202512,ok,171818.0,262.0,2026-09-20T20:59:07.098235+00:00
4309951,RS,202512,ok,129323.0,194.0,2026-09-20T20:59:07.709234+00:00
4310009,RS,202512,ok,128849.0,198.0,2026-09-20T20:59:08.320027+00:00
4310108,RS,202512,ok,698345.0,1077.0,2026-09-20T20:59:08.933066+00:00
4310207,RS,202512,ok,1907858.0,2822.0,2026-09-20T20:59:09.548143+00:00
4310306,RS,202512,ok,33400.0,51.0,2026-09-20T20:59:10.160854+00:00
4310330,RS,202512,ok,956994.0,1462.0,2026-09-20T20:59:10.779788+00:00
4310363,RS,202512,ok,17175.0,26.0,2026-09-20T20:59:11.401784+00:00
4310405,RS,202512,ok,251236.0,365.0,2026-09-20T20:59:12.023077+00:00
4310413,RS,202512,ok,95447.0,136.0,2026-09-20T20:59:12.646006+00:00
4310439,RS,202512,ok,98898.0,142.0,2026-09-20T20:59:13.267986+00:00
4310462,RS,202512,ok,7375.0,12.0,2026-09-20T20:59:13.893946+00:00
4310504,RS,202512,ok,372497.0,543.0,2026-09-20T20:59:14.512970+00:00
4310538,RS,202512,ok,142587.0,212.0,2026-09-20T20:59:15.128405+00:00
4310553,RS,202512,ok,222087.0,330.0,2026-09-20T20:59:15.743477+00:00
4310579,RS,202512,ok,30526.0,51.0,2026-09-20T20:59:16.368293+00:00
4310603,RS,202512,ok,1494164.0,2152.0,2026-09-20T20:59:16.982303+00:00
4310652,RS,202512,ok,124491.0,178.0,2026-09-20T20:59:17.594294+00:00
4310702,RS,202512,ok,62113.0,92.0,2026-09-20T20:59:18.206651+00:00
4310751,RS,202512,ok,40061.0,62.0,2026-09-20T20:59:18.820528+00:00
4310801,RS,202512,ok,77148.0,124.0,2026-09-20T20:59:19.462880+00:00
4310850,RS,202512,ok,114242.0,177.0,2026-09-20T20:59:20.092079+00:00
4310876,RS,202512,ok,149863.0,224.0,2026-09-20T20:59:20.759165+00:00
4310900,RS,202512,ok,43080.0,63.0,2026-09-20T20:59:21.393711+00:00
4311007,RS,202512,ok,1263756.0,1863.0,2026-09-20T20:59:22.023113+00:00
4311106,RS,202512,ok,456206.0,685.0,2026-09-20T20:59:22.645889+00:00
4311122,RS,202512,ok,255577.0,361.0,2026-09-20T20:59:23.260078+00:00
4311130,RS,202512,ok,160111.0,264.0,2026-09-20T20:59:23.871325+00:00
4311155,RS,202512,ok,410980.0,617.0,2026-09-20T20:59:24.510980+00:00
4311205,RS,202512,ok,814191.0,1170.0,2026-09-20T20:59:25.125389+00:00
4311239,RS,202512,ok,87766.0,142.0,2026-09-20T20:59:25.740249+00:00
4311254,RS,202512,ok,420063.0,644.0,2026-09-20T20:59:26.367673+00:00
4311270,RS,202512,ok,16430.0,24.0,2026-09-20T20:59:26.983534+00:00
4311304,RS,202512,ok,1028350.0,1511.0,2026-09-20T20:59:27.604439+00:00
4311403,RS,202512,ok,1141083.0,1739.0,2026-09-20T20:59:28.288489+00:00
4311429,RS,202512,ok,208596.0,308.0,2026-09-20T20:59:28.925191+00:00
4311502,RS,202512,ok,393573.0,559.0,2026-09-20T20:59:29.568926+00:00
4311601,RS,202512,ok,156921.0,223.0,2026-09-20T20:59:30.211955+00:00
4311627,RS,202512,ok,165637.0,239.0,2026-09-20T20:59:30.852105+00:00
4311643,RS,202512,ok,6960.0,10.0,2026-09-20T20:59:31.492378+00:00
4311700,RS,202512,ok,85312.0,137.0,2026-09-20T20:59:32.101799+00:00
4311718,RS,202512,ok,353825.0,519.0,2026-09-20T20:59:32.708342+00:00
4311734,RS,202512,ok,129790.0,193.0,2026-09-20T20:59:33.318663+00:00
4311759,RS,202512,ok,251850.0,382.0,2026-09-20T20:59:33.933630+00:00
4311775,RS,202512,ok,351979.0,507.0,2026-09-20T20:59:34.562762+00:00
4311791,RS,202512,ok,24268.0,40.0,2026-09-20T20:59:35.174401+00:00
4311809,RS,202512,ok,518687.0,802.0,2026-09-20T20:59:36.267880+00:00
4311908,RS,202512,ok,45710.0,69.0,2026-09-20T20:59:36.908560+00:00
4311981,RS,202512,ok,174640.0,249.0,2026-09-20T20:59:37.551009+00:00
4312005,RS,202512,ok,23970.0,38.0,2026-09-20T20:59:38.186873+00:00
4312054,RS,202512,ok,37546.0,58.0,2026-09-20T20:59:38.820188+00:00
4312104,RS,202512,ok,179197.0,270.0,2026-09-20T20:59:39.458032+00:00
4312138,RS,202512,ok,94695.0,136.0,2026-09-20T20:59:40.095502+00:00
4312153,RS,202512,ok,91641.0,145.0,2026-09-20T20:59:40.707335+00:00
4312179,RS,202512,ok,47626.0,70.0,2026-09-20T20:59:41.312060+00:00
4312203,RS,202512,ok,133634.0,200.0,2026-09-20T20:59:41.919760+00:00
4312252,RS,202512,ok,600414.0,883.0,2026-09-20T20:59:42.536212+00:00
4312302,RS,202512,ok,234813.0,337.0,2026-09-20T20:59:43.144900+00:00
4312351,RS,202512,ok,3175.0,6.0,2026-09-20T20:59:44.801088+00:00
4312377,RS,202512,ok,124108.0,172.0,2026-09-20T20:59:45.416209+00:00
4312385,RS,202512,ok,9473.0,13.0,2026-09-20T20:59:46.038785+00:00
4312401,RS,202512,ok,1492039.0,2123.0,2026-09-20T20:59:46.664961+00:00
4312427,RS,202512,ok,53908.0,87.0,2026-09-20T20:59:47.283875+00:00
4312443,RS,202512,ok,41362.0,68.0,2026-09-20T20:59:47.901486+00:00
4312450,RS,202512,ok,296792.0,429.0,2026-09-20T20:59:48.512076+00:00
4312476,RS,202512,ok,12742.0,17.0,2026-09-20T20:59:49.120252+00:00
4312500,RS,202512,ok,625874.0,872.0,2026-09-20T20:59:49.729994+00:00
4312609,RS,202512,ok,49074.0,77.0,2026-09-20T20:59:50.344336+00:00
4312617,RS,202512,ok,111176.0,157.0,2026-09-20T20:59:50.958064+00:00
4312625,RS,202512,ok,47690.0,69.0,2026-09-20T20:59:51.564560+00:00
4312658,RS,202512,ok,133748.0,213.0,2026-09-20T20:59:52.169205+00:00
4312674,RS,202512,ok,40139.0,58.0,2026-09-20T20:59:52.792760+00:00
4312708,RS,202512,ok,649559.0,942.0,2026-09-20T20:59:53.513886+00:00
4312757,RS,202512,ok,34730.0,53.0,2026-09-20T20:59:54.146779+00:00
4312807,RS,202512,ok,34718.0,51.0,2026-09-20T20:59:54.782045+00:00
4312906,RS,202512,ok,56902.0,86.0,2026-09-20T20:59:55.422676+00:00
4312955,RS,202512,ok,11554.0,16.0,2026-09-20T20:59:56.056872+00:00
4313003,RS,202512,ok,28255.0,46.0,2026-09-20T20:59:56.671497+00:00
4313011,RS,202512,ok,8475.0,13.0,2026-09-20T20:59:57.306864+00:00
4313037,RS,202512,ok,129019.0,202.0,2026-09-20T20:59:57.915170+00:00
4313060,RS,202512,ok,464503.0,688.0,2026-09-20T20:59:58.530540+00:00
4313086,RS,202512,ok,12560.0,18.0,2026-09-20T20:59:59.175863+00:00
4313102,RS,202512,ok,125861.0,202.0,2026-09-20T20:59:59.786054+00:00
4313201,RS,202512,ok,126955.0,183.0,2026-09-20T21:00:00.400760+00:00
4313300,RS,202512,ok,321311.0,501.0,2026-09-20T21:00:01.044379+00:00
4313334,RS,202512,ok,28353.0,41.0,2026-09-20T21:00:01.679955+00:00
4313359,RS,202512,ok,12312.0,18.0,2026-09-20T21:00:02.344575+00:00
4313375,RS,202512,ok,1555061.0,2355.0,2026-09-20T21:00:02.982991+00:00
4313391,RS,202512,ok,144962.0,221.0,2026-09-20T21:00:03.606795+00:00
4313409,RS,202512,ok,5494594.0,8067.0,2026-09-20T21:00:04.232156+00:00
4313425,RS,202512,ok,99175.0,144.0,2026-09-20T21:00:04.849340+00:00
4313441,RS,202512,ok,59415.0,92.0,2026-09-20T21:00:05.463785+00:00
4313466,RS,202512,ok,21667.0,34.0,2026-09-20T21:00:06.077749+00:00
4313490,RS,202512,ok,199298.0,306.0,2026-09-20T21:00:06.698970+00:00
4313508,RS,202512,ok,1628225.0,2363.0,2026-09-20T21:00:07.318750+00:00
4313607,RS,202512,ok,63850.0,108.0,2026-09-20T21:00:07.931827+00:00
4313656,RS,202512,ok,870858.0,1237.0,2026-09-20T21:00:09.015461+00:00
4313706,RS,202512,ok,1523242.0,2256.0,2026-09-20T21:00:09.658871+00:00
4313805,RS,202512,ok,284027.0,415.0,2026-09-20T21:00:10.330432+00:00
4313904,RS,202512,ok,600124.0,881.0,2026-09-20T21:00:10.978627+00:00
4313953,RS,202512,ok,646676.0,948.0,2026-09-20T21:00:11.615338+00:00
4314001,RS,202512,ok,23300.0,42.0,2026-09-20T21:00:12.255658+00:00
4314027,RS,202512,ok,267064.0,399.0,2026-09-20T21:00:12.892154+00:00
4314035,RS,202512,ok,51358.0,82.0,2026-09-20T21:00:13.510635+00:00
4314050,RS,202512,ok,1906319.0,2715.0,2026-09-20T21:00:14.121155+00:00
4314068,RS,202512,ok,135882.0,208.0,2026-09-20T21:00:14.732374+00:00
4314076,RS,202512,ok,154734.0,231.0,2026-09-20T21:00:15.346763+00:00
4314100,RS,202512,ok,5346549.0,7694.0,2026-09-20T21:00:15.960616+00:00
4314134,RS,202512,ok,9000.0,14.0,2026-09-20T21:00:16.574721+00:00
4314159,RS,202512,ok,174334.0,263.0,2026-09-20T21:00:17.191301+00:00
4314175,RS,202512,ok,111472.0,171.0,2026-09-20T21:00:17.812317+00:00
4314209,RS,202512,ok,518782.0,765.0,2026-09-20T21:00:18.428737+00:00
4314308,RS,202512,ok,97551.0,148.0,2026-09-20T21:00:19.038840+00:00
4314407,RS,202512,ok,13061680.0,19216.0,2026-09-20T21:00:19.655202+00:00
4314423,RS,202512,ok,12430.0,17.0,2026-09-20T21:00:20.278993+00:00
4314456,RS,202512,ok,29889.0,44.0,2026-09-20T21:00:20.893244+00:00
4314464,RS,202512,ok,96033.0,144.0,2026-09-20T21:00:21.502743+00:00
4314472,RS,202512,ok,135955.0,198.0,2026-09-20T21:00:22.113917+00:00
4314498,RS,202512,ok,200867.0,308.0,2026-09-20T21:00:22.728364+00:00
4314506,RS,202512,ok,693021.0,1073.0,2026-09-20T21:00:23.342201+00:00
4314548,RS,202512,ok,19583.0,30.0,2026-09-20T21:00:23.953732+00:00
4314555,RS,202512,ok,84846.0,131.0,2026-09-20T21:00:24.567098+00:00
4314605,RS,202512,ok,911924.0,1372.0,2026-09-20T21:00:25.236377+00:00
4314704,RS,202512,ok,343250.0,507.0,2026-09-20T21:00:25.874802+00:00
4314753,RS,202512,ok,5376.0,9.0,2026-09-20T21:00:26.512653+00:00
4314779,RS,202512,ok,126170.0,185.0,2026-09-20T21:00:27.152166+00:00
4314787,RS,202512,ok,9106.0,17.0,2026-09-20T21:00:27.779191+00:00
4314803,RS,202512,ok,711179.0,1088.0,2026-09-20T21:00:28.389649+00:00
4314902,RS,202512,ok,50876952.0,74813.0,2026-09-20T21:00:29.006088+00:00
4315008,RS,202512,ok,108969.0,164.0,2026-09-20T21:00:29.619920+00:00
4315057,RS,202512,ok,73384.0,110.0,2026-09-20T21:00:30.235099+00:00
4315073,RS,202512,ok,29801.0,46.0,2026-09-20T21:00:30.849398+00:00
4315107,RS,202512,ok,438743.0,636.0,2026-09-20T21:00:31.462649+00:00
4315131,RS,202512,ok,24777.0,42.0,2026-09-20T21:00:32.077412+00:00
4315149,RS,202512,ok,24715.0,38.0,2026-09-20T21:00:32.681425+00:00
4315156,RS,202512,ok,135493.0,217.0,2026-09-20T21:00:33.295488+00:00
4315172,RS,202512,ok,18887.0,29.0,2026-09-20T21:00:33.935522+00:00
4315206,RS,202512,ok,35940.0,60.0,2026-09-20T21:00:34.550345+00:00
4315305,RS,202512,ok,1185668.0,1758.0,2026-09-20T21:00:35.216055+00:00
4315313,RS,202512,ok,37363.0,51.0,2026-09-20T21:00:35.855748+00:00
4315321,RS,202512,ok,141374.0,215.0,2026-09-20T21:00:36.493958+00:00
4315354,RS,202512,ok,32388.0,54.0,2026-09-20T21:00:37.124900+00:00
4315404,RS,202512,ok,983763.0,1406.0,2026-09-20T21:00:37.746706+00:00
4315453,RS,202512,ok,19404.0,32.0,2026-09-20T21:00:38.359478+00:00
4315503,RS,202512,ok,625567.0,941.0,2026-09-20T21:00:38.976057+00:00
4315552,RS,202512,ok,162744.0,248.0,2026-09-20T21:00:39.589665+00:00
4315602,RS,202512,ok,6020368.0,9020.0,2026-09-20T21:00:40.226145+00:00
4315701,RS,202512,ok,1933875.0,2866.0,2026-09-20T21:00:40.842553+00:00
4315750,RS,202512,ok,95460.0,147.0,2026-09-20T21:00:41.943364+00:00
4315800,RS,202512,ok,220904.0,329.0,2026-09-20T21:00:42.577244+00:00
4315909,RS,202512,ok,164032.0,265.0,2026-09-20T21:00:43.212498+00:00
4315958,RS,202512,ok,84129.0,122.0,2026-09-20T21:00:43.847832+00:00
4316006,RS,202512,ok,406077.0,618.0,2026-09-20T21:00:44.489898+00:00
4316105,RS,202512,ok,360445.0,501.0,2026-09-20T21:00:45.112517+00:00
4316204,RS,202512,ok,117362.0,177.0,2026-09-20T21:00:45.751529+00:00
4316303,RS,202512,ok,133118.0,229.0,2026-09-20T21:00:46.368615+00:00
4316402,RS,202512,ok,2995371.0,4378.0,2026-09-20T21:00:46.989869+00:00
4316428,RS,202512,ok,113610.0,175.0,2026-09-20T21:00:47.600838+00:00
4316436,RS,202512,ok,27325.0,46.0,2026-09-20T21:00:48.211525+00:00
4316451,RS,202512,ok,818373.0,1249.0,2026-09-20T21:00:48.835793+00:00
4316477,RS,202512,ok,12187.0,19.0,2026-09-20T21:00:49.450243+00:00
4316501,RS,202512,ok,34502.0,42.0,2026-09-20T21:00:50.073285+00:00
4316600,RS,202512,ok,78008.0,128.0,2026-09-20T21:00:50.693784+00:00
4316709,RS,202512,ok,279292.0,448.0,2026-09-20T21:00:51.314538+00:00
4316733,RS,202512,ok,25172.0,37.0,2026-09-20T21:00:51.925815+00:00
4316758,RS,202512,ok,12492.0,23.0,2026-09-20T21:00:52.542653+00:00
4316808,RS,202512,ok,3108209.0,4676.0,2026-09-20T21:00:53.162910+00:00
4316907,RS,202512,ok,9189874.0,13275.0,2026-09-20T21:00:53.782417+00:00
4316956,RS,202512,ok,36104.0,56.0,2026-09-20T21:00:54.402179+00:00
4316972,RS,202512,ok,131263.0,196.0,2026-09-20T21:00:55.012984+00:00
4317004,RS,202512,ok,469828.0,724.0,2026-09-20T21:00:55.652453+00:00
4317103,RS,202512,ok,4683307.0,6755.0,2026-09-20T21:00:56.268264+00:00
4317202,RS,202512,ok,1127862.0,1655.0,2026-09-20T21:00:56.886063+00:00
4317251,RS,202512,ok,3310.0,5.0,2026-09-20T21:00:57.498212+00:00
4317301,RS,202512,ok,1223526.0,1802.0,2026-09-20T21:00:58.119717+00:00
4317400,RS,202512,ok,1050037.0,1645.0,2026-09-20T21:00:58.761754+00:00
4317509,RS,202512,ok,1991825.0,2918.0,2026-09-20T21:00:59.404915+00:00
4317558,RS,202512,ok,10104.0,16.0,2026-09-20T21:01:00.046365+00:00
4317608,RS,202512,ok,1419545.0,2098.0,2026-09-20T21:01:00.683818+00:00
4317707,RS,202512,ok,667408.0,999.0,2026-09-20T21:01:01.299151+00:00
4317756,RS,202512,ok,43471.0,62.0,2026-09-20T21:01:01.908142+00:00
4317806,RS,202512,ok,430286.0,649.0,2026-09-20T21:01:02.518270+00:00
4317905,RS,202512,ok,147787.0,242.0,2026-09-20T21:01:03.134344+00:00
4317954,RS,202512,ok,37077.0,56.0,2026-09-20T21:01:03.746974+00:00
4318002,RS,202512,ok,1527752.0,2195.0,2026-09-20T21:01:04.360979+00:00
4318051,RS,202512,ok,4406.0,7.0,2026-09-20T21:01:04.975245+00:00
4318101,RS,202512,ok,893063.0,1338.0,2026-09-20T21:01:05.618946+00:00
4318200,RS,202512,ok,675919.0,973.0,2026-09-20T21:01:06.240519+00:00
4318309,RS,202512,ok,1858700.0,2708.0,2026-09-20T21:01:06.871663+00:00
4318408,RS,202512,ok,942746.0,1411.0,2026-09-20T21:01:07.518871+00:00
4318424,RS,202512,ok,29625.0,52.0,2026-09-20T21:01:08.156323+00:00
4318432,RS,202512,ok,76475.0,120.0,2026-09-20T21:01:08.790566+00:00
4318440,RS,202512,ok,15331.0,25.0,2026-09-20T21:01:09.431143+00:00
4318457,RS,202512,ok,101798.0,165.0,2026-09-20T21:01:10.057655+00:00
4318465,RS,202512,ok,102429.0,156.0,2026-09-20T21:01:10.673436+00:00
4318481,RS,202512,ok,14194.0,24.0,2026-09-20T21:01:11.278634+00:00
4318499,RS,202512,ok,9425.0,15.0,2026-09-20T21:01:11.898133+00:00
4318507,RS,202512,ok,778255.0,1213.0,2026-09-20T21:01:12.511232+00:00
4318606,RS,202512,ok,118178.0,179.0,2026-09-20T21:01:13.121026+00:00
4318614,RS,202512,ok,17946.0,24.0,2026-09-20T21:01:14.182117+00:00
4318622,RS,202512,ok,220210.0,300.0,2026-09-20T21:02:15.623852+00:00
4318705,RS,202512,ok,8386220.0,12059.0,2026-09-20T21:02:16.236937+00:00
4318804,RS,202512,ok,1136587.0,1706.0,2026-09-20T21:02:16.842225+00:00
4318903,RS,202512,ok,1150724.0,1663.0,2026-09-20T21:02:17.456739+00:00
4319000,RS,202512,ok,252462.0,349.0,2026-09-20T21:02:18.070675+00:00
4319109,RS,202512,ok,79516.0,127.0,2026-09-20T21:02:18.677834+00:00
4319125,RS,202512,ok,200996.0,306.0,2026-09-20T21:02:19.737517+00:00
4319158,RS,202512,ok,416978.0,609.0,2026-09-20T21:02:20.352225+00:00
4319208,RS,202512,ok,446578.0,673.0,2026-09-20T21:02:20.987238+00:00
4319307,RS,202512,ok,110022.0,185.0,2026-09-20T21:02:21.620967+00:00
4319356,RS,202512,ok,9039.0,12.0,2026-09-20T21:02:22.259750+00:00
4319364,RS,202512,ok,80693.0,118.0,2026-09-20T21:02:22.885773+00:00
4319372,RS,202512,ok,36570.0,51.0,2026-09-20T21:02:23.513633+00:00
4319406,RS,202512,ok,692876.0,1027.0,2026-09-20T21:02:24.130364+00:00
4319505,RS,202512,ok,431397.0,669.0,2026-09-20T21:02:24.754579+00:00
4319604,RS,202512,ok,661296.0,998.0,2026-09-20T21:02:25.364090+00:00
4319703,RS,202512,ok,43303.0,65.0,2026-09-20T21:02:25.973847+00:00
4319711,RS,202512,ok,21088.0,28.0,2026-09-20T21:02:26.584369+00:00
4319737,RS,202512,ok,343347.0,509.0,2026-09-20T21:02:27.192247+00:00
4319752,RS,202512,ok,9535.0,15.0,2026-09-20T21:02:27.821967+00:00
4319802,RS,202512,ok,459971.0,683.0,2026-09-20T21:02:28.437109+00:00
4319901,RS,202512,ok,2357133.0,3433.0,2026-09-20T21:02:29.061635+00:00
4320008,RS,202512,ok,4836005.0,7206.0,2026-09-20T21:02:29.704182+00:00
4320107,RS,202512,ok,567833.0,890.0,2026-09-20T21:02:30.341469+00:00
4320206,RS,202512,ok,305878.0,450.0,2026-09-20T21:02:31.000284+00:00
4320230,RS,202512,ok,78380.0,117.0,2026-09-20T21:02:31.630630+00:00
4320263,RS,202512,ok,385270.0,581.0,2026-09-20T21:02:32.245426+00:00
4320305,RS,202512,ok,58598.0,106.0,2026-09-20T21:02:32.847902+00:00
4320321,RS,202512,ok,69549.0,102.0,2026-09-20T21:02:33.465402+00:00
4320354,RS,202512,ok,246818.0,361.0,2026-09-20T21:02:34.074642+00:00
4320404,RS,202512,ok,137851.0,210.0,2026-09-20T21:02:34.687917+00:00
4320453,RS,202512,ok,23802.0,40.0,2026-09-20T21:02:35.305605+00:00
4320503,RS,202512,ok,109239.0,176.0,2026-09-20T21:02:35.896335+00:00
4320552,RS,202512,ok,220129.0,326.0,2026-09-20T21:02:36.571667+00:00
4320578,RS,202512,ok,45040.0,72.0,2026-09-20T21:02:37.201213+00:00
4320602,RS,202512,ok,33751.0,48.0,2026-09-20T21:02:37.847466+00:00
4320651,RS,202512,ok,59165.0,98.0,2026-09-20T21:02:38.471742+00:00
4320677,RS,202512,ok,293682.0,485.0,2026-09-20T21:02:39.123581+00:00
4320701,RS,202512,ok,493111.0,712.0,2026-09-20T21:02:39.761980+00:00
4320800,RS,202512,ok,1167398.0,1721.0,2026-09-20T21:02:40.372069+00:00
4320859,RS,202512,ok,147103.0,213.0,2026-09-20T21:02:40.976917+00:00
4320909,RS,202512,ok,407836.0,623.0,2026-09-20T21:02:41.592366+00:00
4321006,RS,202512,ok,79388.0,128.0,2026-09-20T21:02:42.205844+00:00
4321105,RS,202512,ok,563359.0,844.0,2026-09-20T21:02:42.819921+00:00
4321204,RS,202512,ok,1225848.0,1816.0,2026-09-20T21:02:43.434360+00:00
4321303,RS,202512,ok,1039768.0,1503.0,2026-09-20T21:02:44.047624+00:00
4321329,RS,202512,ok,50753.0,76.0,2026-09-20T21:02:44.661210+00:00
4321352,RS,202512,ok,225914.0,325.0,2026-09-20T21:02:45.291786+00:00
4321402,RS,202512,ok,945067.0,1345.0,2026-09-20T21:02:45.920185+00:00
4321436,RS,202512,ok,466215.0,699.0,2026-09-20T21:02:46.522717+00:00
4321451,RS,202512,ok,318141.0,505.0,2026-09-20T21:02:47.142588+00:00
4321469,RS,202512,ok,29395.0,47.0,2026-09-20T21:02:47.767165+00:00
4321477,RS,202512,ok,103120.0,143.0,2026-09-20T21:02:48.385146+00:00
4321493,RS,202512,ok,85630.0,126.0,2026-09-20T21:02:49.004105+00:00
4321501,RS,202512,ok,1475779.0,2165.0,2026-09-20T21:02:49.635726+00:00
4321600,RS,202512,ok,2470442.0,3486.0,2026-09-20T21:02:50.249449+00:00
4321626,RS,202512,ok,4152.0,7.0,2026-09-20T21:02:50.864015+00:00
4321634,RS,202512,ok,5815.0,8.0,2026-09-20T21:02:51.471980+00:00
4321667,RS,202512,ok,146055.0,222.0,2026-09-20T21:02:52.533610+00:00
4321709,RS,202512,ok,320183.0,469.0,2026-09-20T21:02:53.139811+00:00
4321808,RS,202512,ok,565894.0,868.0,2026-09-20T21:02:53.763787+00:00
4321832,RS,202512,ok,155730.0,231.0,2026-09-20T21:02:54.420753+00:00
4321857,RS,202512,ok,219233.0,302.0,2026-09-20T21:02:55.059536+00:00
4321907,RS,202512,ok,715497.0,1040.0,2026-09-20T21:02:55.695145+00:00
4321956,RS,202512,ok,142376.0,219.0,2026-09-20T21:02:56.332679+00:00
4322004,RS,202512,ok,1191350.0,1700.0,2026-09-20T21:02:56.956177+00:00
4322103,RS,202512,ok,105685.0,158.0,2026-09-20T21:02:57.563175+00:00
4322152,RS,202512,ok,195018.0,291.0,2026-09-20T21:02:58.174785+00:00
4322186,RS,202512,ok,29250.0,46.0,2026-09-20T21:02:58.781974+00:00
4322202,RS,202512,ok,1313550.0,1877.0,2026-09-20T21:02:59.568403+00:00
4322251,RS,202512,ok,34551.0,56.0,2026-09-20T21:03:00.200837+00:00
4322301,RS,202512,ok,108573.0,163.0,2026-09-20T21:03:00.810489+00:00
4322327,RS,202512,ok,92563.0,146.0,2026-09-20T21:03:01.427023+00:00
4322343,RS,202512,ok,36864.0,57.0,2026-09-20T21:03:02.067116+00:00
4322350,RS,202512,ok,11152.0,18.0,2026-09-20T21:03:02.727728+00:00
4322376,RS,202512,ok,136180.0,204.0,2026-09-20T21:03:03.356646+00:00
4322400,RS,202512,ok,5226008.0,7522.0,2026-09-20T21:03:03.991526+00:00
4322509,RS,202512,ok,2454981.0,3478.0,2026-09-20T21:03:04.627095+00:00
4322525,RS,202512,ok,109252.0,166.0,2026-09-20T21:03:05.238224+00:00
4322533,RS,202512,ok,323439.0,503.0,2026-09-20T21:03:05.852438+00:00
4322541,RS,202512,ok,25427.0,39.0,2026-09-20T21:03:06.466927+00:00
4322558,RS,202512,ok,17013.0,28.0,2026-09-20T21:03:07.077635+00:00
4322608,RS,202512,ok,1768453.0,2599.0,2026-09-20T21:03:07.686942+00:00
4322707,RS,202512,ok,797823.0,1233.0,2026-09-20T21:03:08.299411+00:00
4322806,RS,202512,ok,92977.0,152.0,2026-09-20T21:03:08.914343+00:00
4322855,RS,202512,ok,6302.0,8.0,2026-09-20T21:03:09.594934+00:00
4322905,RS,202512,ok,74223.0,108.0,2026-09-20T21:03:10.219928+00:00
4323002,RS,202512,ok,10992026.0,15869.0,2026-09-20T21:03:10.869334+00:00
4323101,RS,202512,ok,357362.0,534.0,2026-09-20T21:03:11.491049+00:00
4323200,RS,202512,ok,23079.0,33.0,2026-09-20T21:03:12.126096+00:00
4323309,RS,202512,ok,16685.0,24.0,2026-09-20T21:03:12.773428+00:00
4323358,RS,202512,ok,8802.0,15.0,2026-09-20T21:03:13.389063+00:00
4323408,RS,202512,ok,42497.0,60.0,2026-09-20T21:03:14.001109+00:00
4323457,RS,202512,ok,491093.0,747.0,2026-09-20T21:03:14.615356+00:00
4323507,RS,202512,ok,50875.0,77.0,2026-09-20T21:03:15.230486+00:00
4323606,RS,202512,ok,12520.0,19.0,2026-09-20T21:03:15.858727+00:00
4323705,RS,202512,ok,63449.0,99.0,2026-09-20T21:03:16.464556+00:00
4323754,RS,202512,ok,121634.0,186.0,2026-09-20T21:03:17.076646+00:00
4323770,RS,202512,ok,10672.0,17.0,2026-09-20T21:03:17.686381+00:00
4323804,RS,202512,ok,446385.0,655.0,2026-09-20T21:03:18.334117+00:00
5000203,MS,202512,ok,961977.0,1376.0,2026-09-20T21:03:18.973344+00:00
5000252,MS,202512,ok,273950.0,403.0,2026-09-20T21:03:19.625102+00:00
5000609,MS,202512,ok,3727390.0,5434.0,2026-09-20T21:03:20.244240+00:00
5000708,MS,202512,ok,1337565.0,1983.0,2026-09-20T21:03:20.873647+00:00
5000807,MS,202512,ok,358485.0,518.0,2026-09-20T21:03:21.503410+00:00
5000856,MS,202512,ok,551388.0,775.0,2026-09-20T21:03:22.114808+00:00
5000906,MS,202512,ok,520152.0,748.0,2026-09-20T21:03:22.730404+00:00
5001003,MS,202512,ok,1165182.0,1727.0,2026-09-20T21:03:23.353649+00:00
5001102,MS,202512,ok,3587743.0,5056.0,2026-09-20T21:03:23.990770+00:00
5001243,MS,202512,ok,984796.0,1423.0,2026-09-20T21:03:25.057496+00:00
5001508,MS,202512,ok,498371.0,702.0,2026-09-20T21:03:25.671603+00:00
5001904,MS,202512,ok,1011841.0,1531.0,2026-09-20T21:03:26.285508+00:00
5002001,MS,202512,ok,614814.0,884.0,2026-09-20T21:03:26.915458+00:00
5002100,MS,202512,ok,1784485.0,2541.0,2026-09-20T21:03:27.551798+00:00
5002159,MS,202512,ok,452232.0,639.0,2026-09-20T21:03:28.179651+00:00
5002209,MS,202512,ok,1094499.0,1567.0,2026-09-20T21:03:28.817258+00:00
5002308,MS,202512,ok,663858.0,969.0,2026-09-20T21:03:29.454656+00:00
5002407,MS,202512,ok,1055575.0,1591.0,2026-09-20T21:03:30.069855+00:00
5002605,MS,202512,ok,765058.0,1111.0,2026-09-20T21:03:30.682710+00:00
5002704,MS,202512,ok,31902039.0,45348.0,2026-09-20T21:03:31.291754+00:00
5002803,MS,202512,ok,362841.0,565.0,2026-09-20T21:03:31.904768+00:00
5002902,MS,202512,ok,642744.0,969.0,2026-09-20T21:03:32.517245+00:00
5002951,MS,202512,ok,956108.0,1444.0,2026-09-20T21:03:33.124643+00:00
5003108,MS,202512,ok,190765.0,285.0,2026-09-20T21:03:33.735274+00:00
5003157,MS,202512,ok,2372802.0,3329.0,2026-09-20T21:03:34.350115+00:00
5003207,MS,202512,ok,6498751.0,8863.0,2026-09-20T21:03:34.990893+00:00
5003256,MS,202512,ok,1732545.0,2466.0,2026-09-20T21:03:35.624005+00:00
5003306,MS,202512,ok,1727175.0,2500.0,2026-09-20T21:03:36.251714+00:00
5003454,MS,202512,ok,464760.0,697.0,2026-09-20T21:03:36.888497+00:00
5003488,MS,202512,ok,922298.0,1302.0,2026-09-20T21:03:37.530064+00:00
5003504,MS,202512,ok,281183.0,413.0,2026-09-20T21:03:38.143491+00:00
5003702,MS,202512,ok,8657235.0,12126.0,2026-09-20T21:03:38.763605+00:00
5003751,MS,202512,ok,483315.0,711.0,2026-09-20T21:03:39.383047+00:00
5003801,MS,202512,ok,621101.0,949.0,2026-09-20T21:03:39.990349+00:00
5003900,MS,202512,ok,182629.0,266.0,2026-09-20T21:03:40.606425+00:00
5004007,MS,202512,ok,345440.0,531.0,2026-09-20T21:03:41.225730+00:00
5004106,MS,202512,ok,571856.0,842.0,2026-09-20T21:03:41.859775+00:00
5004304,MS,202512,ok,551947.0,857.0,2026-09-20T21:03:42.473832+00:00
5004403,MS,202512,ok,261988.0,376.0,2026-09-20T21:03:43.108343+00:00
5004502,MS,202512,ok,446809.0,617.0,2026-09-20T21:03:43.766874+00:00
5004601,MS,202512,ok,516834.0,837.0,2026-09-20T21:03:44.406293+00:00
5004700,MS,202512,ok,657190.0,1029.0,2026-09-20T21:03:45.049593+00:00
5004809,MS,202512,ok,1072187.0,1467.0,2026-09-20T21:03:45.685734+00:00
5004908,MS,202512,ok,234758.0,332.0,2026-09-20T21:03:46.310241+00:00
5005004,MS,202512,ok,911953.0,1243.0,2026-09-20T21:03:46.934493+00:00
5005103,MS,202512,ok,206514.0,293.0,2026-09-20T21:03:47.545215+00:00
5005152,MS,202512,ok,476504.0,684.0,2026-09-20T21:03:48.158057+00:00
5005202,MS,202512,ok,1348906.0,1821.0,2026-09-20T21:03:48.787808+00:00
5005251,MS,202512,ok,406410.0,584.0,2026-09-20T21:03:49.402054+00:00
5005400,MS,202512,ok,1228830.0,1676.0,2026-09-20T21:03:50.016361+00:00
5005608,MS,202512,ok,2769086.0,3777.0,2026-09-20T21:03:50.620401+00:00
5005681,MS,202512,ok,1159113.0,1664.0,2026-09-20T21:03:51.252698+00:00
5005707,MS,202512,ok,2330142.0,3525.0,2026-09-20T21:03:51.874313+00:00
5005806,MS,202512,ok,903675.0,1338.0,2026-09-20T21:03:52.504031+00:00
5006002,MS,202512,ok,925691.0,1349.0,2026-09-20T21:03:53.140138+00:00
5006200,MS,202512,ok,2193319.0,3248.0,2026-09-20T21:03:53.760529+00:00
5006259,MS,202512,ok,142937.0,208.0,2026-09-20T21:03:54.388465+00:00
5006275,MS,202512,ok,120254.0,201.0,2026-09-20T21:03:54.996980+00:00
5006309,MS,202512,ok,1427776.0,2144.0,2026-09-20T21:03:55.614499+00:00
5006358,MS,202512,ok,1522959.0,1890.0,2026-09-20T21:03:56.227669+00:00
5006408,MS,202512,ok,551396.0,796.0,2026-09-20T21:03:56.874598+00:00
5006606,MS,202512,ok,6043834.0,8466.0,2026-09-20T21:03:57.935904+00:00
5006903,MS,202512,ok,950930.0,1341.0,2026-09-20T21:03:58.548389+00:00
5007109,MS,202512,ok,721876.0,1084.0,2026-09-20T21:03:59.161505+00:00
5007208,MS,202512,ok,1179555.0,1728.0,2026-09-20T21:03:59.801202+00:00
5007307,MS,202512,ok,207102.0,311.0,2026-09-20T21:04:00.460605+00:00
5007406,MS,202512,ok,1207168.0,1707.0,2026-09-20T21:04:01.104667+00:00
5007505,MS,202512,ok,301587.0,439.0,2026-09-20T21:04:01.740846+00:00
5007554,MS,202512,ok,216011.0,321.0,2026-09-20T21:04:02.447424+00:00
5007695,MS,202512,ok,803565.0,1175.0,2026-09-20T21:04:03.062684+00:00
5007703,MS,202512,ok,397174.0,546.0,2026-09-20T21:04:03.718545+00:00
5007802,MS,202512,ok,233146.0,350.0,2026-09-20T21:04:04.331410+00:00
5007901,MS,202512,ok,2279860.0,3329.0,2026-09-20T21:04:04.948571+00:00
5007935,MS,202512,ok,589448.0,856.0,2026-09-20T21:04:05.552981+00:00
5007950,MS,202512,ok,985168.0,1448.0,2026-09-20T21:04:06.160726+00:00
5007976,MS,202512,ok,211982.0,299.0,2026-09-20T21:04:06.770636+00:00
5008008,MS,202512,ok,792111.0,1127.0,2026-09-20T21:04:07.395798+00:00
5008305,MS,202512,ok,4690315.0,6933.0,2026-09-20T21:04:08.036107+00:00
5008404,MS,202512,ok,289235.0,429.0,2026-09-20T21:04:08.672960+00:00
5100102,MT,202512,ok,500016.0,718.0,2026-09-20T21:04:09.404735+00:00
5100201,MT,202512,ok,436258.0,637.0,2026-09-20T21:04:10.044163+00:00
5100250,MT,202512,ok,2350473.0,3426.0,2026-09-20T21:04:10.675731+00:00
5100300,MT,202512,ok,574376.0,820.0,2026-09-20T21:04:11.288383+00:00
5100359,MT,202512,ok,338690.0,440.0,2026-09-20T21:04:11.901475+00:00
5100409,MT,202512,ok,641915.0,941.0,2026-09-20T21:04:12.526270+00:00
5100508,MT,202512,ok,635699.0,940.0,2026-09-20T21:04:13.136619+00:00
5100607,MT,202512,ok,324013.0,467.0,2026-09-20T21:04:13.750316+00:00
5100805,MT,202512,ok,398502.0,572.0,2026-09-20T21:04:14.364937+00:00
5101001,MT,202512,ok,174188.0,249.0,2026-09-20T21:04:14.982780+00:00
5101209,MT,202512,ok,74050.0,107.0,2026-09-20T21:04:15.597884+00:00
5101258,MT,202512,ok,416797.0,659.0,2026-09-20T21:04:16.247614+00:00
5101308,MT,202512,ok,456028.0,648.0,2026-09-20T21:04:16.887705+00:00
5101407,MT,202512,ok,1067912.0,1497.0,2026-09-20T21:04:17.520946+00:00
5101605,MT,202512,ok,898101.0,1305.0,2026-09-20T21:04:18.198728+00:00
5101704,MT,202512,ok,1532632.0,2201.0,2026-09-20T21:04:18.872295+00:00
5101803,MT,202512,ok,3780728.0,5318.0,2026-09-20T21:04:19.475199+00:00
5101837,MT,202512,ok,55951.0,77.0,2026-09-20T21:04:20.087552+00:00
5101852,MT,202512,ok,487297.0,675.0,2026-09-20T21:04:20.697957+00:00
5101902,MT,202512,ok,583841.0,779.0,2026-09-20T21:04:21.307504+00:00
5102504,MT,202512,ok,4795013.0,6863.0,2026-09-20T21:04:21.919071+00:00
5102603,MT,202512,ok,1585791.0,1729.0,2026-09-20T21:05:23.848444+00:00
5102637,MT,202512,ok,612989.0,933.0,2026-09-20T21:05:24.474102+00:00
5102678,MT,202512,ok,975203.0,1482.0,2026-09-20T21:05:25.101428+00:00
5102686,MT,202512,ok,159691.0,246.0,2026-09-20T21:05:25.717696+00:00
5102694,MT,202512,ok,256244.0,357.0,2026-09-20T21:05:26.335332+00:00
5102702,MT,202512,ok,730981.0,997.0,2026-09-20T21:05:26.942568+00:00
5102793,MT,202512,ok,265282.0,415.0,2026-09-20T21:05:27.556306+00:00
5102850,MT,202512,ok,325375.0,461.0,2026-09-20T21:05:28.170437+00:00
5103007,MT,202512,ok,1433345.0,2050.0,2026-09-20T21:05:28.790123+00:00
5103056,MT,202512,ok,528453.0,740.0,2026-09-20T21:05:29.408840+00:00
5103106,MT,202512,ok,326666.0,482.0,2026-09-20T21:05:30.025625+00:00
5103205,MT,202512,ok,742005.0,1167.0,2026-09-20T21:05:30.650905+00:00
5103254,MT,202512,ok,964836.0,1446.0,2026-09-20T21:05:31.318581+00:00
5103304,MT,202512,ok,1214413.0,1665.0,2026-09-20T21:05:31.943855+00:00
5103353,MT,202512,ok,1765133.0,2474.0,2026-09-20T21:05:32.567414+00:00
5103361,MT,202512,ok,167936.0,229.0,2026-09-20T21:05:33.188707+00:00
5103379,MT,202512,ok,486577.0,684.0,2026-09-20T21:05:33.801042+00:00
5103403,MT,202512,ok,24793367.0,35445.0,2026-09-20T21:05:34.415877+00:00
5103437,MT,202512,ok,312991.0,447.0,2026-09-20T21:05:35.028558+00:00
5103452,MT,202512,ok,408052.0,581.0,2026-09-20T21:05:36.092984+00:00
5103502,MT,202512,ok,582337.0,846.0,2026-09-20T21:05:36.706441+00:00
5103601,MT,202512,ok,499210.0,700.0,2026-09-20T21:05:37.317286+00:00
5103700,MT,202512,ok,872017.0,1157.0,2026-09-20T21:05:37.932648+00:00
5103809,MT,202512,ok,130351.0,186.0,2026-09-20T21:05:38.582169+00:00
5103858,MT,202512,ok,823918.0,1093.0,2026-09-20T21:05:39.209737+00:00
5103908,MT,202512,ok,576507.0,762.0,2026-09-20T21:05:39.834815+00:00
5103957,MT,202512,ok,195389.0,288.0,2026-09-20T21:05:40.475747+00:00
5104104,MT,202512,ok,2001710.0,2831.0,2026-09-20T21:05:41.103020+00:00
5104203,MT,202512,ok,764262.0,1130.0,2026-09-20T21:05:41.720817+00:00
5104500,MT,202512,ok,100775.0,151.0,2026-09-20T21:05:42.317235+00:00
5104526,MT,202512,ok,469949.0,641.0,2026-09-20T21:05:42.930035+00:00
5104542,MT,202512,ok,371834.0,515.0,2026-09-20T21:05:43.544112+00:00
5104559,MT,202512,ok,254117.0,374.0,2026-09-20T21:05:44.160985+00:00
5104609,MT,202512,ok,504257.0,749.0,2026-09-20T21:05:44.775395+00:00
5104807,MT,202512,ok,1164677.0,1701.0,2026-09-20T21:05:45.399725+00:00
5104906,MT,202512,ok,658139.0,954.0,2026-09-20T21:05:46.020068+00:00
5105002,MT,202512,ok,260997.0,371.0,2026-09-20T21:05:46.630181+00:00
5105101,MT,202512,ok,1189385.0,1627.0,2026-09-20T21:05:47.248105+00:00
5105150,MT,202512,ok,1449939.0,2112.0,2026-09-20T21:05:47.872507+00:00
5105176,MT,202512,ok,589136.0,849.0,2026-09-20T21:05:48.491402+00:00
5105200,MT,202512,ok,420974.0,600.0,2026-09-20T21:05:49.115131+00:00
5105234,MT,202512,ok,292080.0,420.0,2026-09-20T21:05:49.732270+00:00
5105259,MT,202512,ok,2233117.0,3298.0,2026-09-20T21:05:50.353649+00:00
5105309,MT,202512,ok,263326.0,371.0,2026-09-20T21:05:50.961074+00:00
5105507,MT,202512,ok,974421.0,1343.0,2026-09-20T21:05:51.576498+00:00
5105580,MT,202512,ok,723796.0,1002.0,2026-09-20T21:05:52.186491+00:00
5105606,MT,202512,ok,364117.0,549.0,2026-09-20T21:05:52.796665+00:00
5105622,MT,202512,ok,1381683.0,2080.0,2026-09-20T21:05:53.480303+00:00
5105903,MT,202512,ok,1040098.0,1498.0,2026-09-20T21:05:54.097391+00:00
5106000,MT,202512,ok,274238.0,415.0,2026-09-20T21:05:54.715682+00:00
5106109,MT,202512,ok,808261.0,1161.0,2026-09-20T21:05:55.330705+00:00
5106158,MT,202512,ok,635610.0,1021.0,2026-09-20T21:05:55.959303+00:00
5106174,MT,202512,ok,597446.0,753.0,2026-09-20T21:05:56.595048+00:00
5106182,MT,202512,ok,442803.0,613.0,2026-09-20T21:05:57.219707+00:00
5106190,MT,202512,ok,106545.0,150.0,2026-09-20T21:05:57.843925+00:00
5106208,MT,202512,ok,175674.0,248.0,2026-09-20T21:05:58.467535+00:00
5106216,MT,202512,ok,233453.0,400.0,2026-09-20T21:05:59.082880+00:00
5106224,MT,202512,ok,884042.0,1304.0,2026-09-20T21:05:59.690613+00:00
5106232,MT,202512,ok,708836.0,990.0,2026-09-20T21:06:00.304998+00:00
5106240,MT,202512,ok,161447.0,237.0,2026-09-20T21:06:00.916325+00:00
5106257,MT,202512,ok,830455.0,1250.0,2026-09-20T21:06:01.532927+00:00
5106265,MT,202512,ok,373803.0,566.0,2026-09-20T21:06:02.148516+00:00
5106273,MT,202512,ok,144525.0,204.0,2026-09-20T21:06:02.771894+00:00
5106281,MT,202512,ok,345832.0,497.0,2026-09-20T21:06:03.396397+00:00
5106299,MT,202512,ok,367840.0,551.0,2026-09-20T21:06:04.021134+00:00
5106307,MT,202512,ok,960154.0,1248.0,2026-09-20T21:06:04.643024+00:00
5106315,MT,202512,ok,192750.0,277.0,2026-09-20T21:06:05.265599+00:00
5106372,MT,202512,ok,813901.0,1226.0,2026-09-20T21:06:05.886513+00:00
5106422,MT,202512,ok,2284275.0,3174.0,2026-09-20T21:06:06.500711+00:00
5106455,MT,202512,ok,229405.0,337.0,2026-09-20T21:06:07.113778+00:00
5106505,MT,202512,ok,2800114.0,3800.0,2026-09-20T21:06:07.727828+00:00
5106653,MT,202512,ok,297956.0,435.0,2026-09-20T21:06:08.820165+00:00
5106703,MT,202512,ok,135221.0,187.0,2026-09-20T21:06:09.433046+00:00
5106752,MT,202512,ok,1307622.0,1905.0,2026-09-20T21:06:10.047061+00:00
5106778,MT,202512,ok,792249.0,1098.0,2026-09-20T21:06:10.667895+00:00
5106802,MT,202512,ok,134592.0,192.0,2026-09-20T21:06:11.292943+00:00
5106828,MT,202512,ok,613281.0,888.0,2026-09-20T21:06:11.919041+00:00
5106851,MT,202512,ok,195760.0,279.0,2026-09-20T21:06:12.540559+00:00
5107008,MT,202512,ok,1041368.0,1493.0,2026-09-20T21:06:13.162488+00:00
5107040,MT,202512,ok,2192263.0,3300.0,2026-09-20T21:06:13.792243+00:00
5107065,MT,202512,ok,1393463.0,1889.0,2026-09-20T21:06:14.416350+00:00
5107107,MT,202512,ok,590663.0,893.0,2026-09-20T21:06:15.038590+00:00
5107156,MT,202512,ok,125759.0,190.0,2026-09-20T21:06:15.651391+00:00
5107180,MT,202512,ok,720721.0,933.0,2026-09-20T21:06:16.269371+00:00
5107198,MT,202512,ok,111471.0,163.0,2026-09-20T21:06:16.879783+00:00
5107206,MT,202512,ok,193532.0,293.0,2026-09-20T21:06:17.493428+00:00
5107248,MT,202512,ok,229229.0,328.0,2026-09-20T21:06:18.112897+00:00
5107263,MT,202512,ok,197941.0,281.0,2026-09-20T21:06:18.733954+00:00
5107297,MT,202512,ok,66043.0,101.0,2026-09-20T21:06:19.345399+00:00
5107305,MT,202512,ok,728950.0,1114.0,2026-09-20T21:06:19.965433+00:00
5107354,MT,202512,ok,579022.0,772.0,2026-09-20T21:06:20.586394+00:00
5107404,MT,202512,ok,267580.0,379.0,2026-09-20T21:06:21.207055+00:00
5107578,MT,202512,ok,147530.0,195.0,2026-09-20T21:06:21.823341+00:00
5107602,MT,202512,ok,7482775.0,10985.0,2026-09-20T21:06:22.443021+00:00
5107701,MT,202512,ok,1376502.0,2031.0,2026-09-20T21:06:23.064731+00:00
5107743,MT,202512,ok,159009.0,222.0,2026-09-20T21:06:23.708184+00:00
5107750,MT,202512,ok,102227.0,141.0,2026-09-20T21:06:24.318477+00:00
5107768,MT,202512,ok,182904.0,259.0,2026-09-20T21:06:24.932979+00:00
5107776,MT,202512,ok,507585.0,724.0,2026-09-20T21:06:25.544271+00:00
5107792,MT,202512,ok,274306.0,352.0,2026-09-20T21:06:26.156332+00:00
5107800,MT,202512,ok,1192278.0,1676.0,2026-09-20T21:06:26.780239+00:00
5107859,MT,202512,ok,531359.0,734.0,2026-09-20T21:06:27.403742+00:00
5107875,MT,202512,ok,709893.0,1084.0,2026-09-20T21:06:28.018472+00:00
5107883,MT,202512,ok,114365.0,163.0,2026-09-20T21:06:28.644514+00:00
5107909,MT,202512,ok,2784949.0,4386.0,2026-09-20T21:06:29.264629+00:00
5107925,MT,202512,ok,2959426.0,4454.0,2026-09-20T21:06:29.877675+00:00
5107941,MT,202512,ok,255456.0,372.0,2026-09-20T21:06:30.498907+00:00
5107958,MT,202512,ok,2935355.0,4285.0,2026-09-20T21:06:31.116995+00:00
5108006,MT,202512,ok,356462.0,529.0,2026-09-20T21:06:31.727937+00:00
5108055,MT,202512,ok,382201.0,549.0,2026-09-20T21:06:32.335411+00:00
5108105,MT,202512,ok,201159.0,282.0,2026-09-20T21:06:32.954218+00:00
5108204,MT,202512,ok,201614.0,307.0,2026-09-20T21:06:33.571558+00:00
5108303,MT,202512,ok,322542.0,457.0,2026-09-20T21:06:34.180673+00:00
5108352,MT,202512,ok,138033.0,203.0,2026-09-20T21:06:34.790436+00:00
5108402,MT,202512,ok,16083587.0,22431.0,2026-09-20T21:06:35.416959+00:00
5108501,MT,202512,ok,399491.0,526.0,2026-09-20T21:06:36.034519+00:00
5108600,MT,202512,ok,780186.0,1123.0,2026-09-20T21:06:36.646709+00:00
5108808,MT,202512,ok,175798.0,268.0,2026-09-20T21:06:37.264630+00:00
5108857,MT,202512,ok,121024.0,175.0,2026-09-20T21:06:37.886622+00:00
5108907,MT,202512,ok,230589.0,320.0,2026-09-20T21:06:38.535002+00:00
5108956,MT,202512,ok,470808.0,689.0,2026-09-20T21:06:39.156181+00:00
5200050,GO,202512,ok,1723837.0,2393.0,2026-09-20T21:06:39.774650+00:00
5200100,GO,202512,ok,874612.0,1261.0,2026-09-20T21:06:40.385319+00:00
5200134,GO,202512,ok,734046.0,1130.0,2026-09-20T21:06:41.446368+00:00
5200159,GO,202512,ok,107028.0,163.0,2026-09-20T21:06:42.059067+00:00
5200175,GO,202512,ok,289620.0,431.0,2026-09-20T21:06:42.674068+00:00
5200209,GO,202512,ok,154362.0,234.0,2026-09-20T21:06:43.291773+00:00
5200258,GO,202512,ok,15516432.0,21862.0,2026-09-20T21:06:43.912522+00:00
5200308,GO,202512,ok,2374552.0,3315.0,2026-09-20T21:06:44.534242+00:00
5200506,GO,202512,ok,80764.0,121.0,2026-09-20T21:06:45.160756+00:00
5200555,GO,202512,ok,351228.0,509.0,2026-09-20T21:06:45.785210+00:00
5200605,GO,202512,ok,614694.0,872.0,2026-09-20T21:06:46.406810+00:00
5200803,GO,202512,ok,565669.0,849.0,2026-09-20T21:06:47.044190+00:00
5200829,GO,202512,ok,224984.0,344.0,2026-09-20T21:06:47.665029+00:00
5200852,GO,202512,ok,258510.0,387.0,2026-09-20T21:06:48.277629+00:00
5200902,GO,202512,ok,200400.0,291.0,2026-09-20T21:06:48.870854+00:00
5201108,GO,202512,ok,6754529.0,10073.0,2026-09-20T21:06:49.481317+00:00
5201207,GO,202512,ok,46823.0,70.0,2026-09-20T21:06:50.100624+00:00
5201306,GO,202512,ok,911122.0,1416.0,2026-09-20T21:06:50.727751+00:00
5201405,GO,202512,ok,13798219.0,20108.0,2026-09-20T21:06:51.345773+00:00
5201454,GO,202512,ok,100700.0,160.0,2026-09-20T21:06:51.958869+00:00
5201504,GO,202512,ok,204069.0,286.0,2026-09-20T21:06:52.581508+00:00
5201603,GO,202512,ok,228581.0,339.0,2026-09-20T21:06:53.253140+00:00
5201702,GO,202512,ok,1139777.0,1687.0,2026-09-20T21:06:53.874536+00:00
5201801,GO,202512,ok,1215774.0,1756.0,2026-09-20T21:06:54.494459+00:00
5202155,GO,202512,ok,540721.0,807.0,2026-09-20T21:06:55.115812+00:00
5202353,GO,202512,ok,207151.0,315.0,2026-09-20T21:06:55.734563+00:00
5202502,GO,202512,ok,375823.0,592.0,2026-09-20T21:06:56.349780+00:00
5202601,GO,202512,ok,128071.0,199.0,2026-09-20T21:06:56.976632+00:00
5202809,GO,202512,ok,204785.0,310.0,2026-09-20T21:06:57.589088+00:00
5203104,GO,202512,ok,258974.0,384.0,2026-09-20T21:06:58.227816+00:00
5203203,GO,202512,ok,588008.0,839.0,2026-09-20T21:06:58.825928+00:00
5203302,GO,202512,ok,1991152.0,2831.0,2026-09-20T21:06:59.446928+00:00
5203401,GO,202512,ok,555951.0,828.0,2026-09-20T21:07:00.070748+00:00
5203500,GO,202512,ok,866051.0,1229.0,2026-09-20T21:07:00.683459+00:00
5203559,GO,202512,ok,535035.0,769.0,2026-09-20T21:07:01.304185+00:00
5203575,GO,202512,ok,312896.0,451.0,2026-09-20T21:07:01.937333+00:00
5203609,GO,202512,ok,211778.0,331.0,2026-09-20T21:07:02.554780+00:00
5203807,GO,202512,ok,245437.0,372.0,2026-09-20T21:07:03.169121+00:00
5203906,GO,202512,ok,236901.0,361.0,2026-09-20T21:07:03.786004+00:00
5203939,GO,202512,ok,155995.0,236.0,2026-09-20T21:07:04.402232+00:00
5203962,GO,202512,ok,310126.0,446.0,2026-09-20T21:07:05.022789+00:00
5204003,GO,202512,ok,656445.0,955.0,2026-09-20T21:07:05.633281+00:00
5204102,GO,202512,ok,478783.0,703.0,2026-09-20T21:07:06.248865+00:00
5204201,GO,202512,ok,119229.0,172.0,2026-09-20T21:07:06.865377+00:00
5204250,GO,202512,ok,282900.0,428.0,2026-09-20T21:07:07.483737+00:00
5204300,GO,202512,ok,391374.0,569.0,2026-09-20T21:07:08.131894+00:00
5204409,GO,202512,ok,458347.0,685.0,2026-09-20T21:07:08.751591+00:00
5204508,GO,202512,ok,3094756.0,4601.0,2026-09-20T21:07:09.367961+00:00
5204557,GO,202512,ok,196287.0,284.0,2026-09-20T21:07:09.987889+00:00
5204607,GO,202512,ok,283918.0,424.0,2026-09-20T21:07:10.611565+00:00
5204656,GO,202512,ok,332407.0,489.0,2026-09-20T21:07:11.230165+00:00
5204706,GO,202512,ok,848397.0,1246.0,2026-09-20T21:07:11.848006+00:00
5204805,GO,202512,ok,332746.0,465.0,2026-09-20T21:07:12.462002+00:00
5204854,GO,202512,ok,811092.0,1121.0,2026-09-20T21:07:13.081830+00:00
5204904,GO,202512,ok,1671430.0,2406.0,2026-09-20T21:07:14.167679+00:00
5204953,GO,202512,ok,550711.0,827.0,2026-09-20T21:07:14.777616+00:00
5205000,GO,202512,ok,539083.0,808.0,2026-09-20T21:07:15.387652+00:00
5205059,GO,202512,ok,293465.0,446.0,2026-09-20T21:07:16.012955+00:00
5205109,GO,202512,ok,3078049.0,4395.0,2026-09-20T21:07:16.631479+00:00
5205208,GO,202512,ok,463838.0,688.0,2026-09-20T21:07:17.250546+00:00
5205307,GO,202512,ok,945869.0,1321.0,2026-09-20T21:07:17.874079+00:00
5205406,GO,202512,ok,576867.0,899.0,2026-09-20T21:07:18.492245+00:00
5205455,GO,202512,ok,369581.0,565.0,2026-09-20T21:07:19.114219+00:00
5205471,GO,202512,ok,470566.0,673.0,2026-09-20T21:07:19.752124+00:00
5205497,GO,202512,ok,6402193.0,9350.0,2026-09-20T21:07:20.380598+00:00
5205513,GO,202512,ok,1956992.0,2845.0,2026-09-20T21:07:20.997588+00:00
5205521,GO,202512,ok,362879.0,509.0,2026-09-20T21:07:21.614667+00:00
5205703,GO,202512,ok,132307.0,196.0,2026-09-20T21:07:22.227532+00:00
5205802,GO,202512,ok,695730.0,1024.0,2026-09-20T21:07:22.839442+00:00
5205901,GO,202512,ok,381831.0,544.0,2026-09-20T21:07:23.468918+00:00
5206206,GO,202512,ok,3687137.0,5154.0,2026-09-20T21:07:24.088541+00:00
5206305,GO,202512,ok,283813.0,396.0,2026-09-20T21:07:24.693122+00:00
5206404,GO,202512,ok,555514.0,853.0,2026-09-20T21:07:25.312027+00:00
5206503,GO,202512,ok,301941.0,450.0,2026-09-20T21:07:25.927890+00:00
5206602,GO,202512,ok,107700.0,153.0,2026-09-20T21:07:26.546566+00:00
5206701,GO,202512,ok,368633.0,549.0,2026-09-20T21:07:27.156125+00:00
5206800,GO,202512,ok,249891.0,360.0,2026-09-20T21:07:27.779039+00:00
5206909,GO,202512,ok,107930.0,162.0,2026-09-20T21:07:28.396503+00:00
5207105,GO,202512,ok,86953.0,135.0,2026-09-20T21:07:29.010191+00:00
5207253,GO,202512,ok,373994.0,546.0,2026-09-20T21:08:30.971521+00:00
5207352,GO,202512,ok,232225.0,342.0,2026-09-20T21:08:31.588066+00:00
5207402,GO,202512,ok,562846.0,832.0,2026-09-20T21:08:32.200168+00:00
5207501,GO,202512,ok,218408.0,317.0,2026-09-20T21:08:32.816546+00:00
5207535,GO,202512,ok,413432.0,617.0,2026-09-20T21:08:33.436673+00:00
5207600,GO,202512,ok,478709.0,736.0,2026-09-20T21:08:34.048318+00:00
5207808,GO,202512,ok,425712.0,636.0,2026-09-20T21:08:34.665584+00:00
5207907,GO,202512,ok,966300.0,1410.0,2026-09-20T21:08:35.281435+00:00
5208004,GO,202512,ok,6255564.0,9069.0,2026-09-20T21:08:35.898589+00:00
5208103,GO,202512,ok,330456.0,479.0,2026-09-20T21:08:36.512281+00:00
5208152,GO,202512,ok,146505.0,218.0,2026-09-20T21:08:37.127352+00:00
5208301,GO,202512,ok,608164.0,896.0,2026-09-20T21:08:37.743231+00:00
5208400,GO,202512,ok,1031451.0,1470.0,2026-09-20T21:08:38.361159+00:00
5208509,GO,202512,ok,188541.0,278.0,2026-09-20T21:08:38.977205+00:00
5208608,GO,202512,ok,2483299.0,3873.0,2026-09-20T21:08:39.593057+00:00
5208707,GO,202512,ok,43210932.0,63992.0,2026-09-20T21:08:40.210655+00:00
5208806,GO,202512,ok,3578994.0,5133.0,2026-09-20T21:08:40.832548+00:00
5208905,GO,202512,ok,1178492.0,1795.0,2026-09-20T21:08:41.449213+00:00
5209101,GO,202512,ok,926060.0,1402.0,2026-09-20T21:08:42.065007+00:00
5209150,GO,202512,ok,253331.0,356.0,2026-09-20T21:08:42.683148+00:00
5209200,GO,202512,ok,1683419.0,2374.0,2026-09-20T21:08:43.293113+00:00
5209291,GO,202512,ok,163005.0,256.0,2026-09-20T21:08:43.910085+00:00
5209408,GO,202512,ok,353598.0,531.0,2026-09-20T21:08:44.524126+00:00
5209457,GO,202512,ok,109710.0,180.0,2026-09-20T21:08:45.152507+00:00
5209606,GO,202512,ok,388756.0,579.0,2026-09-20T21:08:45.770285+00:00
5209705,GO,202512,ok,1498295.0,2119.0,2026-09-20T21:08:46.389447+00:00
5209804,GO,202512,ok,195129.0,289.0,2026-09-20T21:08:47.039610+00:00
5209903,GO,202512,ok,1299043.0,1845.0,2026-09-20T21:08:47.649524+00:00
5209937,GO,202512,ok,235047.0,351.0,2026-09-20T21:08:48.264964+00:00
5209952,GO,202512,ok,643006.0,937.0,2026-09-20T21:08:48.882383+00:00
5210000,GO,202512,ok,2198209.0,3240.0,2026-09-20T21:08:49.502957+00:00
5210109,GO,202512,ok,1290618.0,1949.0,2026-09-20T21:08:50.120310+00:00
5210158,GO,202512,ok,191801.0,293.0,2026-09-20T21:08:50.772651+00:00
5210208,GO,202512,ok,1026855.0,1525.0,2026-09-20T21:08:51.389792+00:00
5210307,GO,202512,ok,181435.0,288.0,2026-09-20T21:08:52.517641+00:00
5210406,GO,202512,ok,2186809.0,3317.0,2026-09-20T21:08:53.128231+00:00
5210562,GO,202512,ok,245571.0,371.0,2026-09-20T21:08:53.759565+00:00
5210604,GO,202512,ok,253433.0,375.0,2026-09-20T21:08:54.385277+00:00
5210802,GO,202512,ok,153915.0,244.0,2026-09-20T21:08:55.012695+00:00
5210901,GO,202512,ok,564378.0,824.0,2026-09-20T21:08:55.631634+00:00
5211008,GO,202512,ok,528161.0,794.0,2026-09-20T21:08:56.262246+00:00
5211206,GO,202512,ok,1174766.0,1871.0,2026-09-20T21:08:56.885090+00:00
5211305,GO,202512,ok,261443.0,377.0,2026-09-20T21:08:57.513182+00:00
5211404,GO,202512,ok,420164.0,602.0,2026-09-20T21:08:58.136822+00:00
5211503,GO,202512,ok,3439872.0,4940.0,2026-09-20T21:08:58.755150+00:00
5211602,GO,202512,ok,178259.0,266.0,2026-09-20T21:08:59.404441+00:00
5211701,GO,202512,ok,193629.0,307.0,2026-09-20T21:09:00.021199+00:00
5211800,GO,202512,ok,2725029.0,3986.0,2026-09-20T21:09:00.692924+00:00
5211909,GO,202512,ok,2838266.0,4169.0,2026-09-20T21:09:01.305967+00:00
5212006,GO,202512,ok,167065.0,258.0,2026-09-20T21:09:01.921417+00:00
5212055,GO,202512,ok,212001.0,320.0,2026-09-20T21:09:02.539621+00:00
5212105,GO,202512,ok,145010.0,224.0,2026-09-20T21:09:03.155184+00:00
5212204,GO,202512,ok,1047678.0,1583.0,2026-09-20T21:09:03.773629+00:00
5212253,GO,202512,ok,163510.0,239.0,2026-09-20T21:09:04.380853+00:00
5212303,GO,202512,ok,627650.0,907.0,2026-09-20T21:09:04.994965+00:00
5212501,GO,202512,ok,13896370.0,19476.0,2026-09-20T21:09:05.607529+00:00
5212600,GO,202512,ok,182027.0,278.0,2026-09-20T21:09:06.222843+00:00
5212709,GO,202512,ok,873157.0,1267.0,2026-09-20T21:09:06.834663+00:00
5212808,GO,202512,ok,617123.0,923.0,2026-09-20T21:09:07.481316+00:00
5212907,GO,202512,ok,127893.0,177.0,2026-09-20T21:09:08.097388+00:00
5212956,GO,202512,ok,366584.0,555.0,2026-09-20T21:09:08.703626+00:00
5213004,GO,202512,ok,525718.0,781.0,2026-09-20T21:09:09.313957+00:00
5213053,GO,202512,ok,205854.0,303.0,2026-09-20T21:09:09.927762+00:00
5213087,GO,202512,ok,1206847.0,1846.0,2026-09-20T21:09:10.543145+00:00
5213103,GO,202512,ok,2442825.0,3657.0,2026-09-20T21:09:11.154563+00:00
5213400,GO,202512,ok,87851.0,132.0,2026-09-20T21:09:11.774780+00:00
5213509,GO,202512,ok,910733.0,1273.0,2026-09-20T21:09:12.391132+00:00
5213707,GO,202512,ok,270548.0,409.0,2026-09-20T21:09:13.041056+00:00
5213756,GO,202512,ok,409875.0,614.0,2026-09-20T21:09:13.656542+00:00
5213772,GO,202512,ok,416775.0,601.0,2026-09-20T21:09:14.268980+00:00
5213806,GO,202512,ok,834366.0,1333.0,2026-09-20T21:09:14.884864+00:00
5213855,GO,202512,ok,201864.0,305.0,2026-09-20T21:09:15.521537+00:00
5213905,GO,202512,ok,152837.0,251.0,2026-09-20T21:09:16.134422+00:00
5214002,GO,202512,ok,1029536.0,1472.0,2026-09-20T21:09:16.750572+00:00
5214051,GO,202512,ok,302344.0,462.0,2026-09-20T21:09:17.369496+00:00
5214101,GO,202512,ok,294090.0,424.0,2026-09-20T21:09:17.988991+00:00
5214408,GO,202512,ok,406847.0,599.0,2026-09-20T21:09:18.611946+00:00
5214507,GO,202512,ok,1580143.0,2264.0,2026-09-20T21:09:19.224472+00:00
5214606,GO,202512,ok,1346613.0,2167.0,2026-09-20T21:09:19.846665+00:00
5214705,GO,202512,ok,209000.0,320.0,2026-09-20T21:09:20.461221+00:00
5214804,GO,202512,ok,89075.0,141.0,2026-09-20T21:09:21.087886+00:00
5214838,GO,202512,ok,732867.0,1055.0,2026-09-20T21:09:21.705708+00:00
5214861,GO,202512,ok,489519.0,724.0,2026-09-20T21:09:22.320423+00:00
5214879,GO,202512,ok,169662.0,250.0,2026-09-20T21:09:22.940200+00:00
5214903,GO,202512,ok,268608.0,406.0,2026-09-20T21:09:23.568294+00:00
5215009,GO,202512,ok,650353.0,973.0,2026-09-20T21:09:24.190704+00:00
5215207,GO,202512,ok,247523.0,372.0,2026-09-20T21:09:25.305859+00:00
5215231,GO,202512,ok,5732907.0,8020.0,2026-09-20T21:09:25.918189+00:00
5215256,GO,202512,ok,318472.0,470.0,2026-09-20T21:09:26.549617+00:00
5215306,GO,202512,ok,434404.0,637.0,2026-09-20T21:09:27.162687+00:00
5215405,GO,202512,ok,217761.0,310.0,2026-09-20T21:09:27.779317+00:00
5215504,GO,202512,ok,234372.0,337.0,2026-09-20T21:09:28.409430+00:00
5215603,GO,202512,ok,1832010.0,2629.0,2026-09-20T21:09:29.027812+00:00
5215652,GO,202512,ok,159029.0,238.0,2026-09-20T21:09:29.639199+00:00
5215702,GO,202512,ok,1071076.0,1510.0,2026-09-20T21:09:30.283063+00:00
5215801,GO,202512,ok,108553.0,158.0,2026-09-20T21:09:30.896610+00:00
5215900,GO,202512,ok,222025.0,341.0,2026-09-20T21:09:31.513072+00:00
5216007,GO,202512,ok,118874.0,181.0,2026-09-20T21:09:32.129308+00:00
5216304,GO,202512,ok,330222.0,491.0,2026-09-20T21:09:32.745878+00:00
5216403,GO,202512,ok,392567.0,616.0,2026-09-20T21:09:33.366225+00:00
5216452,GO,202512,ok,85842.0,144.0,2026-09-20T21:09:33.989044+00:00
5216809,GO,202512,ok,451495.0,678.0,2026-09-20T21:09:34.607071+00:00
5216908,GO,202512,ok,155982.0,228.0,2026-09-20T21:09:35.224017+00:00
5217104,GO,202512,ok,966070.0,1424.0,2026-09-20T21:09:35.841610+00:00
5217203,GO,202512,ok,501185.0,762.0,2026-09-20T21:09:36.451154+00:00
5217302,GO,202512,ok,913391.0,1404.0,2026-09-20T21:09:37.068076+00:00
5217401,GO,202512,ok,1267882.0,1858.0,2026-09-20T21:09:37.701529+00:00
5217609,GO,202512,ok,7217706.0,10145.0,2026-09-20T21:09:38.323091+00:00
5217708,GO,202512,ok,497960.0,808.0,2026-09-20T21:09:38.936064+00:00
5218003,GO,202512,ok,1885341.0,2843.0,2026-09-20T21:09:39.571347+00:00
5218052,GO,202512,ok,212051.0,329.0,2026-09-20T21:09:40.184467+00:00
5218102,GO,202512,ok,234941.0,337.0,2026-09-20T21:09:40.799937+00:00
5218300,GO,202512,ok,2464990.0,3500.0,2026-09-20T21:09:41.419654+00:00
5218391,GO,202512,ok,227922.0,347.0,2026-09-20T21:09:42.033163+00:00
5218508,GO,202512,ok,1157132.0,1786.0,2026-09-20T21:09:42.644897+00:00
5218607,GO,202512,ok,402807.0,597.0,2026-09-20T21:09:43.259673+00:00
5218706,GO,202512,ok,197650.0,281.0,2026-09-20T21:09:43.879841+00:00
5218789,GO,202512,ok,183876.0,281.0,2026-09-20T21:09:44.494014+00:00
5218805,GO,202512,ok,7064030.0,10619.0,2026-09-20T21:09:45.136438+00:00
5218904,GO,202512,ok,621571.0,950.0,2026-09-20T21:09:45.752691+00:00
5219001,GO,202512,ok,282249.0,434.0,2026-09-20T21:09:46.367390+00:00
5219100,GO,202512,ok,346638.0,498.0,2026-09-20T21:09:46.985879+00:00
5219209,GO,202512,ok,153213.0,237.0,2026-09-20T21:09:47.597771+00:00
5219258,GO,202512,ok,234855.0,343.0,2026-09-20T21:09:48.218066+00:00
5219308,GO,202512,ok,1514247.0,2154.0,2026-09-20T21:09:48.827858+00:00
5219357,GO,202512,ok,255378.0,379.0,2026-09-20T21:09:49.443103+00:00
5219407,GO,202512,ok,341801.0,503.0,2026-09-20T21:09:50.072275+00:00
5219456,GO,202512,ok,171048.0,251.0,2026-09-20T21:09:50.697242+00:00
5219506,GO,202512,ok,163189.0,255.0,2026-09-20T21:09:51.316106+00:00
5219605,GO,202512,ok,177873.0,265.0,2026-09-20T21:09:51.932050+00:00
5219704,GO,202512,ok,758957.0,1167.0,2026-09-20T21:09:52.554498+00:00
5219712,GO,202512,ok,116324.0,181.0,2026-09-20T21:09:53.181803+00:00
5219738,GO,202512,ok,480010.0,711.0,2026-09-20T21:09:53.799584+00:00
5219753,GO,202512,ok,5122414.0,7461.0,2026-09-20T21:09:54.442479+00:00
5219803,GO,202512,ok,820287.0,1192.0,2026-09-20T21:09:55.054136+00:00
5219902,GO,202512,ok,492147.0,699.0,2026-09-20T21:09:55.674502+00:00
5220009,GO,202512,ok,845452.0,1232.0,2026-09-20T21:09:56.305262+00:00
5220058,GO,202512,ok,89096.0,131.0,2026-09-20T21:09:56.939074+00:00
5220108,GO,202512,ok,1157200.0,1754.0,2026-09-20T21:09:58.117759+00:00
5220157,GO,202512,ok,401461.0,570.0,2026-09-20T21:09:58.749439+00:00
5220207,GO,202512,ok,1410937.0,2151.0,2026-09-20T21:09:59.367853+00:00
5220264,GO,202512,ok,152977.0,246.0,2026-09-20T21:09:59.980619+00:00
5220280,GO,202512,ok,131474.0,192.0,2026-09-20T21:10:00.601447+00:00
5220405,GO,202512,ok,805144.0,1217.0,2026-09-20T21:10:01.225983+00:00
5220454,GO,202512,ok,6159205.0,8910.0,2026-09-20T21:10:01.836847+00:00
5220504,GO,202512,ok,322930.0,465.0,2026-09-20T21:10:02.447832+00:00
5220603,GO,202512,ok,918914.0,1331.0,2026-09-20T21:10:03.064892+00:00
5220686,GO,202512,ok,607628.0,907.0,2026-09-20T21:10:03.682751+00:00
5220702,GO,202512,ok,401463.0,575.0,2026-09-20T21:10:04.299109+00:00
5221007,GO,202512,ok,201748.0,311.0,2026-09-20T21:10:04.914124+00:00
5221080,GO,202512,ok,600331.0,874.0,2026-09-20T21:10:05.531158+00:00
5221197,GO,202512,ok,862730.0,1212.0,2026-09-20T21:10:06.140373+00:00
5221304,GO,202512,ok,161533.0,244.0,2026-09-20T21:10:06.747204+00:00
5221403,GO,202512,ok,6887213.0,10189.0,2026-09-20T21:10:07.364602+00:00
5221452,GO,202512,ok,223098.0,342.0,2026-09-20T21:10:07.973332+00:00
5221502,GO,202512,ok,177725.0,283.0,2026-09-20T21:10:08.590271+00:00
5221551,GO,202512,ok,278038.0,397.0,2026-09-20T21:10:09.201898+00:00
5221577,GO,202512,ok,246085.0,377.0,2026-09-20T21:10:09.823794+00:00
5221601,GO,202512,ok,1117949.0,1711.0,2026-09-20T21:10:10.437245+00:00
5221700,GO,202512,ok,997432.0,1479.0,2026-09-20T21:10:11.043582+00:00
5221809,GO,202512,ok,133491.0,203.0,2026-09-20T21:10:11.657266+00:00
5221858,GO,202512,ok,7017120.0,10375.0,2026-09-20T21:10:12.275159+00:00
5221908,GO,202512,ok,190564.0,281.0,2026-09-20T21:10:12.881562+00:00
5222005,GO,202512,ok,573122.0,840.0,2026-09-20T21:10:13.492940+00:00
5222054,GO,202512,ok,375229.0,584.0,2026-09-20T21:10:14.108806+00:00
5222203,GO,202512,ok,360679.0,531.0,2026-09-20T21:10:14.763191+00:00
5222302,GO,202512,ok,390013.0,582.0,2026-09-20T21:10:15.423020+00:00
5300108,DF,202512,ok,104593768.0,149889.0,2026-09-20T21:10:16.078728+00:00
